472503782846620	ル・ソレイユ	取手市	casual_eatery	has_website
103913745072292	イタリアン ポルタ フォルトゥーナ	台東区	restaurant	has_website
201997843635789	鈴木園	古河市	non_alcoholic_beverage_venue	has_website
1374849986167344	MUME	いわき市	bar	socials_only
100756348277284	元祖松坂牛ホルモン 脇田屋	高岡市	restaurant	has_website
310877842300365	Shot Bar Smoke	福岡市中央区	bar	has_website
613173992152691	やきとり家すみれ 石神井公園	練馬区	restaurant	has_website
162840497139725	Cafe Mercado	長崎市	cafe	has_website
151564248706099	きのとや 大通公園店	札幌市中央区	cafe	has_website
107218946006349	来来亭周南店	周南市	restaurant	has_website
1181066018737412	OKAGEYA	仙台市青葉区	restaurant	has_website
233797533441820	黒豚とんぷきん	都城市	restaurant	socials_only
664994360254837	Las Manos	品川区	bar	has_website
139483776150465	焼鳥 ぶらぶら	福岡市中央区	restaurant	socials_only
426515344091163	トレスカーサ粋	狭山市	restaurant	has_website
1490306354541339	和風創作ダイニング 明匠	岡崎市	restaurant	has_website
293903614023275	マクドナルド	みよし市	fast_food_restaurant	has_website
327846114687039	バロック	名古屋市守山区	coffee_shop	socials_only
100399436691512	はいから倶楽部	福岡市早良区	coffee_shop	has_website
345022506318199	Menya	大阪市北区	restaurant	socials_only
191488680889918	ゆあすたいる	上田市	bar	socials_only
259750667553440	成金饅頭 大石本家	直方市	casual_eatery	has_website
1624884924472587	東京食堂	中野区	restaurant	has_website
218825034794276	讃岐饂飩宏之輔	金沢市	restaurant	has_website
393031890776715	酒処なにわ	横浜市鶴見区	bar	socials_only
165668753567834	多ぬ喜	佐野市	restaurant	has_website
112828085440060	コクーン	延岡市	coffee_shop	socials_only
1831017563887868	えんむすび	八千代市	bar	has_website
325639531466472	味の時計台釧路木場店	釧路郡釧路町	restaurant	has_website
196795740348929	noi	渋谷区	bar	has_website
1273771349322842	水戶黃門	熊本市中央区	restaurant	socials_only
1538778876411422	ときわ	荒川区	restaurant	has_website
100533832280851	カヌレと焼き菓子専門店 Galbe	横浜市港北区	casual_eatery	has_website
105602038588260	魚河岸料理 浩然の氣	横浜市神奈川区	restaurant	socials_only
322771631209532	Indigo	目黒区	restaurant	socials_only
110145665809814	Le.31	世田谷区	cafe	has_website
510368498977777	新日本料理華	松戸市	restaurant	socials_only
1305310719565560	利子	揖斐郡揖斐川町	bar	socials_only
236229756570406	2-5 Cafe	渋谷区	cafe	has_website
234390773795723	Kanno	福島市	restaurant	has_website
292428738064789	築地銀だこ	島田市	restaurant	has_website
734452026648252	息子の酒飯 しんちゃん	名古屋市北区	bar	has_website
1783347635015089	La Commedia	小金井市	cafe	socials_only
219855054696331	ほっともっと	宮崎市	restaurant	has_website
854014681329925	京都カレー製作所 カリル	京都市中京区	restaurant	has_website
224481271071464	creativo そば	盛岡市	restaurant	has_website
124007157650798	品川寿司	大分市	restaurant	socials_only
270602779637310	かっぽれ	川西市	restaurant	socials_only
403486976393749	拉麺道場燃えろドラゴン	盛岡市	restaurant	has_website
352838334767128	ミスタードーナツ フレイン竹田ショップ	竹田市	casual_eatery	has_website
263593123656194	ビストロ三玄	福井市	restaurant	socials_only
2307592742816937	ひよこ庵	高山市	bar	has_website
447526612729891	和風料亭ゆかり屋	新潟市中央区	restaurant	socials_only
1607771896187969	味の民芸足利店	足利市	restaurant	has_website
368157969951936	Cafe Legato	大田区	cafe	has_website
107674387621836	ビストロナキータ	三浦市	restaurant	socials_only
109301020539997	あざみ庵	小牧市	coffee_shop	socials_only
277488352706353	イトウ製菓株式会社水戸第2工場	小美玉市	restaurant	socials_only
289186867812004	琉球王朝	小田原市	restaurant	socials_only
607829855930367	Genbaya	大阪市中央区	bar	socials_only
228966993817038	中華料理登喜和	新宿区	restaurant	socials_only
119698165365272	みるきーはうす	日光市	restaurant	has_website
107694370875124	ホルモン八起	枚方市	restaurant	socials_only
1922633161099286	ニューラーメンショップ	千葉市中央区	restaurant	socials_only
240683212718739	ViVi	飯塚市	restaurant	socials_only
144178372659476	中華そば煖々	仙台市若林区	restaurant	has_website
299445420079450	平安閣	大分市	restaurant	socials_only
297819017019557	ガスト 高岡あわら町店	高岡市	restaurant	has_website
166419010095666	点邑	京都市中京区	restaurant	has_website
429248783799672	満喫亭	姫路市	cafe	socials_only
1604132033250375	名物すた丼の店国立東店	国立市	restaurant	has_website
445842482285570	登龍門 なんば店	大阪市中央区	restaurant	has_website
182475812650162	大阪王将北野田駅前店	堺市東区	restaurant	has_website
268563903877357	Sumibi Yakiniku Momotei	千葉市中央区	restaurant	socials_only
102868072404221	焼肉ハッスル	佐賀市	restaurant	socials_only
203672763695136	熟成肉バル ヨッカイチウッシーナ	四日市市	bar	socials_only
208634389168980	阿蘇薬草園	阿蘇市	cafe	has_website
157123570970726	大衆割烹 寿久	福岡市博多区	restaurant	has_website
186470241377356	ほっともっと 南品川店	品川区	casual_eatery	has_website
109159378627326	ハンバーグ専門店 松屋精肉店	千代田区	restaurant	socials_only
286385778476044	Shishimaru	大阪市中央区	restaurant	socials_only
100540805191932	太平楽 茂庭店	仙台市青葉区	restaurant	socials_only
313370385732848	サン、スマイル	江戸川区	coffee_shop	socials_only
2022904181150649	Kissakan Coco	大阪市都島区	cafe	socials_only
312930359485029	夢屋	つくば市	restaurant	socials_only
709540462456959	Moet	京都市中京区	restaurant	socials_only
197901866940446	うどん工房讃岐倶楽部	桜井市	restaurant	has_website
994167390443570	Wine Stand ミラク	横浜市青葉区	bar	has_website
124873537564982	好楽園	下関市	restaurant	socials_only
1886452831624271	会員制肉割烹かつまた	渋谷区	restaurant	has_website
319959811891736	Chichi Yasu	広島市西区	casual_eatery	has_website
1107548446053736	ひさご食堂	加茂郡七宗町	restaurant	socials_only
834392970255877	和輪笑	伊豆市	cafe	has_website
184124914976664	Food Bar Saloon	名古屋市中区	restaurant	has_website
295558530877011	梅花	浜松市	restaurant	socials_only
1369859969733368	Wine & Food Spirit	鎌倉市	bar	has_website
348721075224025	お食事処 川	南アルプス市	restaurant	socials_only
401864353261295	豚舞	福岡市博多区	bar	socials_only
755332737908540	Cafe Recuerdo	熊本市中央区	coffee_shop	socials_only
522338567790259	スナック高井	富山市	bar	socials_only
342326409993186	にしだば	富士見市	bar	socials_only
