no,page_id,name,locality,category,layer,url,page,dish_photo,n_dish,identifiable,recent,note
1,472503782846620,ル・ソレイユ,取手市,casual_eatery,has_website,https://www.facebook.com/472503782846620,,,,,,
2,103913745072292,イタリアン ポルタ フォルトゥーナ,台東区,restaurant,has_website,https://www.facebook.com/103913745072292,,,,,,
3,201997843635789,鈴木園,古河市,non_alcoholic_beverage_venue,has_website,https://www.facebook.com/201997843635789,,,,,,
4,1374849986167344,MUME,いわき市,bar,socials_only,https://www.facebook.com/1374849986167344,,,,,,
5,100756348277284,元祖松坂牛ホルモン 脇田屋,高岡市,restaurant,has_website,https://www.facebook.com/100756348277284,,,,,,
6,310877842300365,Shot Bar Smoke,福岡市中央区,bar,has_website,https://www.facebook.com/310877842300365,,,,,,
7,613173992152691,やきとり家すみれ 石神井公園,練馬区,restaurant,has_website,https://www.facebook.com/613173992152691,,,,,,
8,162840497139725,Cafe Mercado,長崎市,cafe,has_website,https://www.facebook.com/162840497139725,,,,,,
9,151564248706099,きのとや 大通公園店,札幌市中央区,cafe,has_website,https://www.facebook.com/151564248706099,,,,,,
10,107218946006349,来来亭周南店,周南市,restaurant,has_website,https://www.facebook.com/107218946006349,,,,,,
11,1181066018737412,OKAGEYA,仙台市青葉区,restaurant,has_website,https://www.facebook.com/1181066018737412,,,,,,
12,233797533441820,黒豚とんぷきん,都城市,restaurant,socials_only,https://www.facebook.com/233797533441820,,,,,,
13,664994360254837,Las Manos,品川区,bar,has_website,https://www.facebook.com/664994360254837,,,,,,
14,139483776150465,焼鳥 ぶらぶら,福岡市中央区,restaurant,socials_only,https://www.facebook.com/139483776150465,,,,,,
15,426515344091163,トレスカーサ粋,狭山市,restaurant,has_website,https://www.facebook.com/426515344091163,,,,,,
16,1490306354541339,和風創作ダイニング 明匠,岡崎市,restaurant,has_website,https://www.facebook.com/1490306354541339,,,,,,
17,293903614023275,マクドナルド,みよし市,fast_food_restaurant,has_website,https://www.facebook.com/293903614023275,,,,,,
18,327846114687039,バロック,名古屋市守山区,coffee_shop,socials_only,https://www.facebook.com/327846114687039,,,,,,
19,100399436691512,はいから倶楽部,福岡市早良区,coffee_shop,has_website,https://www.facebook.com/100399436691512,,,,,,
20,345022506318199,Menya,大阪市北区,restaurant,socials_only,https://www.facebook.com/345022506318199,,,,,,
21,191488680889918,ゆあすたいる,上田市,bar,socials_only,https://www.facebook.com/191488680889918,,,,,,
22,259750667553440,成金饅頭 大石本家,直方市,casual_eatery,has_website,https://www.facebook.com/259750667553440,,,,,,
23,1624884924472587,東京食堂,中野区,restaurant,has_website,https://www.facebook.com/1624884924472587,,,,,,
24,218825034794276,讃岐饂飩宏之輔,金沢市,restaurant,has_website,https://www.facebook.com/218825034794276,,,,,,
25,393031890776715,酒処なにわ,横浜市鶴見区,bar,socials_only,https://www.facebook.com/393031890776715,,,,,,
26,165668753567834,多ぬ喜,佐野市,restaurant,has_website,https://www.facebook.com/165668753567834,,,,,,
27,112828085440060,コクーン,延岡市,coffee_shop,socials_only,https://www.facebook.com/112828085440060,,,,,,
28,1831017563887868,えんむすび,八千代市,bar,has_website,https://www.facebook.com/1831017563887868,,,,,,
29,325639531466472,味の時計台釧路木場店,釧路郡釧路町,restaurant,has_website,https://www.facebook.com/325639531466472,,,,,,
30,196795740348929,noi,渋谷区,bar,has_website,https://www.facebook.com/196795740348929,,,,,,
31,1273771349322842,水戶黃門,熊本市中央区,restaurant,socials_only,https://www.facebook.com/1273771349322842,,,,,,
32,1538778876411422,ときわ,荒川区,restaurant,has_website,https://www.facebook.com/1538778876411422,,,,,,
33,100533832280851,カヌレと焼き菓子専門店 Galbe,横浜市港北区,casual_eatery,has_website,https://www.facebook.com/100533832280851,,,,,,
34,105602038588260,魚河岸料理 浩然の氣,横浜市神奈川区,restaurant,socials_only,https://www.facebook.com/105602038588260,,,,,,
35,322771631209532,Indigo,目黒区,restaurant,socials_only,https://www.facebook.com/322771631209532,,,,,,
36,110145665809814,Le.31,世田谷区,cafe,has_website,https://www.facebook.com/110145665809814,,,,,,
37,510368498977777,新日本料理華,松戸市,restaurant,socials_only,https://www.facebook.com/510368498977777,,,,,,
38,1305310719565560,利子,揖斐郡揖斐川町,bar,socials_only,https://www.facebook.com/1305310719565560,,,,,,
39,236229756570406,2-5 Cafe,渋谷区,cafe,has_website,https://www.facebook.com/236229756570406,,,,,,
40,234390773795723,Kanno,福島市,restaurant,has_website,https://www.facebook.com/234390773795723,,,,,,
41,292428738064789,築地銀だこ,島田市,restaurant,has_website,https://www.facebook.com/292428738064789,,,,,,
42,734452026648252,息子の酒飯 しんちゃん,名古屋市北区,bar,has_website,https://www.facebook.com/734452026648252,,,,,,
43,1783347635015089,La Commedia,小金井市,cafe,socials_only,https://www.facebook.com/1783347635015089,,,,,,
44,219855054696331,ほっともっと,宮崎市,restaurant,has_website,https://www.facebook.com/219855054696331,,,,,,
45,854014681329925,京都カレー製作所 カリル,京都市中京区,restaurant,has_website,https://www.facebook.com/854014681329925,,,,,,
46,224481271071464,creativo そば,盛岡市,restaurant,has_website,https://www.facebook.com/224481271071464,,,,,,
47,124007157650798,品川寿司,大分市,restaurant,socials_only,https://www.facebook.com/124007157650798,,,,,,
48,270602779637310,かっぽれ,川西市,restaurant,socials_only,https://www.facebook.com/270602779637310,,,,,,
49,403486976393749,拉麺道場燃えろドラゴン,盛岡市,restaurant,has_website,https://www.facebook.com/403486976393749,,,,,,
50,352838334767128,ミスタードーナツ フレイン竹田ショップ,竹田市,casual_eatery,has_website,https://www.facebook.com/352838334767128,,,,,,
51,263593123656194,ビストロ三玄,福井市,restaurant,socials_only,https://www.facebook.com/263593123656194,,,,,,
52,2307592742816937,ひよこ庵,高山市,bar,has_website,https://www.facebook.com/2307592742816937,,,,,,
53,447526612729891,和風料亭ゆかり屋,新潟市中央区,restaurant,socials_only,https://www.facebook.com/447526612729891,,,,,,
54,1607771896187969,味の民芸足利店,足利市,restaurant,has_website,https://www.facebook.com/1607771896187969,,,,,,
55,368157969951936,Cafe Legato,大田区,cafe,has_website,https://www.facebook.com/368157969951936,,,,,,
56,107674387621836,ビストロナキータ,三浦市,restaurant,socials_only,https://www.facebook.com/107674387621836,,,,,,
57,109301020539997,あざみ庵,小牧市,coffee_shop,socials_only,https://www.facebook.com/109301020539997,,,,,,
58,277488352706353,イトウ製菓株式会社水戸第2工場,小美玉市,restaurant,socials_only,https://www.facebook.com/277488352706353,,,,,,
59,289186867812004,琉球王朝,小田原市,restaurant,socials_only,https://www.facebook.com/289186867812004,,,,,,
60,607829855930367,Genbaya,大阪市中央区,bar,socials_only,https://www.facebook.com/607829855930367,,,,,,
61,228966993817038,中華料理登喜和,新宿区,restaurant,socials_only,https://www.facebook.com/228966993817038,,,,,,
62,119698165365272,みるきーはうす,日光市,restaurant,has_website,https://www.facebook.com/119698165365272,,,,,,
63,107694370875124,ホルモン八起,枚方市,restaurant,socials_only,https://www.facebook.com/107694370875124,,,,,,
64,1922633161099286,ニューラーメンショップ,千葉市中央区,restaurant,socials_only,https://www.facebook.com/1922633161099286,,,,,,
65,240683212718739,ViVi,飯塚市,restaurant,socials_only,https://www.facebook.com/240683212718739,,,,,,
66,144178372659476,中華そば煖々,仙台市若林区,restaurant,has_website,https://www.facebook.com/144178372659476,,,,,,
67,299445420079450,平安閣,大分市,restaurant,socials_only,https://www.facebook.com/299445420079450,,,,,,
68,297819017019557,ガスト 高岡あわら町店,高岡市,restaurant,has_website,https://www.facebook.com/297819017019557,,,,,,
69,166419010095666,点邑,京都市中京区,restaurant,has_website,https://www.facebook.com/166419010095666,,,,,,
70,429248783799672,満喫亭,姫路市,cafe,socials_only,https://www.facebook.com/429248783799672,,,,,,
71,1604132033250375,名物すた丼の店国立東店,国立市,restaurant,has_website,https://www.facebook.com/1604132033250375,,,,,,
72,445842482285570,登龍門 なんば店,大阪市中央区,restaurant,has_website,https://www.facebook.com/445842482285570,,,,,,
73,182475812650162,大阪王将北野田駅前店,堺市東区,restaurant,has_website,https://www.facebook.com/182475812650162,,,,,,
74,268563903877357,Sumibi Yakiniku Momotei,千葉市中央区,restaurant,socials_only,https://www.facebook.com/268563903877357,,,,,,
75,102868072404221,焼肉ハッスル,佐賀市,restaurant,socials_only,https://www.facebook.com/102868072404221,,,,,,
76,203672763695136,熟成肉バル ヨッカイチウッシーナ,四日市市,bar,socials_only,https://www.facebook.com/203672763695136,,,,,,
77,208634389168980,阿蘇薬草園,阿蘇市,cafe,has_website,https://www.facebook.com/208634389168980,,,,,,
78,157123570970726,大衆割烹 寿久,福岡市博多区,restaurant,has_website,https://www.facebook.com/157123570970726,,,,,,
79,186470241377356,ほっともっと 南品川店,品川区,casual_eatery,has_website,https://www.facebook.com/186470241377356,,,,,,
80,109159378627326,ハンバーグ専門店 松屋精肉店,千代田区,restaurant,socials_only,https://www.facebook.com/109159378627326,,,,,,
81,286385778476044,Shishimaru,大阪市中央区,restaurant,socials_only,https://www.facebook.com/286385778476044,,,,,,
82,100540805191932,太平楽 茂庭店,仙台市青葉区,restaurant,socials_only,https://www.facebook.com/100540805191932,,,,,,
83,313370385732848,サン、スマイル,江戸川区,coffee_shop,socials_only,https://www.facebook.com/313370385732848,,,,,,
84,2022904181150649,Kissakan Coco,大阪市都島区,cafe,socials_only,https://www.facebook.com/2022904181150649,,,,,,
85,312930359485029,夢屋,つくば市,restaurant,socials_only,https://www.facebook.com/312930359485029,,,,,,
86,709540462456959,Moet,京都市中京区,restaurant,socials_only,https://www.facebook.com/709540462456959,,,,,,
87,197901866940446,うどん工房讃岐倶楽部,桜井市,restaurant,has_website,https://www.facebook.com/197901866940446,,,,,,
88,994167390443570,Wine Stand ミラク,横浜市青葉区,bar,has_website,https://www.facebook.com/994167390443570,,,,,,
89,124873537564982,好楽園,下関市,restaurant,socials_only,https://www.facebook.com/124873537564982,,,,,,
90,1886452831624271,会員制肉割烹かつまた,渋谷区,restaurant,has_website,https://www.facebook.com/1886452831624271,,,,,,
91,319959811891736,Chichi Yasu,広島市西区,casual_eatery,has_website,https://www.facebook.com/319959811891736,,,,,,
92,1107548446053736,ひさご食堂,加茂郡七宗町,restaurant,socials_only,https://www.facebook.com/1107548446053736,,,,,,
93,834392970255877,和輪笑,伊豆市,cafe,has_website,https://www.facebook.com/834392970255877,,,,,,
94,184124914976664,Food Bar Saloon,名古屋市中区,restaurant,has_website,https://www.facebook.com/184124914976664,,,,,,
95,295558530877011,梅花,浜松市,restaurant,socials_only,https://www.facebook.com/295558530877011,,,,,,
96,1369859969733368,Wine & Food Spirit,鎌倉市,bar,has_website,https://www.facebook.com/1369859969733368,,,,,,
97,348721075224025,お食事処 川,南アルプス市,restaurant,socials_only,https://www.facebook.com/348721075224025,,,,,,
98,401864353261295,豚舞,福岡市博多区,bar,socials_only,https://www.facebook.com/401864353261295,,,,,,
99,755332737908540,Cafe Recuerdo,熊本市中央区,coffee_shop,socials_only,https://www.facebook.com/755332737908540,,,,,,
100,522338567790259,スナック高井,富山市,bar,socials_only,https://www.facebook.com/522338567790259,,,,,,
101,342326409993186,にしだば,富士見市,bar,socials_only,https://www.facebook.com/342326409993186,,,,,,
