provider,search_keyword,search_url,scroll_index,post_url,collected_at
tiktok,焼き鳥,https://www.tiktok.com/tag/%E7%84%BC%E3%81%8D%E9%B3%A5,0,https://www.tiktok.com/@oru_gohan/video/7657856639512481045,2026-08-27T10:50:00Z
tiktok,焼き鳥,https://www.tiktok.com/tag/%E7%84%BC%E3%81%8D%E9%B3%A5,0,https://www.tiktok.com/@gensen_gurume/video/7635141040692874503,2026-08-27T10:50:00Z
tiktok,焼き鳥,https://www.tiktok.com/tag/%E7%84%BC%E3%81%8D%E9%B3%A5,0,https://www.tiktok.com/@oi_ken/video/7661452127885167893,2026-08-27T10:50:00Z
tiktok,焼き鳥,https://www.tiktok.com/tag/%E7%84%BC%E3%81%8D%E9%B3%A5,0,https://www.tiktok.com/@ren__gourmet/video/7656854752088624392,2026-08-27T10:50:00Z
tiktok,焼き鳥,https://www.tiktok.com/tag/%E7%84%BC%E3%81%8D%E9%B3%A5,0,https://www.tiktok.com/@oremeshii/video/7655176141220613384,2026-08-27T10:50:00Z
tiktok,焼き鳥,https://www.tiktok.com/tag/%E7%84%BC%E3%81%8D%E9%B3%A5,0,https://www.tiktok.com/@shinmeshi/video/7518720386515717394,2026-08-27T10:50:00Z
tiktok,焼き鳥,https://www.tiktok.com/tag/%E7%84%BC%E3%81%8D%E9%B3%A5,0,https://www.tiktok.com/@moto_gurume/video/7588462458633735445,2026-08-27T10:50:00Z
tiktok,焼き鳥,https://www.tiktok.com/tag/%E7%84%BC%E3%81%8D%E9%B3%A5,0,https://www.tiktok.com/@osaka.foodtrip/video/7557778182422711572,2026-08-27T10:50:00Z
tiktok,焼き鳥,https://www.tiktok.com/tag/%E7%84%BC%E3%81%8D%E9%B3%A5,0,https://www.tiktok.com/@nico.oven_recipe/video/7654508758135000328,2026-08-27T10:50:00Z
tiktok,焼き鳥,https://www.tiktok.com/tag/%E7%84%BC%E3%81%8D%E9%B3%A5,0,https://www.tiktok.com/@toribura/video/7676369542502714645,2026-08-27T10:50:00Z
tiktok,焼き鳥,https://www.tiktok.com/tag/%E7%84%BC%E3%81%8D%E9%B3%A5,0,https://www.tiktok.com/@yakitori_ryuho_/video/7677794365149957393,2026-08-27T10:50:00Z
tiktok,焼き鳥,https://www.tiktok.com/tag/%E7%84%BC%E3%81%8D%E9%B3%A5,0,https://www.tiktok.com/@yakitori_fujii/video/7677885386844015892,2026-08-27T10:50:00Z
tiktok,焼き鳥,https://www.tiktok.com/tag/%E7%84%BC%E3%81%8D%E9%B3%A5,0,https://www.tiktok.com/@chicken_yamazaki/video/7664056361377860871,2026-08-27T10:50:00Z
tiktok,焼き鳥,https://www.tiktok.com/tag/%E7%84%BC%E3%81%8D%E9%B3%A5,0,https://www.tiktok.com/@muu_oven_gohan/video/7661245898315402516,2026-08-27T10:50:00Z
tiktok,焼き鳥,https://www.tiktok.com/tag/%E7%84%BC%E3%81%8D%E9%B3%A5,0,https://www.tiktok.com/@kumalike/video/7632241306164612360,2026-08-27T10:50:00Z
tiktok,焼き鳥,https://www.tiktok.com/tag/%E7%84%BC%E3%81%8D%E9%B3%A5,0,https://www.tiktok.com/@toribura/video/7675630795934993684,2026-08-27T10:50:00Z
tiktok,焼き鳥,https://www.tiktok.com/tag/%E7%84%BC%E3%81%8D%E9%B3%A5,0,https://www.tiktok.com/@nishi0903/video/7677769142241381653,2026-08-27T10:50:00Z
tiktok,焼き鳥,https://www.tiktok.com/tag/%E7%84%BC%E3%81%8D%E9%B3%A5,0,https://www.tiktok.com/@mogsuke_tokyo/video/7612562996472122644,2026-08-27T10:50:00Z
tiktok,焼き鳥,https://www.tiktok.com/tag/%E7%84%BC%E3%81%8D%E9%B3%A5,0,https://www.tiktok.com/@joe.gourmetrip/video/7647466612508953876,2026-08-27T10:50:00Z
tiktok,焼き鳥,https://www.tiktok.com/tag/%E7%84%BC%E3%81%8D%E9%B3%A5,0,https://www.tiktok.com/@tititoko__ehime/video/7636262880517639444,2026-08-27T10:50:00Z
tiktok,焼き鳥,https://www.tiktok.com/tag/%E7%84%BC%E3%81%8D%E9%B3%A5,0,https://www.tiktok.com/@soro_japantravel/video/7658978217188969735,2026-08-27T10:50:00Z
tiktok,焼き鳥,https://www.tiktok.com/tag/%E7%84%BC%E3%81%8D%E9%B3%A5,0,https://www.tiktok.com/@hirameshi/video/7614028947508006152,2026-08-27T10:50:00Z
tiktok,焼き鳥,https://www.tiktok.com/tag/%E7%84%BC%E3%81%8D%E9%B3%A5,0,https://www.tiktok.com/@uta_osaka_/video/7591052515387411730,2026-08-27T10:50:00Z
tiktok,焼き鳥,https://www.tiktok.com/tag/%E7%84%BC%E3%81%8D%E9%B3%A5,0,https://www.tiktok.com/@hidegourmet/video/7634460897511034133,2026-08-27T10:50:00Z
tiktok,焼き鳥,https://www.tiktok.com/tag/%E7%84%BC%E3%81%8D%E9%B3%A5,0,https://www.tiktok.com/@fukuikazushi/video/7653048605745368327,2026-08-27T10:50:00Z
tiktok,焼き鳥,https://www.tiktok.com/tag/%E7%84%BC%E3%81%8D%E9%B3%A5,0,https://www.tiktok.com/@_umaimon_gourmet/video/7642705964273028359,2026-08-27T10:50:00Z
tiktok,焼き鳥,https://www.tiktok.com/tag/%E7%84%BC%E3%81%8D%E9%B3%A5,0,https://www.tiktok.com/@kenji_gourmet_1987/video/7678083483721321749,2026-08-27T10:50:00Z
tiktok,焼き鳥,https://www.tiktok.com/tag/%E7%84%BC%E3%81%8D%E9%B3%A5,0,https://www.tiktok.com/@fukuikazushi/video/7641909292760714514,2026-08-27T10:50:00Z
tiktok,焼き鳥,https://www.tiktok.com/tag/%E7%84%BC%E3%81%8D%E9%B3%A5,0,https://www.tiktok.com/@kotori.kurashi_/video/7587758794080357652,2026-08-27T10:50:00Z
tiktok,焼き鳥,https://www.tiktok.com/tag/%E7%84%BC%E3%81%8D%E9%B3%A5,0,https://www.tiktok.com/@wata_fukuoka_gourmet/video/7666729848424992021,2026-08-27T10:50:00Z
tiktok,焼き鳥,https://www.tiktok.com/tag/%E7%84%BC%E3%81%8D%E9%B3%A5,0,https://www.tiktok.com/@chiko12_gourmet_tiktok/video/7487214216827391238,2026-08-27T10:50:00Z
tiktok,焼き鳥,https://www.tiktok.com/tag/%E7%84%BC%E3%81%8D%E9%B3%A5,0,https://www.tiktok.com/@osaka_gourmet/video/7208483153529359618,2026-08-27T10:50:00Z
tiktok,焼き鳥,https://www.tiktok.com/tag/%E7%84%BC%E3%81%8D%E9%B3%A5,0,https://www.tiktok.com/@yakitori.uchida/video/7522748625617685767,2026-08-27T10:50:00Z
tiktok,焼き鳥,https://www.tiktok.com/tag/%E7%84%BC%E3%81%8D%E9%B3%A5,0,https://www.tiktok.com/@higakiyakitori/video/7597048461137104148,2026-08-27T10:50:00Z
tiktok,焼き鳥,https://www.tiktok.com/tag/%E7%84%BC%E3%81%8D%E9%B3%A5,0,https://www.tiktok.com/@fun.eats4/video/7646720699809221908,2026-08-27T10:50:00Z
tiktok,焼き鳥,https://www.tiktok.com/tag/%E7%84%BC%E3%81%8D%E9%B3%A5,0,https://www.tiktok.com/@uzami_chan_/video/7583706959740767506,2026-08-27T10:50:00Z
tiktok,焼き鳥,https://www.tiktok.com/tag/%E7%84%BC%E3%81%8D%E9%B3%A5,0,https://www.tiktok.com/@yakitori_ryuho_/video/7595439371789110529,2026-08-27T10:50:00Z
tiktok,焼き鳥,https://www.tiktok.com/tag/%E7%84%BC%E3%81%8D%E9%B3%A5,0,https://www.tiktok.com/@user1294392961536/video/7507626640105606418,2026-08-27T10:50:00Z
tiktok,焼き鳥,https://www.tiktok.com/tag/%E7%84%BC%E3%81%8D%E9%B3%A5,0,https://www.tiktok.com/@okglh3/video/7660334235802422549,2026-08-27T10:50:00Z
tiktok,焼き鳥,https://www.tiktok.com/tag/%E7%84%BC%E3%81%8D%E9%B3%A5,0,https://www.tiktok.com/@user4qnntocb7b/video/7561376015465909522,2026-08-27T10:50:00Z
tiktok,焼き鳥,https://www.tiktok.com/tag/%E7%84%BC%E3%81%8D%E9%B3%A5,0,https://www.tiktok.com/@yugen4194/video/7678401611223289108,2026-08-27T10:50:00Z
tiktok,焼き鳥,https://www.tiktok.com/tag/%E7%84%BC%E3%81%8D%E9%B3%A5,0,https://www.tiktok.com/@sennari0618/video/7672730532475669778,2026-08-27T10:50:00Z
tiktok,焼き鳥,https://www.tiktok.com/tag/%E7%84%BC%E3%81%8D%E9%B3%A5,0,https://www.tiktok.com/@rannmaru0608/video/7613897987143503111,2026-08-27T10:50:00Z
tiktok,焼き鳥,https://www.tiktok.com/tag/%E7%84%BC%E3%81%8D%E9%B3%A5,0,https://www.tiktok.com/@tatsupiko1109/video/7650810158783679764,2026-08-27T10:50:00Z
tiktok,焼き鳥,https://www.tiktok.com/tag/%E7%84%BC%E3%81%8D%E9%B3%A5,0,https://www.tiktok.com/@mana_manager/video/7634165705901952263,2026-08-27T10:50:00Z
tiktok,焼き鳥,https://www.tiktok.com/tag/%E7%84%BC%E3%81%8D%E9%B3%A5,0,https://www.tiktok.com/@a07m1u2/video/7362181195188210952,2026-08-27T10:50:00Z
tiktok,焼き鳥,https://www.tiktok.com/tag/%E7%84%BC%E3%81%8D%E9%B3%A5,0,https://www.tiktok.com/@tyan__tya04/video/7678294979420097799,2026-08-27T10:50:00Z
tiktok,焼き鳥,https://www.tiktok.com/tag/%E7%84%BC%E3%81%8D%E9%B3%A5,0,https://www.tiktok.com/@chinpouko_jp/video/7667369756814740756,2026-08-27T10:50:00Z
tiktok,焼き鳥,https://www.tiktok.com/tag/%E7%84%BC%E3%81%8D%E9%B3%A5,0,https://www.tiktok.com/@lovndxz/video/7678421197473860884,2026-08-27T10:50:00Z
tiktok,焼き鳥,https://www.tiktok.com/tag/%E7%84%BC%E3%81%8D%E9%B3%A5,0,https://www.tiktok.com/@modelgohan/video/7516469409154632978,2026-08-27T10:50:00Z
tiktok,焼き鳥,https://www.tiktok.com/tag/%E7%84%BC%E3%81%8D%E9%B3%A5,1,https://www.tiktok.com/@rannmaru0608/video/7634681964745837831,2026-08-27T10:50:00Z
tiktok,焼き鳥,https://www.tiktok.com/tag/%E7%84%BC%E3%81%8D%E9%B3%A5,1,https://www.tiktok.com/@rannmaru0608/video/7615562189616745735,2026-08-27T10:50:00Z
tiktok,焼き鳥,https://www.tiktok.com/tag/%E7%84%BC%E3%81%8D%E9%B3%A5,1,https://www.tiktok.com/@tokyo_best_restaurants/video/7678084188880440584,2026-08-27T10:50:00Z
tiktok,焼き鳥,https://www.tiktok.com/tag/%E7%84%BC%E3%81%8D%E9%B3%A5,1,https://www.tiktok.com/@miyuasmr/video/7127201910494383361,2026-08-27T10:50:00Z
tiktok,焼き鳥,https://www.tiktok.com/tag/%E7%84%BC%E3%81%8D%E9%B3%A5,1,https://www.tiktok.com/@user3882101511960/video/7676103634320477448,2026-08-27T10:50:00Z
tiktok,焼き鳥,https://www.tiktok.com/tag/%E7%84%BC%E3%81%8D%E9%B3%A5,1,https://www.tiktok.com/@noa.tktk/video/7370292146320051473,2026-08-27T10:50:00Z
tiktok,焼き鳥,https://www.tiktok.com/tag/%E7%84%BC%E3%81%8D%E9%B3%A5,1,https://www.tiktok.com/@waraiya_shijo/video/7656326809868356865,2026-08-27T10:50:00Z
tiktok,焼き鳥,https://www.tiktok.com/tag/%E7%84%BC%E3%81%8D%E9%B3%A5,1,https://www.tiktok.com/@user68610816161532/video/7541291458989526280,2026-08-27T10:50:00Z
tiktok,焼き鳥,https://www.tiktok.com/tag/%E7%84%BC%E3%81%8D%E9%B3%A5,1,https://www.tiktok.com/@higakiyakitori/video/7015902900471794945,2026-08-27T10:50:00Z
tiktok,焼き鳥,https://www.tiktok.com/tag/%E7%84%BC%E3%81%8D%E9%B3%A5,1,https://www.tiktok.com/@panmusu/video/7648939396263152917,2026-08-27T10:50:00Z
tiktok,焼き鳥,https://www.tiktok.com/tag/%E7%84%BC%E3%81%8D%E9%B3%A5,1,https://www.tiktok.com/@ebitabetaino/video/7495316838146952456,2026-08-27T10:50:00Z
tiktok,焼き鳥,https://www.tiktok.com/tag/%E7%84%BC%E3%81%8D%E9%B3%A5,1,https://www.tiktok.com/@fukuikazushi/video/7672697532006386951,2026-08-27T10:50:00Z
tiktok,焼き鳥,https://www.tiktok.com/tag/%E7%84%BC%E3%81%8D%E9%B3%A5,1,https://www.tiktok.com/@kuidaorejirou.osaka/video/7651929002633874709,2026-08-27T10:50:00Z
tiktok,焼き鳥,https://www.tiktok.com/tag/%E7%84%BC%E3%81%8D%E9%B3%A5,1,https://www.tiktok.com/@kuwadori/video/7647461523132124423,2026-08-27T10:50:00Z
tiktok,焼き鳥,https://www.tiktok.com/tag/%E7%84%BC%E3%81%8D%E9%B3%A5,1,https://www.tiktok.com/@gokurakuchou_shouwachou/video/7637891965790539029,2026-08-27T10:50:00Z
tiktok,焼き鳥,https://www.tiktok.com/tag/%E7%84%BC%E3%81%8D%E9%B3%A5,1,https://www.tiktok.com/@hiroshima_nicegourme/video/7636709444260236551,2026-08-27T10:50:00Z
tiktok,焼き鳥,https://www.tiktok.com/tag/%E7%84%BC%E3%81%8D%E9%B3%A5,1,https://www.tiktok.com/@tiktok.sayaka/video/7658067080121470229,2026-08-27T10:50:00Z
tiktok,焼き鳥,https://www.tiktok.com/tag/%E7%84%BC%E3%81%8D%E9%B3%A5,1,https://www.tiktok.com/@toribura/video/7672226238437543189,2026-08-27T10:50:00Z
tiktok,焼き鳥,https://www.tiktok.com/tag/%E7%84%BC%E3%81%8D%E9%B3%A5,1,https://www.tiktok.com/@hideka_cooking/video/7654501531030441236,2026-08-27T10:50:00Z
tiktok,焼き鳥,https://www.tiktok.com/tag/%E7%84%BC%E3%81%8D%E9%B3%A5,1,https://www.tiktok.com/@yakitori_ootori/video/7636604591978630407,2026-08-27T10:50:00Z
tiktok,焼き鳥,https://www.tiktok.com/tag/%E7%84%BC%E3%81%8D%E9%B3%A5,1,https://www.tiktok.com/@oliveoil_wo_hitomawashi/video/7219972566679620865,2026-08-27T10:50:00Z
tiktok,焼き鳥,https://www.tiktok.com/tag/%E7%84%BC%E3%81%8D%E9%B3%A5,1,https://www.tiktok.com/@yakitoritouji/video/7624139240217021697,2026-08-27T10:50:00Z
tiktok,焼き鳥,https://www.tiktok.com/tag/%E7%84%BC%E3%81%8D%E9%B3%A5,1,https://www.tiktok.com/@harahachibunme3/video/7543946144565529873,2026-08-27T10:50:00Z
tiktok,焼き鳥,https://www.tiktok.com/tag/%E7%84%BC%E3%81%8D%E9%B3%A5,1,https://www.tiktok.com/@dsebaji/video/7678485063926844693,2026-08-27T10:50:00Z
tiktok,焼き鳥,https://www.tiktok.com/tag/%E7%84%BC%E3%81%8D%E9%B3%A5,2,https://www.tiktok.com/@duonghoan_gngon1992/video/7512417921935887638,2026-08-27T10:50:00Z
tiktok,焼き鳥,https://www.tiktok.com/tag/%E7%84%BC%E3%81%8D%E9%B3%A5,2,https://www.tiktok.com/@kusimonya/video/7678296580545416455,2026-08-27T10:50:00Z
tiktok,焼き鳥,https://www.tiktok.com/tag/%E7%84%BC%E3%81%8D%E9%B3%A5,2,https://www.tiktok.com/@chiba_grumet_p/video/7671992485568154898,2026-08-27T10:50:00Z
tiktok,焼き鳥,https://www.tiktok.com/tag/%E7%84%BC%E3%81%8D%E9%B3%A5,2,https://www.tiktok.com/@oreuma.kiroku/video/7675352579785674002,2026-08-27T10:50:00Z
tiktok,焼き鳥,https://www.tiktok.com/tag/%E7%84%BC%E3%81%8D%E9%B3%A5,2,https://www.tiktok.com/@zonzon.cn/video/7643020424078462228,2026-08-27T10:50:00Z
tiktok,焼き鳥,https://www.tiktok.com/tag/%E7%84%BC%E3%81%8D%E9%B3%A5,2,https://www.tiktok.com/@ri_xw07/video/7637797672602357012,2026-08-27T10:50:00Z
tiktok,焼き鳥,https://www.tiktok.com/tag/%E7%84%BC%E3%81%8D%E9%B3%A5,2,https://www.tiktok.com/@kohyoka_gourmet/video/7673061835376987412,2026-08-27T10:50:00Z
tiktok,焼き鳥,https://www.tiktok.com/tag/%E7%84%BC%E3%81%8D%E9%B3%A5,2,https://www.tiktok.com/@koyuking09/video/7406302574426475784,2026-08-27T10:50:00Z
tiktok,焼き鳥,https://www.tiktok.com/tag/%E7%84%BC%E3%81%8D%E9%B3%A5,2,https://www.tiktok.com/@user8483495882673/video/7554417266905861398,2026-08-27T10:50:00Z
tiktok,焼き鳥,https://www.tiktok.com/tag/%E7%84%BC%E3%81%8D%E9%B3%A5,2,https://www.tiktok.com/@pochaco_pochami/video/7677180698620349703,2026-08-27T10:50:00Z
tiktok,焼き鳥,https://www.tiktok.com/tag/%E7%84%BC%E3%81%8D%E9%B3%A5,2,https://www.tiktok.com/@tokyo_sets/video/7645529854527540487,2026-08-27T10:50:00Z
tiktok,焼き鳥,https://www.tiktok.com/tag/%E7%84%BC%E3%81%8D%E9%B3%A5,2,https://www.tiktok.com/@kumac.com/video/7674158977692765458,2026-08-27T10:50:00Z
tiktok,焼き鳥,https://www.tiktok.com/tag/%E7%84%BC%E3%81%8D%E9%B3%A5,2,https://www.tiktok.com/@user412082476/video/7666381979146898689,2026-08-27T10:50:00Z
tiktok,焼き鳥,https://www.tiktok.com/tag/%E7%84%BC%E3%81%8D%E9%B3%A5,2,https://www.tiktok.com/@uzami_chan_/video/7677206158351846674,2026-08-27T10:50:00Z
tiktok,焼き鳥,https://www.tiktok.com/tag/%E7%84%BC%E3%81%8D%E9%B3%A5,2,https://www.tiktok.com/@matsuriya.sanei/video/7677410916220062984,2026-08-27T10:50:00Z
tiktok,焼き鳥,https://www.tiktok.com/tag/%E7%84%BC%E3%81%8D%E9%B3%A5,2,https://www.tiktok.com/@omausu/video/7678319234148994312,2026-08-27T10:50:00Z
tiktok,焼き鳥,https://www.tiktok.com/tag/%E7%84%BC%E3%81%8D%E9%B3%A5,2,https://www.tiktok.com/@marunnpo/video/7677118189288934674,2026-08-27T10:50:00Z
tiktok,焼き鳥,https://www.tiktok.com/tag/%E7%84%BC%E3%81%8D%E9%B3%A5,2,https://www.tiktok.com/@yakitori39oimachi/video/7674188950314978568,2026-08-27T10:50:00Z
tiktok,焼き鳥,https://www.tiktok.com/tag/%E7%84%BC%E3%81%8D%E9%B3%A5,2,https://www.tiktok.com/@maruyoshi_yakitori/video/7621586781128903956,2026-08-27T10:50:00Z
tiktok,焼き鳥,https://www.tiktok.com/tag/%E7%84%BC%E3%81%8D%E9%B3%A5,2,https://www.tiktok.com/@yoru_nagoya/video/7658950568710262024,2026-08-27T10:50:00Z
tiktok,焼き鳥,https://www.tiktok.com/tag/%E7%84%BC%E3%81%8D%E9%B3%A5,2,https://www.tiktok.com/@kogumanotabemono/video/7599230006618852624,2026-08-27T10:50:00Z
tiktok,焼き鳥,https://www.tiktok.com/tag/%E7%84%BC%E3%81%8D%E9%B3%A5,2,https://www.tiktok.com/@21__glunch/video/7673062717577579797,2026-08-27T10:50:00Z
tiktok,焼き鳥,https://www.tiktok.com/tag/%E7%84%BC%E3%81%8D%E9%B3%A5,2,https://www.tiktok.com/@smr_3baby/video/7594753054826843399,2026-08-27T10:50:00Z
tiktok,焼き鳥,https://www.tiktok.com/tag/%E7%84%BC%E3%81%8D%E9%B3%A5,2,https://www.tiktok.com/@neet_huton_meet/video/7630786490296995092,2026-08-27T10:50:00Z
tiktok,焼き鳥,https://www.tiktok.com/tag/%E7%84%BC%E3%81%8D%E9%B3%A5,2,https://www.tiktok.com/@bosszaru_rrr/video/7646753079508897025,2026-08-27T10:50:00Z
tiktok,焼き鳥,https://www.tiktok.com/tag/%E7%84%BC%E3%81%8D%E9%B3%A5,2,https://www.tiktok.com/@tan73414axg/video/7669707810069810449,2026-08-27T10:50:00Z
tiktok,焼き鳥,https://www.tiktok.com/tag/%E7%84%BC%E3%81%8D%E9%B3%A5,2,https://www.tiktok.com/@fukuya_kasai111/video/7666801823881137428,2026-08-27T10:50:00Z
tiktok,焼き鳥,https://www.tiktok.com/tag/%E7%84%BC%E3%81%8D%E9%B3%A5,2,https://www.tiktok.com/@yome_genki/video/7122391561207287042,2026-08-27T10:50:00Z
tiktok,焼き鳥,https://www.tiktok.com/tag/%E7%84%BC%E3%81%8D%E9%B3%A5,2,https://www.tiktok.com/@kushibako.nagoya/video/7676415786507865362,2026-08-27T10:50:00Z
tiktok,焼き鳥,https://www.tiktok.com/tag/%E7%84%BC%E3%81%8D%E9%B3%A5,3,https://www.tiktok.com/@kusimonya/video/7646234462862216455,2026-08-27T10:50:00Z
tiktok,焼き鳥,https://www.tiktok.com/tag/%E7%84%BC%E3%81%8D%E9%B3%A5,3,https://www.tiktok.com/@tokyomogumogugurume/video/7565037938988420372,2026-08-27T10:50:00Z
tiktok,焼き鳥,https://www.tiktok.com/tag/%E7%84%BC%E3%81%8D%E9%B3%A5,3,https://www.tiktok.com/@sugiyume_/video/7675696436851379477,2026-08-27T10:50:00Z
tiktok,焼き鳥,https://www.tiktok.com/tag/%E7%84%BC%E3%81%8D%E9%B3%A5,3,https://www.tiktok.com/@yakitori_ryuho_/video/7675238397656517889,2026-08-27T10:50:00Z
tiktok,焼き鳥,https://www.tiktok.com/tag/%E7%84%BC%E3%81%8D%E9%B3%A5,3,https://www.tiktok.com/@esshi.8.25/video/7586605331837455623,2026-08-27T10:50:00Z
tiktok,焼き鳥,https://www.tiktok.com/tag/%E7%84%BC%E3%81%8D%E9%B3%A5,3,https://www.tiktok.com/@erikojiaoi/video/7571762986331786516,2026-08-27T10:50:00Z
tiktok,焼き鳥,https://www.tiktok.com/tag/%E7%84%BC%E3%81%8D%E9%B3%A5,3,https://www.tiktok.com/@moto08160/video/7640489852512783637,2026-08-27T10:50:00Z
tiktok,焼き鳥,https://www.tiktok.com/tag/%E7%84%BC%E3%81%8D%E9%B3%A5,4,https://www.tiktok.com/@shindoi_kitchen/video/7598896542975642900,2026-08-27T10:50:00Z
tiktok,焼き鳥,https://www.tiktok.com/tag/%E7%84%BC%E3%81%8D%E9%B3%A5,4,https://www.tiktok.com/@y_ki317/video/7678502008059350279,2026-08-27T10:50:00Z
tiktok,焼き鳥,https://www.tiktok.com/tag/%E7%84%BC%E3%81%8D%E9%B3%A5,4,https://www.tiktok.com/@yoidore_gourmet/video/7660091015390334226,2026-08-27T10:50:00Z
tiktok,焼き鳥,https://www.tiktok.com/tag/%E7%84%BC%E3%81%8D%E9%B3%A5,4,https://www.tiktok.com/@jukipappafan/video/7622974907621608724,2026-08-27T10:50:00Z
tiktok,焼き鳥,https://www.tiktok.com/tag/%E7%84%BC%E3%81%8D%E9%B3%A5,4,https://www.tiktok.com/@sa_kura7630new/video/7662668028982725909,2026-08-27T10:50:00Z
tiktok,焼き鳥,https://www.tiktok.com/tag/%E7%84%BC%E3%81%8D%E9%B3%A5,4,https://www.tiktok.com/@satera_gohan/video/7449278594578173192,2026-08-27T10:50:00Z
tiktok,焼き鳥,https://www.tiktok.com/tag/%E7%84%BC%E3%81%8D%E9%B3%A5,4,https://www.tiktok.com/@ponmatsu_house/video/7312384134117100801,2026-08-27T10:50:00Z
tiktok,焼き鳥,https://www.tiktok.com/tag/%E7%84%BC%E3%81%8D%E9%B3%A5,4,https://www.tiktok.com/@yakitoriyoshi/video/7612559787762502919,2026-08-27T10:50:00Z
tiktok,焼き鳥,https://www.tiktok.com/tag/%E7%84%BC%E3%81%8D%E9%B3%A5,4,https://www.tiktok.com/@masayasan1996/video/7196213015677570305,2026-08-27T10:50:00Z
tiktok,焼き鳥,https://www.tiktok.com/tag/%E7%84%BC%E3%81%8D%E9%B3%A5,4,https://www.tiktok.com/@oredake.jp/video/7653034366599220501,2026-08-27T10:50:00Z
tiktok,焼き鳥,https://www.tiktok.com/tag/%E7%84%BC%E3%81%8D%E9%B3%A5,4,https://www.tiktok.com/@goriranobita/video/7661566976736775444,2026-08-27T10:50:00Z
tiktok,焼き鳥,https://www.tiktok.com/tag/%E7%84%BC%E3%81%8D%E9%B3%A5,4,https://www.tiktok.com/@nakajii7777/video/7672718183106743570,2026-08-27T10:50:00Z
tiktok,焼き鳥,https://www.tiktok.com/tag/%E7%84%BC%E3%81%8D%E9%B3%A5,4,https://www.tiktok.com/@asugourmet/video/7460269324150869266,2026-08-27T10:50:00Z
tiktok,焼き鳥,https://www.tiktok.com/tag/%E7%84%BC%E3%81%8D%E9%B3%A5,4,https://www.tiktok.com/@goriranobita/video/7636702688444501268,2026-08-27T10:50:00Z
tiktok,焼き鳥,https://www.tiktok.com/tag/%E7%84%BC%E3%81%8D%E9%B3%A5,4,https://www.tiktok.com/@yukarirecipe/video/7658937669631610132,2026-08-27T10:50:00Z
tiktok,焼き鳥,https://www.tiktok.com/tag/%E7%84%BC%E3%81%8D%E9%B3%A5,4,https://www.tiktok.com/@nananan2929/video/7456336836001058055,2026-08-27T10:50:00Z
tiktok,焼き鳥,https://www.tiktok.com/tag/%E7%84%BC%E3%81%8D%E9%B3%A5,4,https://www.tiktok.com/@natsu_repo/video/7589238227651939605,2026-08-27T10:50:00Z
tiktok,焼き鳥,https://www.tiktok.com/tag/%E7%84%BC%E3%81%8D%E9%B3%A5,4,https://www.tiktok.com/@laiq822/video/7656703826627513621,2026-08-27T10:50:00Z
tiktok,焼き鳥,https://www.tiktok.com/tag/%E7%84%BC%E3%81%8D%E9%B3%A5,4,https://www.tiktok.com/@otake_setsuyaku/video/7543602696029326610,2026-08-27T10:50:00Z
tiktok,焼き鳥,https://www.tiktok.com/tag/%E7%84%BC%E3%81%8D%E9%B3%A5,4,https://www.tiktok.com/@uchiyamasan7322/video/7666421692637400341,2026-08-27T10:50:00Z
tiktok,焼き鳥,https://www.tiktok.com/tag/%E7%84%BC%E3%81%8D%E9%B3%A5,4,https://www.tiktok.com/@maru10071007/video/7613569961528691988,2026-08-27T10:50:00Z
tiktok,焼き鳥,https://www.tiktok.com/tag/%E7%84%BC%E3%81%8D%E9%B3%A5,4,https://www.tiktok.com/@chikkach/video/7635422153654963474,2026-08-27T10:50:00Z
tiktok,焼き鳥,https://www.tiktok.com/tag/%E7%84%BC%E3%81%8D%E9%B3%A5,4,https://www.tiktok.com/@chikkach/video/7669754994681335058,2026-08-27T10:50:00Z
tiktok,焼き鳥,https://www.tiktok.com/tag/%E7%84%BC%E3%81%8D%E9%B3%A5,4,https://www.tiktok.com/@nagoya_mashu/video/7670085195583819015,2026-08-27T10:50:00Z
tiktok,焼き鳥,https://www.tiktok.com/tag/%E7%84%BC%E3%81%8D%E9%B3%A5,4,https://www.tiktok.com/@user3159819332716/video/7677936999822593288,2026-08-27T10:50:00Z
tiktok,焼き鳥,https://www.tiktok.com/tag/%E7%84%BC%E3%81%8D%E9%B3%A5,4,https://www.tiktok.com/@yusaku1122/video/7638455007003610386,2026-08-27T10:50:00Z
tiktok,焼き鳥,https://www.tiktok.com/tag/%E7%84%BC%E3%81%8D%E9%B3%A5,4,https://www.tiktok.com/@tokyo__date_meshi/video/7659757838905953552,2026-08-27T10:50:00Z
tiktok,焼き鳥,https://www.tiktok.com/tag/%E7%84%BC%E3%81%8D%E9%B3%A5,4,https://www.tiktok.com/@pekopeko_osaka/video/7640375806501358869,2026-08-27T10:50:00Z
tiktok,焼き鳥,https://www.tiktok.com/tag/%E7%84%BC%E3%81%8D%E9%B3%A5,4,https://www.tiktok.com/@jojimeshi/video/7672354951376555282,2026-08-27T10:50:00Z
tiktok,焼き鳥,https://www.tiktok.com/tag/%E7%84%BC%E3%81%8D%E9%B3%A5,5,https://www.tiktok.com/@ryuji_tiktok_/video/7665259407013432597,2026-08-27T10:50:00Z
tiktok,焼き鳥,https://www.tiktok.com/tag/%E7%84%BC%E3%81%8D%E9%B3%A5,5,https://www.tiktok.com/@naa..ichigochan...love/video/7674814540277665032,2026-08-27T10:50:00Z
tiktok,焼き鳥,https://www.tiktok.com/tag/%E7%84%BC%E3%81%8D%E9%B3%A5,5,https://www.tiktok.com/@rikisakutv/video/7629115694730235156,2026-08-27T10:50:00Z
tiktok,焼き鳥,https://www.tiktok.com/tag/%E7%84%BC%E3%81%8D%E9%B3%A5,5,https://www.tiktok.com/@shu._hina._/video/7627454848551619861,2026-08-27T10:50:00Z
tiktok,焼き鳥,https://www.tiktok.com/tag/%E7%84%BC%E3%81%8D%E9%B3%A5,5,https://www.tiktok.com/@boppy_tk/video/7670132396733304072,2026-08-27T10:50:00Z
tiktok,焼き鳥,https://www.tiktok.com/tag/%E7%84%BC%E3%81%8D%E9%B3%A5,5,https://www.tiktok.com/@maron_osakagourmet/video/7669793759260839188,2026-08-27T10:50:00Z
tiktok,焼き鳥,https://www.tiktok.com/tag/%E7%84%BC%E3%81%8D%E9%B3%A5,5,https://www.tiktok.com/@ichinomiya_ohgiya/video/7447769522301390087,2026-08-27T10:50:00Z
tiktok,焼き鳥,https://www.tiktok.com/tag/%E7%84%BC%E3%81%8D%E9%B3%A5,5,https://www.tiktok.com/@emoji_nnk/video/7634448708762963221,2026-08-27T10:50:00Z
tiktok,焼き鳥,https://www.tiktok.com/tag/%E7%84%BC%E3%81%8D%E9%B3%A5,5,https://www.tiktok.com/@trragg.diy/video/7618470822679678230,2026-08-27T10:50:00Z
tiktok,焼き鳥,https://www.tiktok.com/tag/%E7%84%BC%E3%81%8D%E9%B3%A5,5,https://www.tiktok.com/@take_chan0314/video/7677752677186424084,2026-08-27T10:50:00Z
tiktok,焼き鳥,https://www.tiktok.com/tag/%E7%84%BC%E3%81%8D%E9%B3%A5,5,https://www.tiktok.com/@yakitori_fujii/video/7675285661577907476,2026-08-27T10:50:00Z
tiktok,焼き鳥,https://www.tiktok.com/tag/%E7%84%BC%E3%81%8D%E9%B3%A5,5,https://www.tiktok.com/@snmymo9696/video/7505326731323051282,2026-08-27T10:50:00Z
tiktok,焼き鳥,https://www.tiktok.com/tag/%E7%84%BC%E3%81%8D%E9%B3%A5,5,https://www.tiktok.com/@pokkefufu_recipe/video/7447099284476022034,2026-08-27T10:50:00Z
tiktok,焼き鳥,https://www.tiktok.com/tag/%E7%84%BC%E3%81%8D%E9%B3%A5,5,https://www.tiktok.com/@kansaigurumemahiro/video/7667919209455750421,2026-08-27T10:50:00Z
tiktok,焼き鳥,https://www.tiktok.com/tag/%E7%84%BC%E3%81%8D%E9%B3%A5,5,https://www.tiktok.com/@mizuki_bakushoku/video/7489831684267871493,2026-08-27T10:50:00Z
tiktok,焼き鳥,https://www.tiktok.com/tag/%E7%84%BC%E3%81%8D%E9%B3%A5,5,https://www.tiktok.com/@kousei88888/video/7658232437209632018,2026-08-27T10:50:00Z
tiktok,焼き鳥,https://www.tiktok.com/tag/%E7%84%BC%E3%81%8D%E9%B3%A5,5,https://www.tiktok.com/@hbcnews/video/7676728045406866689,2026-08-27T10:50:00Z
tiktok,焼き鳥,https://www.tiktok.com/tag/%E7%84%BC%E3%81%8D%E9%B3%A5,5,https://www.tiktok.com/@user5767403055580/video/7250435135626120449,2026-08-27T10:50:00Z
tiktok,焼き鳥,https://www.tiktok.com/tag/%E7%84%BC%E3%81%8D%E9%B3%A5,5,https://www.tiktok.com/@yakitori_fujii/video/7672679672504700180,2026-08-27T10:50:00Z
instagram,焼き鳥,https://www.instagram.com/explore/search/keyword/?q=%E7%84%BC%E3%81%8D%E9%B3%A5,0,https://www.instagram.com/p/DXHDuxNifZR,2026-08-27T10:50:00Z
instagram,焼き鳥,https://www.instagram.com/explore/search/keyword/?q=%E7%84%BC%E3%81%8D%E9%B3%A5,0,https://www.instagram.com/p/DBBUFw-SptT,2026-08-27T10:50:00Z
instagram,焼き鳥,https://www.instagram.com/explore/search/keyword/?q=%E7%84%BC%E3%81%8D%E9%B3%A5,0,https://www.instagram.com/p/DT4_zjIEzGq,2026-08-27T10:50:00Z
instagram,焼き鳥,https://www.instagram.com/explore/search/keyword/?q=%E7%84%BC%E3%81%8D%E9%B3%A5,0,https://www.instagram.com/p/DXbnNqOk3nr,2026-08-27T10:50:00Z
instagram,焼き鳥,https://www.instagram.com/explore/search/keyword/?q=%E7%84%BC%E3%81%8D%E9%B3%A5,0,https://www.instagram.com/p/DZUp-66BWNX,2026-08-27T10:50:00Z
instagram,焼き鳥,https://www.instagram.com/explore/search/keyword/?q=%E7%84%BC%E3%81%8D%E9%B3%A5,0,https://www.instagram.com/p/CmvgaEHyvGr,2026-08-27T10:50:00Z
instagram,焼き鳥,https://www.instagram.com/explore/search/keyword/?q=%E7%84%BC%E3%81%8D%E9%B3%A5,0,https://www.instagram.com/p/CXqVRJCFpY9,2026-08-27T10:50:00Z
instagram,焼き鳥,https://www.instagram.com/explore/search/keyword/?q=%E7%84%BC%E3%81%8D%E9%B3%A5,0,https://www.instagram.com/p/DPLNTI7gNqY,2026-08-27T10:50:00Z
instagram,焼き鳥,https://www.instagram.com/explore/search/keyword/?q=%E7%84%BC%E3%81%8D%E9%B3%A5,0,https://www.instagram.com/p/DQT5huAEtzL,2026-08-27T10:50:00Z
instagram,焼き鳥,https://www.instagram.com/explore/search/keyword/?q=%E7%84%BC%E3%81%8D%E9%B3%A5,0,https://www.instagram.com/p/DVTCKTZETBd,2026-08-27T10:50:00Z
instagram,焼き鳥,https://www.instagram.com/explore/search/keyword/?q=%E7%84%BC%E3%81%8D%E9%B3%A5,0,https://www.instagram.com/p/Cggp7ujAL6q,2026-08-27T10:50:00Z
instagram,焼き鳥,https://www.instagram.com/explore/search/keyword/?q=%E7%84%BC%E3%81%8D%E9%B3%A5,0,https://www.instagram.com/p/DI5eWHWTlfF,2026-08-27T10:50:00Z
instagram,焼き鳥,https://www.instagram.com/explore/search/keyword/?q=%E7%84%BC%E3%81%8D%E9%B3%A5,0,https://www.instagram.com/p/Dal1au-yx7P,2026-08-27T10:50:00Z
instagram,焼き鳥,https://www.instagram.com/explore/search/keyword/?q=%E7%84%BC%E3%81%8D%E9%B3%A5,0,https://www.instagram.com/p/DVGTwiSk-eg,2026-08-27T10:50:00Z
instagram,焼き鳥,https://www.instagram.com/explore/search/keyword/?q=%E7%84%BC%E3%81%8D%E9%B3%A5,0,https://www.instagram.com/p/CksxEs-JMoU,2026-08-27T10:50:00Z
instagram,焼き鳥,https://www.instagram.com/explore/search/keyword/?q=%E7%84%BC%E3%81%8D%E9%B3%A5,0,https://www.instagram.com/p/DQtmtRdks4r,2026-08-27T10:50:00Z
instagram,焼き鳥,https://www.instagram.com/explore/search/keyword/?q=%E7%84%BC%E3%81%8D%E9%B3%A5,0,https://www.instagram.com/p/DSgruYXFctw,2026-08-27T10:50:00Z
instagram,焼き鳥,https://www.instagram.com/explore/search/keyword/?q=%E7%84%BC%E3%81%8D%E9%B3%A5,0,https://www.instagram.com/p/DaKYfSwlKc-,2026-08-27T10:50:00Z
instagram,焼き鳥,https://www.instagram.com/explore/search/keyword/?q=%E7%84%BC%E3%81%8D%E9%B3%A5,0,https://www.instagram.com/p/DQ8-7WrCUDF,2026-08-27T10:50:00Z
instagram,焼き鳥,https://www.instagram.com/explore/search/keyword/?q=%E7%84%BC%E3%81%8D%E9%B3%A5,0,https://www.instagram.com/p/Db0Eb3tGbxA,2026-08-27T10:50:00Z
instagram,焼き鳥,https://www.instagram.com/explore/search/keyword/?q=%E7%84%BC%E3%81%8D%E9%B3%A5,0,https://www.instagram.com/p/DWd-kYMj1aD,2026-08-27T10:50:00Z
instagram,焼き鳥,https://www.instagram.com/explore/search/keyword/?q=%E7%84%BC%E3%81%8D%E9%B3%A5,0,https://www.instagram.com/p/DJjKTOtzAqf,2026-08-27T10:50:00Z
instagram,焼き鳥,https://www.instagram.com/explore/search/keyword/?q=%E7%84%BC%E3%81%8D%E9%B3%A5,0,https://www.instagram.com/p/DMF8zNLTj2r,2026-08-27T10:50:00Z
instagram,焼き鳥,https://www.instagram.com/explore/search/keyword/?q=%E7%84%BC%E3%81%8D%E9%B3%A5,0,https://www.instagram.com/p/DX4HJVWGK4o,2026-08-27T10:50:00Z
instagram,焼き鳥,https://www.instagram.com/explore/search/keyword/?q=%E7%84%BC%E3%81%8D%E9%B3%A5,real-1..5,https://www.instagram.com/p/Daxt0BKFHFI,2026-08-27T10:50:00Z
instagram,焼き鳥,https://www.instagram.com/explore/search/keyword/?q=%E7%84%BC%E3%81%8D%E9%B3%A5,real-1..5,https://www.instagram.com/p/DcasVKhGbuh,2026-08-27T10:50:00Z
instagram,焼き鳥,https://www.instagram.com/explore/search/keyword/?q=%E7%84%BC%E3%81%8D%E9%B3%A5,real-1..5,https://www.instagram.com/p/DbiGAgsxe1R,2026-08-27T10:50:00Z
instagram,焼き鳥,https://www.instagram.com/explore/search/keyword/?q=%E7%84%BC%E3%81%8D%E9%B3%A5,real-1..5,https://www.instagram.com/p/Cn_hR3kgTvu,2026-08-27T10:50:00Z
instagram,焼き鳥,https://www.instagram.com/explore/search/keyword/?q=%E7%84%BC%E3%81%8D%E9%B3%A5,real-1..5,https://www.instagram.com/p/C7T-OF4S4DR,2026-08-27T10:50:00Z
instagram,焼き鳥,https://www.instagram.com/explore/search/keyword/?q=%E7%84%BC%E3%81%8D%E9%B3%A5,real-1..5,https://www.instagram.com/p/DF0u4wRTRub,2026-08-27T10:50:00Z
instagram,焼き鳥,https://www.instagram.com/explore/search/keyword/?q=%E7%84%BC%E3%81%8D%E9%B3%A5,real-1..5,https://www.instagram.com/p/BlFe2LrFOq0,2026-08-27T10:50:00Z
instagram,焼き鳥,https://www.instagram.com/explore/search/keyword/?q=%E7%84%BC%E3%81%8D%E9%B3%A5,real-1..5,https://www.instagram.com/p/DITOi43T8YS,2026-08-27T10:50:00Z
instagram,焼き鳥,https://www.instagram.com/explore/search/keyword/?q=%E7%84%BC%E3%81%8D%E9%B3%A5,real-1..5,https://www.instagram.com/p/DWQ7eFlkU9r,2026-08-27T10:50:00Z
instagram,焼き鳥,https://www.instagram.com/explore/search/keyword/?q=%E7%84%BC%E3%81%8D%E9%B3%A5,real-1..5,https://www.instagram.com/p/DbaE6PbD1KN,2026-08-27T10:50:00Z
instagram,焼き鳥,https://www.instagram.com/explore/search/keyword/?q=%E7%84%BC%E3%81%8D%E9%B3%A5,real-1..5,https://www.instagram.com/p/DSjtZl5Eg-5,2026-08-27T10:50:00Z
instagram,焼き鳥,https://www.instagram.com/explore/search/keyword/?q=%E7%84%BC%E3%81%8D%E9%B3%A5,real-1..5,https://www.instagram.com/p/DL1WlzITcy8,2026-08-27T10:50:00Z
instagram,焼き鳥,https://www.instagram.com/explore/search/keyword/?q=%E7%84%BC%E3%81%8D%E9%B3%A5,real-1..5,https://www.instagram.com/p/C80W8jXSd_o,2026-08-27T10:50:00Z
instagram,焼き鳥,https://www.instagram.com/explore/search/keyword/?q=%E7%84%BC%E3%81%8D%E9%B3%A5,real-1..5,https://www.instagram.com/p/Dcamgk3QyIS,2026-08-27T10:50:00Z
instagram,焼き鳥,https://www.instagram.com/explore/search/keyword/?q=%E7%84%BC%E3%81%8D%E9%B3%A5,real-1..5,https://www.instagram.com/p/DW6EMN8idNF,2026-08-27T10:50:00Z
instagram,焼き鳥,https://www.instagram.com/explore/search/keyword/?q=%E7%84%BC%E3%81%8D%E9%B3%A5,real-1..5,https://www.instagram.com/p/DcYkoSHySnW,2026-08-27T10:50:00Z
instagram,焼き鳥,https://www.instagram.com/explore/search/keyword/?q=%E7%84%BC%E3%81%8D%E9%B3%A5,real-1..5,https://www.instagram.com/p/DY4U1vfEzZ7,2026-08-27T10:50:00Z
instagram,焼き鳥,https://www.instagram.com/explore/search/keyword/?q=%E7%84%BC%E3%81%8D%E9%B3%A5,real-1..5,https://www.instagram.com/p/DXRP51XDwyi,2026-08-27T10:50:00Z
instagram,焼き鳥,https://www.instagram.com/explore/search/keyword/?q=%E7%84%BC%E3%81%8D%E9%B3%A5,real-1..5,https://www.instagram.com/p/DTKrQdtkufL,2026-08-27T10:50:00Z
instagram,焼き鳥,https://www.instagram.com/explore/search/keyword/?q=%E7%84%BC%E3%81%8D%E9%B3%A5,real-1..5,https://www.instagram.com/p/DZemyvnv-7t,2026-08-27T10:50:00Z
instagram,焼き鳥,https://www.instagram.com/explore/search/keyword/?q=%E7%84%BC%E3%81%8D%E9%B3%A5,real-1..5,https://www.instagram.com/p/DGVEGVKyNaW,2026-08-27T10:50:00Z
instagram,焼き鳥,https://www.instagram.com/explore/search/keyword/?q=%E7%84%BC%E3%81%8D%E9%B3%A5,real-1..5,https://www.instagram.com/p/DAzH6fVTcP1,2026-08-27T10:50:00Z
instagram,焼き鳥,https://www.instagram.com/explore/search/keyword/?q=%E7%84%BC%E3%81%8D%E9%B3%A5,real-1..5,https://www.instagram.com/p/Cw9o1f1ylTS,2026-08-27T10:50:00Z
instagram,焼き鳥,https://www.instagram.com/explore/search/keyword/?q=%E7%84%BC%E3%81%8D%E9%B3%A5,real-1..5,https://www.instagram.com/p/C7LWvGGS76m,2026-08-27T10:50:00Z
instagram,焼き鳥,https://www.instagram.com/explore/search/keyword/?q=%E7%84%BC%E3%81%8D%E9%B3%A5,real-1..5,https://www.instagram.com/p/DbplHkUGq6S,2026-08-27T10:50:00Z
instagram,焼き鳥,https://www.instagram.com/explore/search/keyword/?q=%E7%84%BC%E3%81%8D%E9%B3%A5,real-1..5,https://www.instagram.com/p/DQ_u56BgSI5,2026-08-27T10:50:00Z
instagram,焼き鳥,https://www.instagram.com/explore/search/keyword/?q=%E7%84%BC%E3%81%8D%E9%B3%A5,real-1..5,https://www.instagram.com/p/DXjB_JoDgAV,2026-08-27T10:50:00Z
instagram,焼き鳥,https://www.instagram.com/explore/search/keyword/?q=%E7%84%BC%E3%81%8D%E9%B3%A5,real-1..5,https://www.instagram.com/p/DQRP63uko9Z,2026-08-27T10:50:00Z
instagram,焼き鳥,https://www.instagram.com/explore/search/keyword/?q=%E7%84%BC%E3%81%8D%E9%B3%A5,real-1..5,https://www.instagram.com/p/Db5ih31zKGy,2026-08-27T10:50:00Z
instagram,焼き鳥,https://www.instagram.com/explore/search/keyword/?q=%E7%84%BC%E3%81%8D%E9%B3%A5,real-1..5,https://www.instagram.com/p/DZTl_hfj9nY,2026-08-27T10:50:00Z
instagram,焼き鳥,https://www.instagram.com/explore/search/keyword/?q=%E7%84%BC%E3%81%8D%E9%B3%A5,real-1..5,https://www.instagram.com/p/DZKEkY5gain,2026-08-27T10:50:00Z
instagram,焼き鳥,https://www.instagram.com/explore/search/keyword/?q=%E7%84%BC%E3%81%8D%E9%B3%A5,real-1..5,https://www.instagram.com/p/DJv0hVKTIlH,2026-08-27T10:50:00Z
instagram,焼き鳥,https://www.instagram.com/explore/search/keyword/?q=%E7%84%BC%E3%81%8D%E9%B3%A5,6,https://www.instagram.com/p/DQlKf-wAfQG,2026-08-27T10:50:00Z
instagram,焼き鳥,https://www.instagram.com/explore/search/keyword/?q=%E7%84%BC%E3%81%8D%E9%B3%A5,6,https://www.instagram.com/p/DXyzoeMz7E3,2026-08-27T10:50:00Z
instagram,焼き鳥,https://www.instagram.com/explore/search/keyword/?q=%E7%84%BC%E3%81%8D%E9%B3%A5,6,https://www.instagram.com/p/DYKJCuQE2cF,2026-08-27T10:50:00Z
instagram,焼き鳥,https://www.instagram.com/explore/search/keyword/?q=%E7%84%BC%E3%81%8D%E9%B3%A5,6,https://www.instagram.com/p/DJZA2nlR6-3,2026-08-27T10:50:00Z
instagram,焼き鳥,https://www.instagram.com/explore/search/keyword/?q=%E7%84%BC%E3%81%8D%E9%B3%A5,6,https://www.instagram.com/p/CkorjiuSe08,2026-08-27T10:50:00Z
instagram,焼き鳥,https://www.instagram.com/explore/search/keyword/?q=%E7%84%BC%E3%81%8D%E9%B3%A5,6,https://www.instagram.com/p/Dbkpvs0P6Ji,2026-08-27T10:50:00Z
instagram,焼き鳥,https://www.instagram.com/explore/search/keyword/?q=%E7%84%BC%E3%81%8D%E9%B3%A5,6,https://www.instagram.com/p/DVOa37Lkp4K,2026-08-27T10:50:00Z
instagram,焼き鳥,https://www.instagram.com/explore/search/keyword/?q=%E7%84%BC%E3%81%8D%E9%B3%A5,6,https://www.instagram.com/p/DcWRkMUgVFb,2026-08-27T10:50:00Z
instagram,焼き鳥,https://www.instagram.com/explore/search/keyword/?q=%E7%84%BC%E3%81%8D%E9%B3%A5,6,https://www.instagram.com/p/ChMcmbIuVqo,2026-08-27T10:50:00Z
instagram,焼き鳥,https://www.instagram.com/explore/search/keyword/?q=%E7%84%BC%E3%81%8D%E9%B3%A5,6,https://www.instagram.com/p/B2kjW8WADhA,2026-08-27T10:50:00Z
instagram,焼き鳥,https://www.instagram.com/explore/search/keyword/?q=%E7%84%BC%E3%81%8D%E9%B3%A5,6,https://www.instagram.com/p/DYTZ_TuGe43,2026-08-27T10:50:00Z
instagram,焼き鳥,https://www.instagram.com/explore/search/keyword/?q=%E7%84%BC%E3%81%8D%E9%B3%A5,6,https://www.instagram.com/p/DOGS0-MjzFe,2026-08-27T10:50:00Z
instagram,焼き鳥,https://www.instagram.com/explore/search/keyword/?q=%E7%84%BC%E3%81%8D%E9%B3%A5,6,https://www.instagram.com/p/DXoBAnpmWd5,2026-08-27T10:50:00Z
instagram,焼き鳥,https://www.instagram.com/explore/search/keyword/?q=%E7%84%BC%E3%81%8D%E9%B3%A5,6,https://www.instagram.com/p/DTkijaZktDU,2026-08-27T10:50:00Z
instagram,焼き鳥,https://www.instagram.com/explore/search/keyword/?q=%E7%84%BC%E3%81%8D%E9%B3%A5,6,https://www.instagram.com/p/C7xwpkHy6yz,2026-08-27T10:50:00Z
instagram,焼き鳥,https://www.instagram.com/explore/search/keyword/?q=%E7%84%BC%E3%81%8D%E9%B3%A5,6,https://www.instagram.com/p/DZeuKpBEX1H,2026-08-27T10:50:00Z
instagram,焼き鳥,https://www.instagram.com/explore/search/keyword/?q=%E7%84%BC%E3%81%8D%E9%B3%A5,6,https://www.instagram.com/p/Da1evfWkyHq,2026-08-27T10:50:00Z
instagram,焼き鳥,https://www.instagram.com/explore/search/keyword/?q=%E7%84%BC%E3%81%8D%E9%B3%A5,6,https://www.instagram.com/p/DZyz7dck6yF,2026-08-27T10:50:00Z
instagram,焼き鳥,https://www.instagram.com/explore/search/keyword/?q=%E7%84%BC%E3%81%8D%E9%B3%A5,6,https://www.instagram.com/p/Cti6Jm3ySXt,2026-08-27T10:50:00Z
instagram,焼き鳥,https://www.instagram.com/explore/search/keyword/?q=%E7%84%BC%E3%81%8D%E9%B3%A5,6,https://www.instagram.com/p/CdA6qHdPbvZ,2026-08-27T10:50:00Z
instagram,焼き鳥,https://www.instagram.com/explore/search/keyword/?q=%E7%84%BC%E3%81%8D%E9%B3%A5,6,https://www.instagram.com/p/DVsvC6Fk-DF,2026-08-27T10:50:00Z
instagram,焼き鳥,https://www.instagram.com/explore/search/keyword/?q=%E7%84%BC%E3%81%8D%E9%B3%A5,6,https://www.instagram.com/p/CyFJcLtyomO,2026-08-27T10:50:00Z
instagram,焼き鳥,https://www.instagram.com/explore/search/keyword/?q=%E7%84%BC%E3%81%8D%E9%B3%A5,6,https://www.instagram.com/p/DXTruICE2x8,2026-08-27T10:50:00Z
instagram,焼き鳥,https://www.instagram.com/explore/search/keyword/?q=%E7%84%BC%E3%81%8D%E9%B3%A5,6,https://www.instagram.com/p/DY1rHoInU8y,2026-08-27T10:50:00Z
instagram,焼き鳥,https://www.instagram.com/explore/search/keyword/?q=%E7%84%BC%E3%81%8D%E9%B3%A5,7,https://www.instagram.com/p/Db7505zmXy-,2026-08-27T10:50:00Z
instagram,焼き鳥,https://www.instagram.com/explore/search/keyword/?q=%E7%84%BC%E3%81%8D%E9%B3%A5,7,https://www.instagram.com/p/DX9aMhczG1A,2026-08-27T10:50:00Z
instagram,焼き鳥,https://www.instagram.com/explore/search/keyword/?q=%E7%84%BC%E3%81%8D%E9%B3%A5,7,https://www.instagram.com/p/DcTgBFbktd8,2026-08-27T10:50:00Z
instagram,焼き鳥,https://www.instagram.com/explore/search/keyword/?q=%E7%84%BC%E3%81%8D%E9%B3%A5,7,https://www.instagram.com/p/DQ1dU7ZERa_,2026-08-27T10:50:00Z
instagram,焼き鳥,https://www.instagram.com/explore/search/keyword/?q=%E7%84%BC%E3%81%8D%E9%B3%A5,7,https://www.instagram.com/p/DIe7OXMB7Ib,2026-08-27T10:50:00Z
instagram,焼き鳥,https://www.instagram.com/explore/search/keyword/?q=%E7%84%BC%E3%81%8D%E9%B3%A5,7,https://www.instagram.com/p/DGiHGI2TQ9y,2026-08-27T10:50:00Z
instagram,焼き鳥,https://www.instagram.com/explore/search/keyword/?q=%E7%84%BC%E3%81%8D%E9%B3%A5,7,https://www.instagram.com/p/DcIgsl9ID1P,2026-08-27T10:50:00Z
instagram,焼き鳥,https://www.instagram.com/explore/search/keyword/?q=%E7%84%BC%E3%81%8D%E9%B3%A5,7,https://www.instagram.com/p/CyIj6S5yoaQ,2026-08-27T10:50:00Z
instagram,焼き鳥,https://www.instagram.com/explore/search/keyword/?q=%E7%84%BC%E3%81%8D%E9%B3%A5,7,https://www.instagram.com/p/DZKJTOSTtgs,2026-08-27T10:50:00Z
instagram,焼き鳥,https://www.instagram.com/explore/search/keyword/?q=%E7%84%BC%E3%81%8D%E9%B3%A5,7,https://www.instagram.com/p/DZ1-N5JgTWf,2026-08-27T10:50:00Z
instagram,焼き鳥,https://www.instagram.com/explore/search/keyword/?q=%E7%84%BC%E3%81%8D%E9%B3%A5,7,https://www.instagram.com/p/DQET1tdkw2e,2026-08-27T10:50:00Z
instagram,焼き鳥,https://www.instagram.com/explore/search/keyword/?q=%E7%84%BC%E3%81%8D%E9%B3%A5,7,https://www.instagram.com/p/DZg262BlFrI,2026-08-27T10:50:00Z
instagram,焼き鳥,https://www.instagram.com/explore/search/keyword/?q=%E7%84%BC%E3%81%8D%E9%B3%A5,7,https://www.instagram.com/p/DJTOT2uBYGp,2026-08-27T10:50:00Z
instagram,焼き鳥,https://www.instagram.com/explore/search/keyword/?q=%E7%84%BC%E3%81%8D%E9%B3%A5,7,https://www.instagram.com/p/DFaGC1Nzroj,2026-08-27T10:50:00Z
instagram,焼き鳥,https://www.instagram.com/explore/search/keyword/?q=%E7%84%BC%E3%81%8D%E9%B3%A5,7,https://www.instagram.com/p/DcCsFcGEpJk,2026-08-27T10:50:00Z
instagram,焼き鳥,https://www.instagram.com/explore/search/keyword/?q=%E7%84%BC%E3%81%8D%E9%B3%A5,7,https://www.instagram.com/p/DbcrYFdPUMC,2026-08-27T10:50:00Z
instagram,焼き鳥,https://www.instagram.com/explore/search/keyword/?q=%E7%84%BC%E3%81%8D%E9%B3%A5,7,https://www.instagram.com/p/DCLrF5fzbEx,2026-08-27T10:50:00Z
instagram,焼き鳥,https://www.instagram.com/explore/search/keyword/?q=%E7%84%BC%E3%81%8D%E9%B3%A5,7,https://www.instagram.com/p/DEwN1V2vnJY,2026-08-27T10:50:00Z
instagram,焼き鳥,https://www.instagram.com/explore/search/keyword/?q=%E7%84%BC%E3%81%8D%E9%B3%A5,7,https://www.instagram.com/p/DXt3chOkZ_N,2026-08-27T10:50:00Z
instagram,焼き鳥,https://www.instagram.com/explore/search/keyword/?q=%E7%84%BC%E3%81%8D%E9%B3%A5,7,https://www.instagram.com/p/DTM9iHWj-PC,2026-08-27T10:50:00Z
instagram,焼き鳥,https://www.instagram.com/explore/search/keyword/?q=%E7%84%BC%E3%81%8D%E9%B3%A5,7,https://www.instagram.com/p/DYCIcuZD5lx,2026-08-27T10:50:00Z
instagram,焼き鳥,https://www.instagram.com/explore/search/keyword/?q=%E7%84%BC%E3%81%8D%E9%B3%A5,7,https://www.instagram.com/p/DByDHtWPIpJ,2026-08-27T10:50:00Z
instagram,焼き鳥,https://www.instagram.com/explore/search/keyword/?q=%E7%84%BC%E3%81%8D%E9%B3%A5,7,https://www.instagram.com/p/DWEHXreCT2B,2026-08-27T10:50:00Z
instagram,焼き鳥,https://www.instagram.com/explore/search/keyword/?q=%E7%84%BC%E3%81%8D%E9%B3%A5,7,https://www.instagram.com/p/DUW3XH9ksDT,2026-08-27T10:50:00Z
instagram,焼き鳥,https://www.instagram.com/explore/search/keyword/?q=%E7%84%BC%E3%81%8D%E9%B3%A5,7,https://www.instagram.com/p/DUkonxXEwSf,2026-08-27T10:50:00Z
instagram,焼き鳥,https://www.instagram.com/explore/search/keyword/?q=%E7%84%BC%E3%81%8D%E9%B3%A5,7,https://www.instagram.com/p/DbvBp3vmTa_,2026-08-27T10:50:00Z
instagram,焼き鳥,https://www.instagram.com/explore/search/keyword/?q=%E7%84%BC%E3%81%8D%E9%B3%A5,7,https://www.instagram.com/p/DafO83dk4_a,2026-08-27T10:50:00Z
instagram,焼き鳥,https://www.instagram.com/explore/search/keyword/?q=%E7%84%BC%E3%81%8D%E9%B3%A5,8,https://www.instagram.com/p/C2JcSm8vQx4,2026-08-27T10:50:00Z
instagram,焼き鳥,https://www.instagram.com/explore/search/keyword/?q=%E7%84%BC%E3%81%8D%E9%B3%A5,8,https://www.instagram.com/p/DbQi5tnGQn7,2026-08-27T10:50:00Z
instagram,焼き鳥,https://www.instagram.com/explore/search/keyword/?q=%E7%84%BC%E3%81%8D%E9%B3%A5,8,https://www.instagram.com/p/DQ52BdKDzW2,2026-08-27T10:50:00Z
instagram,焼き鳥,https://www.instagram.com/explore/search/keyword/?q=%E7%84%BC%E3%81%8D%E9%B3%A5,8,https://www.instagram.com/p/DXBbGPEElu_,2026-08-27T10:50:00Z
instagram,焼き鳥,https://www.instagram.com/explore/search/keyword/?q=%E7%84%BC%E3%81%8D%E9%B3%A5,8,https://www.instagram.com/p/DEowykhzZXJ,2026-08-27T10:50:00Z
instagram,焼き鳥,https://www.instagram.com/explore/search/keyword/?q=%E7%84%BC%E3%81%8D%E9%B3%A5,8,https://www.instagram.com/p/DcLm-erAaBM,2026-08-27T10:50:00Z
instagram,焼き鳥,https://www.instagram.com/explore/search/keyword/?q=%E7%84%BC%E3%81%8D%E9%B3%A5,8,https://www.instagram.com/p/DLthA_jv_1i,2026-08-27T10:50:00Z
instagram,焼き鳥,https://www.instagram.com/explore/search/keyword/?q=%E7%84%BC%E3%81%8D%E9%B3%A5,8,https://www.instagram.com/p/C6OZ3-bPEDd,2026-08-27T10:50:00Z
instagram,焼き鳥,https://www.instagram.com/explore/search/keyword/?q=%E7%84%BC%E3%81%8D%E9%B3%A5,8,https://www.instagram.com/p/CvHi42kgGAJ,2026-08-27T10:50:00Z
instagram,焼き鳥,https://www.instagram.com/explore/search/keyword/?q=%E7%84%BC%E3%81%8D%E9%B3%A5,8,https://www.instagram.com/p/CIsqUBqgFyP,2026-08-27T10:50:00Z
instagram,焼き鳥,https://www.instagram.com/explore/search/keyword/?q=%E7%84%BC%E3%81%8D%E9%B3%A5,8,https://www.instagram.com/p/DLEy83Jz7Ca,2026-08-27T10:50:00Z
instagram,焼き鳥,https://www.instagram.com/explore/search/keyword/?q=%E7%84%BC%E3%81%8D%E9%B3%A5,8,https://www.instagram.com/p/DLtYsv-TXNv,2026-08-27T10:50:00Z
instagram,焼き鳥,https://www.instagram.com/explore/search/keyword/?q=%E7%84%BC%E3%81%8D%E9%B3%A5,8,https://www.instagram.com/p/DYqU3qwlN7q,2026-08-27T10:50:00Z
instagram,焼き鳥,https://www.instagram.com/explore/search/keyword/?q=%E7%84%BC%E3%81%8D%E9%B3%A5,8,https://www.instagram.com/p/DYWkJDLAD8L,2026-08-27T10:50:00Z
instagram,焼き鳥,https://www.instagram.com/explore/search/keyword/?q=%E7%84%BC%E3%81%8D%E9%B3%A5,8,https://www.instagram.com/p/DKyxRRnS2En,2026-08-27T10:50:00Z
instagram,焼き鳥,https://www.instagram.com/explore/search/keyword/?q=%E7%84%BC%E3%81%8D%E9%B3%A5,8,https://www.instagram.com/p/DZelB5zSFRN,2026-08-27T10:50:00Z
instagram,焼き鳥,https://www.instagram.com/explore/search/keyword/?q=%E7%84%BC%E3%81%8D%E9%B3%A5,9,https://www.instagram.com/p/CazIPh8v5l2,2026-08-27T10:50:00Z
instagram,焼き鳥,https://www.instagram.com/explore/search/keyword/?q=%E7%84%BC%E3%81%8D%E9%B3%A5,9,https://www.instagram.com/p/Cv9m1ooSnAE,2026-08-27T10:50:00Z
instagram,焼き鳥,https://www.instagram.com/explore/search/keyword/?q=%E7%84%BC%E3%81%8D%E9%B3%A5,9,https://www.instagram.com/p/DbInwyLSViu,2026-08-27T10:50:00Z
instagram,焼き鳥,https://www.instagram.com/explore/search/keyword/?q=%E7%84%BC%E3%81%8D%E9%B3%A5,9,https://www.instagram.com/p/CqdOz9mOKr5,2026-08-27T10:50:00Z
instagram,焼き鳥,https://www.instagram.com/explore/search/keyword/?q=%E7%84%BC%E3%81%8D%E9%B3%A5,9,https://www.instagram.com/p/DcYvOIIks-i,2026-08-27T10:50:00Z
instagram,焼き鳥,https://www.instagram.com/explore/search/keyword/?q=%E7%84%BC%E3%81%8D%E9%B3%A5,9,https://www.instagram.com/p/DaK-j8yzueJ,2026-08-27T10:50:00Z
instagram,焼き鳥,https://www.instagram.com/explore/search/keyword/?q=%E7%84%BC%E3%81%8D%E9%B3%A5,9,https://www.instagram.com/p/DXBxQi_j-ku,2026-08-27T10:50:00Z
instagram,焼き鳥,https://www.instagram.com/explore/search/keyword/?q=%E7%84%BC%E3%81%8D%E9%B3%A5,9,https://www.instagram.com/p/DbVGJrBoeDz,2026-08-27T10:50:00Z
instagram,焼き鳥,https://www.instagram.com/explore/search/keyword/?q=%E7%84%BC%E3%81%8D%E9%B3%A5,10,https://www.instagram.com/p/Dacw_jlkfpR,2026-08-27T10:50:00Z
instagram,焼き鳥,https://www.instagram.com/explore/search/keyword/?q=%E7%84%BC%E3%81%8D%E9%B3%A5,10,https://www.instagram.com/p/C7dWOgOSpYr,2026-08-27T10:50:00Z
instagram,焼き鳥,https://www.instagram.com/explore/search/keyword/?q=%E7%84%BC%E3%81%8D%E9%B3%A5,10,https://www.instagram.com/p/Db9v4AzCPNR,2026-08-27T10:50:00Z
instagram,焼き鳥,https://www.instagram.com/explore/search/keyword/?q=%E7%84%BC%E3%81%8D%E9%B3%A5,10,https://www.instagram.com/p/DaaIFIGE01q,2026-08-27T10:50:00Z
instagram,焼き鳥,https://www.instagram.com/explore/search/keyword/?q=%E7%84%BC%E3%81%8D%E9%B3%A5,10,https://www.instagram.com/p/Cr-7IxFSxYg,2026-08-27T10:50:00Z
instagram,焼き鳥,https://www.instagram.com/explore/search/keyword/?q=%E7%84%BC%E3%81%8D%E9%B3%A5,10,https://www.instagram.com/p/CrXRhAYyw-x,2026-08-27T10:50:00Z
instagram,焼き鳥,https://www.instagram.com/explore/search/keyword/?q=%E7%84%BC%E3%81%8D%E9%B3%A5,10,https://www.instagram.com/p/DcLPbnPmIz5,2026-08-27T10:50:00Z
instagram,焼き鳥,https://www.instagram.com/explore/search/keyword/?q=%E7%84%BC%E3%81%8D%E9%B3%A5,10,https://www.instagram.com/p/CtfMDZLSRm9,2026-08-27T10:50:00Z
instagram,焼き鳥,https://www.instagram.com/explore/search/keyword/?q=%E7%84%BC%E3%81%8D%E9%B3%A5,10,https://www.instagram.com/p/DbSqTZpFBQR,2026-08-27T10:50:00Z
instagram,焼き鳥,https://www.instagram.com/explore/search/keyword/?q=%E7%84%BC%E3%81%8D%E9%B3%A5,10,https://www.instagram.com/p/CgB5-m7J8iQ,2026-08-27T10:50:00Z
instagram,焼き鳥,https://www.instagram.com/explore/search/keyword/?q=%E7%84%BC%E3%81%8D%E9%B3%A5,10,https://www.instagram.com/p/DHS9PNRycOh,2026-08-27T10:50:00Z
instagram,焼き鳥,https://www.instagram.com/explore/search/keyword/?q=%E7%84%BC%E3%81%8D%E9%B3%A5,10,https://www.instagram.com/p/Db2iwCYzPb_,2026-08-27T10:50:00Z
instagram,焼き鳥,https://www.instagram.com/explore/search/keyword/?q=%E7%84%BC%E3%81%8D%E9%B3%A5,11,https://www.instagram.com/p/Cxk40ggytCC,2026-08-27T10:50:00Z
instagram,焼き鳥,https://www.instagram.com/explore/search/keyword/?q=%E7%84%BC%E3%81%8D%E9%B3%A5,11,https://www.instagram.com/p/DSnN8siEu7H,2026-08-27T10:50:00Z
instagram,焼き鳥,https://www.instagram.com/explore/search/keyword/?q=%E7%84%BC%E3%81%8D%E9%B3%A5,11,https://www.instagram.com/p/DNp5x4Rz1Ky,2026-08-27T10:50:00Z
instagram,焼き鳥,https://www.instagram.com/explore/search/keyword/?q=%E7%84%BC%E3%81%8D%E9%B3%A5,11,https://www.instagram.com/p/CWnOELzLxPs,2026-08-27T10:50:00Z
instagram,焼き鳥,https://www.instagram.com/explore/search/keyword/?q=%E7%84%BC%E3%81%8D%E9%B3%A5,11,https://www.instagram.com/p/DcIKfvuIA4G,2026-08-27T10:50:00Z
instagram,焼き鳥,https://www.instagram.com/explore/search/keyword/?q=%E7%84%BC%E3%81%8D%E9%B3%A5,11,https://www.instagram.com/p/DSwszjikz-8,2026-08-27T10:50:00Z
instagram,焼き鳥,https://www.instagram.com/explore/search/keyword/?q=%E7%84%BC%E3%81%8D%E9%B3%A5,11,https://www.instagram.com/p/DVsvdFJiWvD,2026-08-27T10:50:00Z
instagram,焼き鳥,https://www.instagram.com/explore/search/keyword/?q=%E7%84%BC%E3%81%8D%E9%B3%A5,11,https://www.instagram.com/p/DbShO-lEzJV,2026-08-27T10:50:00Z
instagram,焼き鳥,https://www.instagram.com/explore/search/keyword/?q=%E7%84%BC%E3%81%8D%E9%B3%A5,12,https://www.instagram.com/p/Dbz8zb0JI4E,2026-08-27T10:50:00Z
instagram,焼き鳥,https://www.instagram.com/explore/search/keyword/?q=%E7%84%BC%E3%81%8D%E9%B3%A5,12,https://www.instagram.com/p/CfGodOXP9tw,2026-08-27T10:50:00Z
instagram,焼き鳥,https://www.instagram.com/explore/search/keyword/?q=%E7%84%BC%E3%81%8D%E9%B3%A5,12,https://www.instagram.com/p/C4Sx90ZJoSa,2026-08-27T10:50:00Z
instagram,焼き鳥,https://www.instagram.com/explore/search/keyword/?q=%E7%84%BC%E3%81%8D%E9%B3%A5,12,https://www.instagram.com/p/DYn9kZ8Ab1z,2026-08-27T10:50:00Z
instagram,焼き鳥,https://www.instagram.com/explore/search/keyword/?q=%E7%84%BC%E3%81%8D%E9%B3%A5,13,https://www.instagram.com/p/Daz9zEJgZWS,2026-08-27T10:50:00Z
instagram,焼き鳥,https://www.instagram.com/explore/search/keyword/?q=%E7%84%BC%E3%81%8D%E9%B3%A5,13,https://www.instagram.com/p/DDb5VXIT0G3,2026-08-27T10:50:00Z
instagram,焼き鳥,https://www.instagram.com/explore/search/keyword/?q=%E7%84%BC%E3%81%8D%E9%B3%A5,13,https://www.instagram.com/p/DcQrIQ_k2YV,2026-08-27T10:50:00Z
instagram,焼き鳥,https://www.instagram.com/explore/search/keyword/?q=%E7%84%BC%E3%81%8D%E9%B3%A5,13,https://www.instagram.com/p/Db7-a_qCQEo,2026-08-27T10:50:00Z
instagram,焼き鳥,https://www.instagram.com/explore/search/keyword/?q=%E7%84%BC%E3%81%8D%E9%B3%A5,13,https://www.instagram.com/p/DcFpXxNE6fZ,2026-08-27T10:50:00Z
instagram,焼き鳥,https://www.instagram.com/explore/search/keyword/?q=%E7%84%BC%E3%81%8D%E9%B3%A5,13,https://www.instagram.com/p/DGE_pkOS6Kz,2026-08-27T10:50:00Z
instagram,焼き鳥,https://www.instagram.com/explore/search/keyword/?q=%E7%84%BC%E3%81%8D%E9%B3%A5,13,https://www.instagram.com/p/Db2eGkzIHyd,2026-08-27T10:50:00Z
instagram,焼き鳥,https://www.instagram.com/explore/search/keyword/?q=%E7%84%BC%E3%81%8D%E9%B3%A5,13,https://www.instagram.com/p/DaKh8XpkhZh,2026-08-27T10:50:00Z
instagram,焼き鳥,https://www.instagram.com/explore/search/keyword/?q=%E7%84%BC%E3%81%8D%E9%B3%A5,13,https://www.instagram.com/p/Db5As2cgXfc,2026-08-27T10:50:00Z
instagram,焼き鳥,https://www.instagram.com/explore/search/keyword/?q=%E7%84%BC%E3%81%8D%E9%B3%A5,13,https://www.instagram.com/p/DWQIm-5jxWn,2026-08-27T10:50:00Z
instagram,焼き鳥,https://www.instagram.com/explore/search/keyword/?q=%E7%84%BC%E3%81%8D%E9%B3%A5,13,https://www.instagram.com/p/DPYoZiyCaSc,2026-08-27T10:50:00Z
instagram,焼き鳥,https://www.instagram.com/explore/search/keyword/?q=%E7%84%BC%E3%81%8D%E9%B3%A5,13,https://www.instagram.com/p/DbZCne-EhJW,2026-08-27T10:50:00Z
instagram,焼き鳥,https://www.instagram.com/explore/search/keyword/?q=%E7%84%BC%E3%81%8D%E9%B3%A5,13,https://www.instagram.com/p/C2pJgRQypan,2026-08-27T10:50:00Z
instagram,焼き鳥,https://www.instagram.com/explore/search/keyword/?q=%E7%84%BC%E3%81%8D%E9%B3%A5,13,https://www.instagram.com/p/CdFEBXmPrAF,2026-08-27T10:50:00Z
instagram,焼き鳥,https://www.instagram.com/explore/search/keyword/?q=%E7%84%BC%E3%81%8D%E9%B3%A5,13,https://www.instagram.com/p/CnjOlv_v_OW,2026-08-27T10:50:00Z
instagram,焼き鳥,https://www.instagram.com/explore/search/keyword/?q=%E7%84%BC%E3%81%8D%E9%B3%A5,14,https://www.instagram.com/p/C24SM2ly86v,2026-08-27T10:50:00Z
instagram,焼き鳥,https://www.instagram.com/explore/search/keyword/?q=%E7%84%BC%E3%81%8D%E9%B3%A5,14,https://www.instagram.com/p/DKQWtarzEvm,2026-08-27T10:50:00Z
instagram,焼き鳥,https://www.instagram.com/explore/search/keyword/?q=%E7%84%BC%E3%81%8D%E9%B3%A5,14,https://www.instagram.com/p/DbQAEJWg2eW,2026-08-27T10:50:00Z
instagram,焼き鳥,https://www.instagram.com/explore/search/keyword/?q=%E7%84%BC%E3%81%8D%E9%B3%A5,14,https://www.instagram.com/p/DHigemsvUxi,2026-08-27T10:50:00Z
instagram,焼き鳥,https://www.instagram.com/explore/search/keyword/?q=%E7%84%BC%E3%81%8D%E9%B3%A5,14,https://www.instagram.com/p/DFMs80dP_wY,2026-08-27T10:50:00Z
instagram,焼き鳥,https://www.instagram.com/explore/search/keyword/?q=%E7%84%BC%E3%81%8D%E9%B3%A5,14,https://www.instagram.com/p/DGVYdGQTG9o,2026-08-27T10:50:00Z
