decision	store_name	area	google_place_id	maps_url	catalog_name	catalog_address	name_agreement	similarity	box_hits	area_hits	posts	caption_excerpt
city_box_unique_strict	pho'minh cocolo新潟店	新潟県新潟市	ChIJedL5OADJ9F8RylM5jg5jC4o	https://www.google.com/maps/place/?q=place_id:ChIJedL5OADJ9F8RylM5jg5jC4o			not_in_catalog	0.00	1	1	2	行きたくなったらコメントで教えてください🎶 ⏎  ⏎ ベトナムで70年続く老舗 ⏎ ミシュラン ビブグルマンに選ばれた ⏎ こだわりのビーフフォーを新潟で‼️ ⏎  ⏎ やってきたのはJR新潟駅構内CoⅭoLo新潟1F ⏎ エキナンキッチン
city_box_unique_strict	サマールビーのいちご大福	島根県出雲市	ChIJSyIz5rNqVzUROEu_nSeK-j8	https://www.google.com/maps/place/?q=place_id:ChIJSyIz5rNqVzUROEu_nSeK-j8	御菓子司よしおか	島根県出雲市斐川町荘原３９４０	DIFFERENT	0.00	1	1	2	🍓店舗詳細はこちら⬇️ ⏎ いいなと思ったらフォローしてね！ ⏎ 他の投稿はこちら▶ mori.629  ⏎ ———————————— ⏎  ⏎ マツコ・デラックスさんや ⏎ SixTONESの松村北斗さんも食べたことで話題になった、 ⏎ 
city_box_unique_strict	焼鳥劇場 旅鶏 裏片町店	石川県金沢市	ChIJaW6s3RI1-F8Rgxr8-g5BZQ4	https://www.google.com/maps/place/?q=place_id:ChIJaW6s3RI1-F8Rgxr8-g5BZQ4	焼鳥劇場 旅鶏 裏片町店	Katamachi, 2 Chome−2−25 銀河会館 1F	exact	1.00	1	1	2	｟8月7日（金）まで！すだちサワー無料🍋‍🟩✨｠ ⏎  ⏎ ＼リニューアル記念の振る舞い酒！／ ⏎ 期間限定で「すだちサワー」が ⏎ 無料でいただけるって大盤振る舞いすぎる🔥 ⏎  ⏎ そんなお得なキャンペーンを開催しているのは、 ⏎ 金沢
city_box_unique_strict	aloft パセーラ店	広島県広島市	ChIJpSl1xQuiWjUR6zKbHUztjDs	https://www.google.com/maps/place/?q=place_id:ChIJpSl1xQuiWjUR6zKbHUztjDs			not_in_catalog	0.00	1	1	1	🥖店舗詳細はこちら⬇️ ⏎  ⏎ 🥖1983年創業！広島の老舗ベーカリー ⏎ ALOFT（アロフト） ⏎  ⏎ 昔からよく買っているお気に入りのパン屋さん🥐 ⏎ 何を食べても安定に美味しい！ ⏎  ⏎ フランスの伝統的なパンづくりをベースに
city_box_unique_strict	amusement bar rento.	滋賀県大津市	ChIJgxIvrkQNAWARfjOjizmte_E	https://www.google.com/maps/place/?q=place_id:ChIJgxIvrkQNAWARfjOjizmte_E			not_in_catalog	0.00	1	1	1	行ったことある人・知ってる人は感想や意見をコメントで教えてね！ ⏎   ⏎ 【AMUSEMENT BAR Rento.】 ⏎ amusementbar_rento  ⏎  ⏎ 🌙深夜なのにこんなに楽しい場所あるの知ってる？✨ ⏎  ⏎ 石山
city_box_unique_strict	aossa	福井県福井市	ChIJWQ_9E5O--F8R3jggPHzLf5o	https://www.google.com/maps/place/?q=place_id:ChIJWQ_9E5O--F8R3jggPHzLf5o			not_in_catalog	0.00	1	1	1	福井でヤバいイベントが… ⏎  ⏎ 『ふくコン| 県内最大級の大型パーティー🎉』 ⏎  ⏎ fukui.big_party ⏎  ⏎ チェックしてみてね↑ ⏎  ⏎ 📅 3月29日 ⏎ 📍aossa ⏎ ⏰18:30-21:00 【受付開始
city_box_unique_strict	ayaca 金沢	石川県金沢市	ChIJW61zZjwz-F8RkCqb7Lwz2AE	https://www.google.com/maps/place/?q=place_id:ChIJW61zZjwz-F8RkCqb7Lwz2AE			not_in_catalog	0.00	1	1	1	世界に一つだけの雫キャンドル！ ⏎  ⏎ 実は、このお店、石川県の伝統品を ⏎ セレクトしているセレクトショップさんで ⏎ 一風変わったオシャレなお店！ ⏎  ⏎ 今回はキャンドルの製造工程も見せていただきました！ ⏎ 製造元はこちら⇩ ⏎
city_box_unique_strict	bb’s new york slice	香川県高松市	ChIJp6SMc-XrUzURMS4iOXppmQ4	https://www.google.com/maps/place/?q=place_id:ChIJp6SMc-XrUzURMS4iOXppmQ4			not_in_catalog	0.00	1	1	1	行きたいと思ったら「行きたい！」と ⏎ コメントしてね🍕✨ ⏎  ⏎ 【BB’s New York Slice】 ⏎ bbsnyslice ⏎  ⏎ 香川で本場ニューヨークスタイルの ⏎ ピザが楽しめる人気店🍕✨ ⏎  ⏎ 大きなNYスタイ
city_box_unique_strict	cafe mado	新潟県新潟市	ChIJefKEuWvJ9F8R-9AFs0-wqj4	https://www.google.com/maps/place/?q=place_id:ChIJefKEuWvJ9F8R-9AFs0-wqj4			not_in_catalog	0.00	1	1	1	行きたくなったらコメントで教えてください🎶 ⏎  ⏎ 新潟古町に、 ⏎ おしゃれカフェがNEWオープン🎉 ⏎  ⏎ 濃厚ないちごのかき氷 ナポレオンパイ仕立て🍧 ⏎ 真っ赤に染まったふわふわの氷に、 ⏎ サクサクのパイがどーん。 ⏎ 別添え
city_box_unique_strict	cafe mio	長崎県島原市	ChIJV9utLVdtQDURiKHyh_7WX_U	https://www.google.com/maps/place/?q=place_id:ChIJV9utLVdtQDURiKHyh_7WX_U	café mio	万町503-5	similar	0.92	1	1	1	. ⏎ いま注目の古民家再生カフェ ⏎  ⏎ 島原市のアーケード内にある、古民家をリノベーションしたカフェで ⏎ いつ伺っても落ち着いてすごせる！ ⏎  ⏎ 2階にはコワーキングスペースも完備！ ⏎  ⏎ 島原といえば、湧水が有名 ⏎ こち
city_box_unique_strict	cafe tisse(カフェ ティセ)	山梨県笛吹市	ChIJAVirXIf7G2ARaYve3k_nWcM	https://www.google.com/maps/place/?q=place_id:ChIJAVirXIf7G2ARaYve3k_nWcM			not_in_catalog	0.00	1	1	1	行きたいと思ったら「行きたい！」とコメントしてね✨ ⏎  ⏎ 【cafe tisse】 ⏎ cafe_tisse   ⏎ 石和町の住宅街にある「Cafe tisse（カフェ ティセ）」☕️ ⏎ 木のぬくもりを感じる、おしゃれで落ち着いた雰囲
city_box_unique_strict	honda cars 北陸 u-select金沢	石川県金沢市	ChIJo17Pjsc0-F8RgvC0cKN19L4	https://www.google.com/maps/place/?q=place_id:ChIJo17Pjsc0-F8RgvC0cKN19L4			not_in_catalog	0.00	1	1	1	【県内唯一のHonda認定中古車専門店が金沢にOPEN🚗✨】 ⏎  ⏎ 7月25日、金沢市古府に ⏎ 「Honda Cars 北陸 U-Select金沢」が ⏎ グランドオープンしました🎉 ⏎  ⏎ ここは、Hondaが選び抜いた良質な中古
city_box_unique_strict	héroes tacos cocina	香川県高松市	ChIJA8pQfQDrUzURyEN3a6-RInM	https://www.google.com/maps/place/?q=place_id:ChIJA8pQfQDrUzURyEN3a6-RInM			not_in_catalog	0.00	1	1	1	行きたいと思ったら「行きたい！」と ⏎ コメントしてね🌮✨ ⏎  ⏎ 【HÉROES TACOS COCINA】 ⏎ heroes_tacos_cocina ⏎  ⏎ 香川で本場メキシコのタコスが楽しめる人気店🌮✨ ⏎  ⏎ とうもろこし香
city_box_unique_strict	iクレーン 新発田店(旧おたちゅう新発田店)	新潟県新発田市	ChIJv45-mZAxi18R0RmcjuDguQg	https://www.google.com/maps/place/?q=place_id:ChIJv45-mZAxi18R0RmcjuDguQg			not_in_catalog	0.00	1	1	1	【新潟】もはやスーパー⁉️新発田のふしぎなゲーセンで爆買いした結果…🛒🥔 ⏎  ⏎ ここ、実はゲームセンターなんです😳  ⏎ 店内にはなぜかお買い物カートが！ ⏎  ⏎ そして景品には、じゃがいもやスイカなどの野菜まで🍉 ⏎  ⏎ 1回30
city_box_unique_strict	la fresca(ラ・フスレカ)	香川県東かがわ市	ChIJg0USg_2bUzURB1BN2AEebRY	https://www.google.com/maps/place/?q=place_id:ChIJg0USg_2bUzURB1BN2AEebRY	イタリア料理 ラ フレスカ	香川県東かがわ市水主４３６−１	DIFFERENT	0.00	1	1	1	行きたいと思ったら「行きたい！」とコメントしてね✨ ⏎  ⏎ 【LA FRESCA（ラ・フレスカ）】 ⏎ higashikagawa_lafresca ⏎  ⏎ 香川で話題の、本格イタリアンが楽しめるお店🍕✨ ⏎  ⏎ 卵不使用で仕上げた生
city_box_unique_strict	le pont(ルポン)	岩手県盛岡市	ChIJs_FHkGh3hV8RxXoacfGwxHo	https://www.google.com/maps/place/?q=place_id:ChIJs_FHkGh3hV8RxXoacfGwxHo			not_in_catalog	0.00	1	1	1	行きたいと思ったら「︎行きたい！」とコメントしてね！ ⏎  ⏎ 【 Le pont 】 ⏎  ⏎ 盛岡で見つけた小さなカフェ  「Le pont（ルポン）」☕ ⏎ 店内には手作りの焼き菓子や  スイーツが並び、  ほっと落ち着く空間でした。
city_box_unique_strict	logcafe 木香	山梨県中央市	ChIJ72RYbwDxG2ARUYYNxy5aT8Q	https://www.google.com/maps/place/?q=place_id:ChIJ72RYbwDxG2ARUYYNxy5aT8Q			not_in_catalog	0.00	1	1	1	行きたいと思ったら「行きたい！」とコメントしてね✨ ⏎  ⏎ 【Logcafe 木香】 ⏎ 中央市にある「Logcafe 木香」さん。 ⏎ 道の駅とよとみから車で約2分の場所にある、ログハウス風の隠れ家カフェです🌿 ⏎ 店内は木のぬくもりに
city_box_unique_strict	lunch & sweets story	香川県高松市	ChIJM9z23bzrUzUR3EjApbIKV94	https://www.google.com/maps/place/?q=place_id:ChIJM9z23bzrUzUR3EjApbIKV94	Story	Matsunawacho, １０７４−6	exact	0.95	1	1	1	行きたいと思ったら「行きたい！」と ⏎ コメントしてね🍳✨ ⏎  ⏎ 【Lunch & Sweets STORY】 ⏎ story_lunch.and.sweets ⏎  ⏎ 香川で大人気の ⏎ 牛すじオムライスが楽しめるお店🍳✨ ⏎  ⏎
city_box_unique_strict	panda火鍋	香川県高松市	ChIJ6y8zPgDrUzURLAHmGXP14y8	https://www.google.com/maps/place/?q=place_id:ChIJ6y8zPgDrUzURLAHmGXP14y8			not_in_catalog	0.00	1	1	1	行きたいと思ったら「行きたい！」とコメントしてね✨ ⏎  ⏎ 【パンダ火鍋】 ⏎ pand.ahinabe ⏎  ⏎ 香川で話題の、本格火鍋が楽しめるお店🐼🍲✨ ⏎ 本場さながらの火鍋が味わえる人気店！ ⏎ 2種類のスープを一度に楽しめるの
city_box_unique_strict	toritori kitchen	香川県高松市	ChIJQ_5Zv5HrUzURRMq4q53P5To	https://www.google.com/maps/place/?q=place_id:ChIJQ_5Zv5HrUzURRMq4q53P5To	Tori Tori Kitchen	Hyakkenmachi, 9−15 百間町ビル １階	exact	1.00	1	1	1	行きたいと思ったら「行きたい！」とコメントしてね✨ ⏎  ⏎ 【TORI TORI KITCHEN】 ⏎ toritori_kitchen ⏎  ⏎ 高松市の商店街にある人気カフェ ⏎ 「TORITORI Kitchen」へ☕️✨ ⏎  ⏎
city_box_unique_strict	trattoria enzone	東京都新宿区	ChIJvSWsAACNGGARb1a3sa_SRuk	https://www.google.com/maps/place/?q=place_id:ChIJvSWsAACNGGARb1a3sa_SRuk			not_in_catalog	0.00	1	1	1	大人の夜をゆっくり楽しみたいなら、ここ。 ⏎ 駅1分とは思えない静けさに包まれた「Trattoria EnZone」。 ⏎ 落ち着いた灯りと心地いい距離感が、ふたりの時間をより深くしてくれる。 ⏎  ⏎ 今回頼んだメニュー ⏎ ※2026年
city_box_unique_strict	vesso	香川県高松市	ChIJZxiEzujrUzUR_MiRgtWgGc8	https://www.google.com/maps/place/?q=place_id:ChIJZxiEzujrUzUR_MiRgtWgGc8			not_in_catalog	0.00	1	1	1	行きたいと思ったら「行きたい！」と ⏎ コメントしてね✨ ⏎  ⏎ 【VESSO】 ⏎ vesso_cbb ⏎  ⏎ 香川で話題の、本格バーガーが楽しめるお店🍔✨ ⏎  ⏎ 肉汁あふれるジューシーなパティと、 ⏎ ふわふわのバンズが相性抜群
city_box_unique_strict	voix de coeur(ヴォア ドゥ クール)	福島県郡山市	ChIJx7F2_t9sIGARmN6hOpS7kLo	https://www.google.com/maps/place/?q=place_id:ChIJx7F2_t9sIGARmN6hOpS7kLo	Voix de Coeur	5-chome-7 Tomitahigashi	exact	1.00	1	1	1	行きたい！と思ったら「行きたい」とコメントしてね✨ ⏎  ⏎ 【voix de coeur（ヴォア ドゥ クール）】 ⏎ voix_de_coeur_ ⏎  ⏎ 郡山市にある Voix de Coeur は、自家焙煎コーヒーとこだわりの料理
city_box_unique_strict	wildcat house 山猫軒	岩手県花巻市	ChIJBVE3Dp9gj18RgaK_3AxLGmQ	https://www.google.com/maps/place/?q=place_id:ChIJBVE3Dp9gj18RgaK_3AxLGmQ			not_in_catalog	0.00	1	1	1	行きたいと思ったら「︎行きたい！」とコメントしてね！ ⏎  ⏎ 【 Wildcat house 山猫軒 】 ⏎  ⏎ 宮沢賢治ゆかりの地で見つけた  ほっと温まる郷土料理🍲✨ ⏎ 小岩井農場の近くにある  「Wildcat House 山猫
city_box_unique_strict	yakitori+81	東京都世田谷区	ChIJRXjjOUvzGGARzFW08vrKWk0	https://www.google.com/maps/place/?q=place_id:ChIJRXjjOUvzGGARzFW08vrKWk0			not_in_catalog	0.00	1	1	1	焼き鳥好きほど、一度は体験してほしい。 ⏎  ⏎ 火入れの精度 ⏎ 串ごとの完成度 ⏎  ペアリングの奥行き ⏎  ⏎ 一串一串が主役級で、 ⏎  食べ進めるほどに余韻が重なっていく。 ⏎  ⏎ 落ち着いたカウンター空間で味わうのは、 ⏎ 
city_box_unique_strict	yoajung 金沢クラソプレイス香林坊	石川県金沢市	ChIJ0y1NLAAz-F8RyC4TKBObepY	https://www.google.com/maps/place/?q=place_id:ChIJ0y1NLAAz-F8RyC4TKBObepY			not_in_catalog	0.00	1	1	1	｟香林坊に6月12日 NEW OPEN🍦✨｠ ⏎  ⏎ ＼ついに金沢初上陸！／ ⏎ 韓国で話題のヨーグルトアイス専門店 ⏎ 「Yoajung」が金沢にやってくる😳💛 ⏎  ⏎ ヨーグルトアイスに、 ⏎ フルーツ・シリアル・チョコなどの ⏎ 
city_box_unique_strict	yuhi ひがし茶屋街店	石川県金沢市	ChIJx6N8kDsz-F8Rc-LyW9yiErE	https://www.google.com/maps/place/?q=place_id:ChIJx6N8kDsz-F8Rc-LyW9yiErE			not_in_catalog	0.00	1	1	1	"二人だけの思い出に？！ ⏎  ⏎ パーマメントジュエリー専門店が ⏎ 11月1日にひがし茶屋街でNewOpen ⏎  ⏎ ✨体験の流れ✨ ⏎ 1.シルバー・チタンなど約10種類から好きなチェーンを選ぶ ⏎ 2.	店員さんが長さを調整 ⏎ 3"
city_box_unique_strict	あさひ川	香川県丸亀市	ChIJ0fESPWzYUzURfw6VR9q_oxM	https://www.google.com/maps/place/?q=place_id:ChIJ0fESPWzYUzURfw6VR9q_oxM	あさひ川ラーメン	香川県丸亀市柞原町４０５−４	exact	0.95	1	1	1	行きたいと思ったら「行きたい！」とコメントしてね✨ ⏎  ⏎ 【あさひ川】 ⏎  ⏎ 丸亀市で長年愛され続ける ⏎ ラーメン店「あさひ川」🍜 ⏎  ⏎ どこか懐かしさを感じる一杯は、 ⏎ シンプルだからこそ ⏎ 何度でも食べたくなる味わいで
city_box_unique_strict	あそびばがおー	岩手県釜石市	ChIJMZcuEgAPhl8RJqOTKS_wdAo	https://www.google.com/maps/place/?q=place_id:ChIJMZcuEgAPhl8RJqOTKS_wdAo			not_in_catalog	0.00	1	1	1	【釜石市】年の差兄弟もOK!!!無料で遊べる室内遊び場☀ ⏎  ⏎ ✾ー✾ー✾ー✾ー✾ー✾ー✾ー✾ ⏎ 🐯あそびばがおー ⏎  ⏎ 定休日 なし ⏎ 営業時間 9:00〜17:00 ⏎ 駐車場 あり ⏎ 住所 岩手県釜石市港町2-1-1 イ
city_box_unique_strict	あったかや	沖縄県宮古島市	ChIJ7eA7OCJV9DQRxNf9naEYMpg	https://www.google.com/maps/place/?q=place_id:ChIJ7eA7OCJV9DQRxNf9naEYMpg			not_in_catalog	0.00	1	1	1	注意点あり詳細はこちら↓ ⏎  ⏎ ⁡ 【唄やしき キジムナー】 ⏎ 📍 沖縄県宮古島市平良西里393 ⏎ kijimuna_miyakojima  ⏎  ⏎ 【琉宮苑】 ⏎ 📍沖縄県宮古島市上野宮国974-7 ⏎ ryuguen_miya
city_box_unique_strict	いち羽	北海道帯広市	ChIJDdKLkWKZc18RL4_nQO-pAB0	https://www.google.com/maps/place/?q=place_id:ChIJDdKLkWKZc18RL4_nQO-pAB0			not_in_catalog	0.00	1	1	1	骨がスポッと抜ける、新感覚の手羽揚げ知ってる？🍗✨ ⏎  ⏎ 久しぶりに行った「やきとり いち羽」さん、やっぱり最高でした…！新たに頼んだ焼きおにぎりのお茶漬けも絶品だったのでシェアします😊❣️ ⏎  ⏎ 場所は、広小路からいなり小路方面に
city_box_unique_strict	うちのおやつ	広島県広島市	ChIJjfYDXVmZWjURYAswgntQYSk	https://www.google.com/maps/place/?q=place_id:ChIJjfYDXVmZWjURYAswgntQYSk			not_in_catalog	0.00	1	1	1	🍰 店舗詳細はこちら⬇️ ⏎  ⏎ もりカフェです！- ̗̀( ˶^ᵕ'˶)b  ⏎ 見て頂き、ありがとうございます。　 ⏎ 他の投稿はこちら▶ mori.629  ⏎ ———————————— ⏎  ⏎ 🍰焼き菓子とケーキのお店「うちのお
city_box_unique_strict	えびすそば	岩手県盛岡市	ChIJlw9g7WF3hV8Rx3ptn5ni458	https://www.google.com/maps/place/?q=place_id:ChIJlw9g7WF3hV8Rx3ptn5ni458	えびすそば	岩手県盛岡市大通３丁目４−１	exact	1.00	1	1	1	行きたいと思ったら「行きたい！」と ⏎ コメントしてね！ ⏎  ⏎ 【えびすそばクロステラス盛岡店】 ⏎ yebisu_soba  ⏎  ⏎ 暑い日のご飯、ここにしない？☀️✨ ⏎ 岩手県・クロステラス盛岡の2階にある ⏎ 「えびすそば」で
city_box_unique_strict	おにぎり ばはり	福島県いわき市	ChIJ0XAM2G0RIWAR8_FSu7hs6_4	https://www.google.com/maps/place/?q=place_id:ChIJ0XAM2G0RIWAR8_FSu7hs6_4	おにぎり ばはり	Onahama, 南君ヶ塚15-21	exact	1.00	1	1	1	行きたいと思ったら「行きたい！」とコメントしてね✨ ⏎  ⏎ 【おにぎり　ばはり】 ⏎  ⏎ 福島県いわき市にある「おにぎり ばはり」 ⏎  ⏎ 東京の人気おにぎり店で修業した店主が握る、ふわふわ食感のおにぎりが楽しめる話題のお店です🍙 ⏎
city_box_unique_strict	かごしまリヤカー屋台	鹿児島県鹿児島市	ChIJCw29tm1nPjURwJxTJX5wees	https://www.google.com/maps/place/?q=place_id:ChIJCw29tm1nPjURwJxTJX5wees			not_in_catalog	0.00	1	1	1	大人気のリヤカー屋台が今月も開催決定！ ⏎  ⏎ 赤提灯に火が灯る、この雰囲気がたまらない。 ⏎ 「かごしまリヤカー屋台」全店舗をNo. 1で調査してきた！ ⏎  ⏎ 目の前で上がる炎、焼ける肉の匂い、冷えたビール。 ⏎ 精肉店直営の串焼き
city_box_unique_strict	すきやきの松伊	北海道帯広市	ChIJaV1ViTaZc18RVt6RAdVkkGo	https://www.google.com/maps/place/?q=place_id:ChIJaV1ViTaZc18RVt6RAdVkkGo	すきやきの松伊	北海道帯広市西５条南３丁目１８	exact	1.00	1	1	1	すきやきのお店だけど、分厚いお刺身がイチオシ🎉♥️ ⏎  ⏎ 帯広市の中心部に近い場所にある老舗のすきやき店。すきやきのほかに、刺身、寿司、一品料理などバリエーションは豊か。いつも誕生日にどこ行こうか迷いに迷って、３年連続ここです😳😳😳 ⏎
city_box_unique_strict	たがみんち	香川県高松市	ChIJB_hvYADtUzURGlcyMKU9-zQ	https://www.google.com/maps/place/?q=place_id:ChIJB_hvYADtUzURGlcyMKU9-zQ			not_in_catalog	0.00	1	1	1	行きたいと思ったら「行きたい！」と ⏎ コメントしてね✨ ⏎  ⏎ 【たがみんち】 ⏎ tgmnchi ⏎  ⏎ 香川県でゆっくりランチを楽しむなら ⏎ 「たがみんち」へ🍽️✨ ⏎  ⏎ アパートをリノベーションしたおしゃれな店内で、季節に
city_box_unique_strict	なかしま	北海道帯広市	ChIJn6WxRT-Zc18RLiO9YMcDl8w	https://www.google.com/maps/place/?q=place_id:ChIJn6WxRT-Zc18RLiO9YMcDl8w	なかしま	北海道帯広市西１条南１０丁目８	exact	1.00	1	1	1	知る人ぞ知る、名古屋コーチンを贅沢にしかもおまかせコースでゆっくりと味わえる大人のための焼き鳥屋さん。（たまにキッズデーが開催されるよ😳） ⏎  ⏎ ずっと気になっていたけど、なかなか行けなかったのですが、今回ついに行ってきましたー！！全席
city_box_unique_strict	ほっこくスタンド	滋賀県長浜市	ChIJL4gLZtQpAmARaepbw4uqioM	https://www.google.com/maps/place/?q=place_id:ChIJL4gLZtQpAmARaepbw4uqioM	ほっこくスタンド	Motohamacho, 7−5 町家キャンパス	exact	1.00	1	1	1	行きたいと思ったら「行きたい」とコメントしてね✨ ⏎  ⏎ 長浜の人気スポット ⏎ 「ほっこくスタンド」　hokkoku_stand  ⏎  ⏎ 昼限定のまぜそば＆夜のサク飲み魅力を一挙紹介！ ⏎  ⏎ 実は今、**【9月末までの期間限定】
city_box_unique_strict	イトパン	香川県三豊市	ChIJ0eZ0USV4UTURRxIaAItBqx0	https://www.google.com/maps/place/?q=place_id:ChIJ0eZ0USV4UTURRxIaAItBqx0	伊藤製パン所	香川県三豊市仁尾町仁尾丁３４７	DIFFERENT	0.14	1	1	1	87歳のチヅばあちゃんが1人で営むパン屋さんを紹介します🍞 ⏎  ⏎ 【伊藤製パン】 ⏎ ◎パン各種 110-130円 ⏎  ⏎ 創業70年、通称「イトパン」と呼ばれ地元民に愛され続ける老舗のパン屋さん！ ⏎  ⏎ 87歳のチヅばあちゃんは
city_box_unique_strict	カフェキャメル	山梨県山梨市	ChIJXWblpIf-G2ARHvjWyefd75U	https://www.google.com/maps/place/?q=place_id:ChIJXWblpIf-G2ARHvjWyefd75U	カフェ キャメル	万力1832-5	exact	1.00	1	1	1	行きたいと思ったら「行きたい」ってコメントしてね！ ⏎  ⏎ 【 Cafe Camel 】 ⏎ fi.cafecamel ⏎  ⏎ 山梨市で見つけた居心地がよすぎる ⏎ お気に入りカフェ「カフェキャメル」さん☕️ ⏎  ⏎ 万力公園のすぐ目
city_box_unique_strict	カラオケまねきねこ 盛岡バイパス店	岩手県盛岡市	ChIJEQfPNXx3hV8R9WeUO_XKF6A	https://www.google.com/maps/place/?q=place_id:ChIJEQfPNXx3hV8R9WeUO_XKF6A	カラオケまねきねこ盛岡バイパス店	岩手県盛岡市上堂四丁目３番８号	exact	1.00	1	1	1	PR【盛岡市】岩手初！おかしバーがあるカラオケ店🎤 ⏎  ⏎ ✾ー✾ー✾ー✾ー✾ー✾ー✾ー✾ ⏎ 🐈️カラオケまねきねこ ⏎ 　盛岡バイパス店 ⏎  ⏎ karaoke_manekineko_pr ⏎  ⏎ 定休日 なし ⏎ 営業時間 24
city_box_unique_strict	シーウインド	神奈川県横浜市	ChIJU6ZK-hFcGGAR9a2kgC_Z_x4	https://www.google.com/maps/place/?q=place_id:ChIJU6ZK-hFcGGAR9a2kgC_Z_x4	LOUNGE SEAWIND	西区北幸1-3-23	DIFFERENT	0.00	1	1	1	横浜ベイシェラトン ホテル&タワーズ ラウンジ「シーウインド」 ⏎  ⏎ ナイトスイーツブッフェ ⏎ Sweets Parade ⏎ ～ピーチ＆マンゴー～ ⏎  ⏎ スペシャルデザートのピーチメルバをはじめ桃のショートケーキや濃厚なマンゴー
city_box_unique_strict	スシバハマセット	岩手県北上市	ChIJGRpbVYhEj18R5B6_G2IKKRA	https://www.google.com/maps/place/?q=place_id:ChIJGRpbVYhEj18R5B6_G2IKKRA	すしグルメアメリカンワールド北上	岩手県北上市北鬼柳３２地割３９	DIFFERENT	0.05	1	1	1	行きたいと思ったら「行きたい」って ⏎ コメントしてね！🍣 ⏎  ⏎ 【シーフードレストラン バハマ】 ⏎ sushigurumekita ⏎  ⏎ 北上駅から車で約7分🚗 ⏎ アメリカンワールド内にある ⏎ 人気のシーフードレストランへ行
city_box_unique_strict	センティアホテル内藤	山梨県甲府市	ChIJRfBLSNv5G2ARbFzbrcZ5Hzg	https://www.google.com/maps/place/?q=place_id:ChIJRfBLSNv5G2ARbFzbrcZ5Hzg			not_in_catalog	0.00	1	1	1	行きたいと思った人は「行きたい」とコメントしてね✨ ⏎  ⏎ 【センティア ホテル内藤】 ⏎  centia.hotel_naito  ⏎  ⏎ 甲府で泊まるなら、もうここ一択！🔥 ⏎ 銀座通りから歩いて3分の「センティアホテル内藤」なんだ
city_box_unique_strict	タイ料理 トンロー	山梨県甲府市	ChIJg1MvOyj7G2ARhWTa-DZOfN8	https://www.google.com/maps/place/?q=place_id:ChIJg1MvOyj7G2ARhWTa-DZOfN8	トンロータイ料理	山梨県甲府市向町１４７−１	similar	0.90	1	1	1	行きたいと思ったら「行きたい！」とコメントしてね✨ ⏎  ⏎ 【タイ料理 トンロー】 ⏎ thonglor_koufu  ⏎  ⏎ 甲府市向町にある「タイ料理 トンロー」さん✨ ⏎ 開店前に到着したので運よくすぐに入れましたが、オープン後は
city_box_unique_strict	トレッタ三次	広島県三次市	ChIJASDYtrjqUDUR2O2xnMxt7Y4	https://www.google.com/maps/place/?q=place_id:ChIJASDYtrjqUDUR2O2xnMxt7Y4	トレッタみよし レストラン	東酒屋町438 トレッタみよし	DIFFERENT	0.23	1	1	1	🥖店舗詳細はこちら⬇️ ⏎ いいなと思ったらフォローしてね！ ⏎ 他の投稿はこちら▶ mori.629  ⏎ ———————————— ⏎  ⏎ 🍞ドライブ途中に行ってみた！ ⏎  ⏎ 三次ワイナリーの近く、 ⏎ 三次の人気スポット「トレッ
city_box_unique_strict	ボンブエーノボーノ	滋賀県栗東市	ChIJyRmvUj1yAWARzdqQQkuFBk8	https://www.google.com/maps/place/?q=place_id:ChIJyRmvUj1yAWARzdqQQkuFBk8	Bon Bueno Buono	6 Chome-10-38 Ogaki	exact	0.95	1	1	1	行きたいと思ったら「行きたい！」とコメントしてね✨ ⏎  ⏎ 【 ボンブエーノボーノ 】 ⏎ bon.bueno.buono  ⏎  ⏎ 自家製の水耕栽培野菜をはじめ ⏎ 厳選した食材や無添加の調味料 ⏎ 良質な油にこだわった料理を楽しめる
city_box_unique_strict	メムロピーナッツショップ	北海道帯広市	ChIJDwImagCbc18R5tHrdU6DKz4	https://www.google.com/maps/place/?q=place_id:ChIJDwImagCbc18R5tHrdU6DKz4			not_in_catalog	0.00	1	1	1	いま注目の、あのお店に行ってきました〜🥜🍦♥️ ⏎ 今年６月にオープンしたばかりの、メムロピーナッツショップ。 ⏎ ピーナッツにまつわる服や小物、そして焼き菓子がたくさん並んでいてとってもかわいい！ ⏎  ⏎ そして気になっていたソフトクリ
city_box_unique_strict	メモリアル三条(ミズベリング三条)	新潟県三条市	ChIJC-jac0Xj9F8R9zg1N4_hhDw	https://www.google.com/maps/place/?q=place_id:ChIJC-jac0Xj9F8R9zg1N4_hhDw			not_in_catalog	0.00	1	1	1	【新潟県】この夏、見逃せない夜イベント🫧✨ ⏎ 夜空いっぱいに広がる、“光るシャボン玉”が幻想的すぎる…！ ⏎  ⏎ 7月11日（土）、メモリアル三条にて ⏎ 「洪水災害メモリアル＆ミズベリング三条フェス」が開催🌌 ⏎ このイベントは、洪水
city_box_unique_strict	佐渡うどん 蒼囲(あおい)	新潟県佐渡市	ChIJy2dEML9n818RxFQQ5_Fl1HU	https://www.google.com/maps/place/?q=place_id:ChIJy2dEML9n818RxFQQ5_Fl1HU	佐渡うどん蒼囲（あおい）	乙153-1	exact	1.00	1	1	1	＼佐渡旅行で行ってよかった！大満足ランチ／ ⏎  ⏎ 佐渡旅行で、どうしても行きたかった ⏎ 『佐渡うどん 蒼囲（あおい）』さんへ！ ⏎  ⏎ 緑色のうどんと、巨大かきあげ✨✨　 ⏎  ⏎ ▫️店舗名：佐渡うどん 蒼囲（あおい） ⏎ 　sa
city_box_unique_strict	千織庵	長崎県佐世保市	ChIJ__9S7DmUajURxH_tAfSN5ZY	https://www.google.com/maps/place/?q=place_id:ChIJ__9S7DmUajURxH_tAfSN5ZY	千織庵	長崎県佐世保市常盤町8-12	exact	1.00	1	1	1	. ⏎ ↓お店情報はこちらをチェック↓ ⏎  ⏎ 長崎で本格タイ料理食べるならここおすすめ！ ⏎  ⏎ 佐世保中央駅（松浦鉄道）から徒歩約5分！ ⏎  ⏎ ここは海軍が愛用するほどの ⏎  ⏎ 本格タイ料理！ ⏎  ⏎ グリーンカレーはココ
city_box_unique_strict	半助	香川県高松市	ChIJTeFGhY_rUzURQmHhY0XmeC4	https://www.google.com/maps/place/?q=place_id:ChIJTeFGhY_rUzURQmHhY0XmeC4	うなぎ 焼鳥半助	香川県高松市兵庫町９−１０	similar	0.90	1	1	1	行きたいと思ったら「行きたい！」と ⏎ コメントしてね🍻✨ ⏎  ⏎ 【半助】 ⏎ 香川で美味しい料理とお酒を楽しめる ⏎ 人気店「半助」🍻✨ ⏎  ⏎ お店自慢の料理は、どれもお酒との相性抜群！ ⏎ 一品一品こだわりが感じられて、 ⏎ つ
city_box_unique_strict	和 ともり	香川県高松市	ChIJXR0pX43qUzURDThGL5tH_TY	https://www.google.com/maps/place/?q=place_id:ChIJXR0pX43qUzURDThGL5tH_TY	和 ともり	香川県高松市上林町４０９	exact	1.00	1	1	1	行ってみたいと思ったら「行きたい！」とコメントしてね✨ ⏎  ⏎ 【和ともり】 ⏎  ⏎ 古民家にひっそり佇む、完全予約制の和食店。 旬の食材を一番おいしい状態で味わえる囲炉裏会席が魅力です。 ⏎ 目の前で丁寧に焼き上げられる料理は、香りや
city_box_unique_strict	大衆馬肉酒場 うまる 新潟駅前店	新潟県新潟市	ChIJ1-J5aiTJ9F8R6TTr-pHKoKw	https://www.google.com/maps/place/?q=place_id:ChIJ1-J5aiTJ9F8R6TTr-pHKoKw			not_in_catalog	0.00	1	1	1	【新潟】新潟駅前で見つけた極上馬肉酒場🐴✨ ⏎  ⏎ こんなに贅沢なのにヘルシーだから罪悪感ゼロ…！  ⏎  自分へのご褒美に行きたくなるお店 ⏎ 『大衆馬肉酒場 うまる』さんに行ってきました🤍  目の前で炙ってくれるすき焼きユッケは ⏎ 
city_box_unique_strict	天津飯専門店 てん	香川県高松市	ChIJd1m26vbBUzUR_xl3d43di3U	https://www.google.com/maps/place/?q=place_id:ChIJd1m26vbBUzUR_xl3d43di3U	天津飯専門店 てん	1346 Kagawacho Ono	exact	1.00	1	1	1	行きたいと思ったら「行きたい！」と ⏎ コメントしてね✨ ⏎  ⏎ 【天津飯専門店 てん】 ⏎ ten05.02 ⏎  ⏎ 香川で話題の、天津飯専門店🥚✨ ⏎ 「オモウマい店」にも出演した人気店！ ⏎ 15種類以上の天津飯が楽しめるので、 
city_box_unique_strict	奥平米穀店	北海道帯広市	ChIJ4UgxU_Kbc18RUEwSxWcDAUw	https://www.google.com/maps/place/?q=place_id:ChIJ4UgxU_Kbc18RUEwSxWcDAUw	㈲奥平米穀店	4 Chome-14 Nishi 20 Jominami	exact	1.00	1	1	1	お米屋さんのモーニング🍙♥️もう何年も苦手だった早起きが、最近できるようになってきました👏✨そこでモーニングを攻めてみたいと思い立ち、みなさんにおすすめを聞いてみました📝 ⏎  ⏎ 立地とお腹の空き具合、時間を考慮して、今日は「奥平米穀店」
city_box_unique_strict	安福本店	愛知県春日井市	ChIJu_T4BQBzA2AR3bZSmmcaaOg	https://www.google.com/maps/place/?q=place_id:ChIJu_T4BQBzA2AR3bZSmmcaaOg			not_in_catalog	0.00	1	1	1	春日井市鳥居松町にある焼肉店「安福本店」です、土日はランチ営業しているので週末のお昼に利用してみました。入口で靴を脱いで上がるスタイルで店内はテーブルと掘りごたつで半個室や完全個室と高級感のある雰囲気です。１３時少し前くらいに入りましたがこ
city_box_unique_strict	山とおむすび 銀月舎	滋賀県甲賀市	ChIJO-Hb9UpdAWARrP-xC8BKpO4	https://www.google.com/maps/place/?q=place_id:ChIJO-Hb9UpdAWARrP-xC8BKpO4	BROWN RiCE AND WATER	信楽町勅旨2188-7	DIFFERENT	0.00	1	1	1	行ったことある人や知ってる人は ⏎ 感想や意見をコメントで教えてね🍙 ⏎  ⏎ 【山とおむすび 銀月舎】 ⏎ gingetsusha_cafe  ⏎  ⏎ 滋賀県民ならもう知ってるよね？🍙✨  実は県外からもお客さんが訪れる、 ⏎ 大人気の
city_box_unique_strict	新柳本店	新潟県新発田市	ChIJCWS8QXgxi18R051elAZ09pE	https://www.google.com/maps/place/?q=place_id:ChIJCWS8QXgxi18R051elAZ09pE	新柳本店	新潟県新発田市諏訪町３丁目３−１３	exact	1.00	1	1	1	【新発田市】ぷるぷる食感🌿水わらび餅。 ⏎  ⏎ ぷるんと揺れる透明な雫に、 ⏎ きな粉と濃厚な黒蜜をとろりとかけて☺️🤍 ⏎  ⏎ 📍新柳本店 ⏎ 新潟県新発田市諏訪町３丁目３−１３  shinyanagi_honten  ⏎  ⏎ #夏
city_box_unique_strict	旦宵どてら	香川県高松市	ChIJNz7hpFfrUzURtia6icW4qG0	https://www.google.com/maps/place/?q=place_id:ChIJNz7hpFfrUzURtia6icW4qG0			not_in_catalog	0.00	1	1	1	行きたいと思ったら「行きたい！」とコメントしてね✨ ⏎  ⏎ 【旦宵どてら】 ⏎  ⏎ 高松で朝ごはん食べるならここ！ ⏎  ⏎ 片原町駅近くにある「旦宵どてら」さんへ。 ⏎  ⏎ 今回は朝の時間に行って、銀鮭定食を食べてきました！ ⏎  
city_box_unique_strict	済田工務店モデルハウス	石川県白山市	ChIJw2lD3-1I-F8RRnhbvNwqkr0	https://www.google.com/maps/place/?q=place_id:ChIJw2lD3-1I-F8RRnhbvNwqkr0			not_in_catalog	0.00	1	1	1	創業100年以上の老舗工務店が ⏎ 本気でつくった白山市のおしゃれすぎる ⏎ モデルハウス🏠🌿 ⏎  ⏎ 今回行ってきたのは、 ⏎ 済田工務店さんのモデルハウス ⏎ 「杼の家（どんぐりのいえ）」。 ⏎  ⏎ 能登ヒバの木のぬくもりや、 ⏎ 
city_box_unique_strict	炭火野菜巻き串と餃子 博多うずまき 金沢駅前店	石川県金沢市	ChIJOY0ryhQz-F8RwxEJP0Z3U5U	https://www.google.com/maps/place/?q=place_id:ChIJOY0ryhQz-F8RwxEJP0Z3U5U			not_in_catalog	0.00	1	1	1	｟金沢駅前に6月1日 NEW OPEN🍻✨｠ ⏎  ⏎ ＼オープン記念イベント開催！／ ⏎ 6月1日〜6月7日まで限定で、 ⏎ 生ビール・ハイボール・レモンサワーが ⏎ 何杯飲んでも、なんと1杯88円（税込）😳🔥 ⏎  ⏎ これはお得すぎる
city_box_unique_strict	焼肉ホルモンたけ田	東京都豊島区	ChIJLczuAL-NGGARsdwB9g1VmZE	https://www.google.com/maps/place/?q=place_id:ChIJLczuAL-NGGARsdwB9g1VmZE	池袋焼肉ホルモンたけ田【南口】	東京都豊島区南池袋１丁目１９−２	exact	0.95	1	1	1	【焼肉ホルモンたけ田】 ⏎  ⏎ 池袋・新宿で大人気のコスパ最強店 ⏎ 「焼肉ホルモンたけ田」 ⏎ A5和牛肉食べ放題はさすがにヤバい！ ⏎ プリップリの仙台牛タンに超厚切りドラゴンカルビは絶対食べて！ ⏎ メニューは100品以上と豊富でこ
city_box_unique_strict	紙ひこうき	山梨県甲斐市	ChIJQbx-Ssf3G2ARoJ6pX3QyhiM	https://www.google.com/maps/place/?q=place_id:ChIJQbx-Ssf3G2ARoJ6pX3QyhiM	紙ひこうき	山梨県甲斐市長塚１６４−１	exact	1.00	1	1	1	行きたいと思ったら、”行きたい！”とコメントしてね！ ⏎  ⏎ 【 紙ひこうき 】 ⏎  ⏎ 山梨県甲斐市で人気の洋食店  「紙ひこうき」 ⏎ オムライス好きなら  一度は訪れてほしいお店です🥚 ⏎ 今回いただいたのは  ふわとろ卵が美しい
city_box_unique_strict	肉complete	石川県金沢市	ChIJi5klS-Qz-F8RfaUVAZeIwVs	https://www.google.com/maps/place/?q=place_id:ChIJi5klS-Qz-F8RfaUVAZeIwVs			not_in_catalog	0.00	1	1	1	＼厚切り極上タンを含む全70品が食べ放題！🥩／ ⏎  ⏎ 金沢・せせらぎ通りにある ⏎ 「肉complete」へ！ ⏎  ⏎ 名物は、厚さ10mmの厚切り極上牛タン！ ⏎ 肉厚なのに柔らかくて、 ⏎ 本当にいつ来ても美味しい🤤 ⏎  ⏎ ほ
city_box_unique_strict	肉屋の本格焼肉 一期一会	広島県広島市	ChIJV-b9yDGjWjURdCSF8CUcTs8	https://www.google.com/maps/place/?q=place_id:ChIJV-b9yDGjWjURdCSF8CUcTs8	一期一会	西区草津南1-6-2	exact	0.95	1	1	1	🥩店舗詳細はこちら⬇️ ⏎ いいなと思ったらフォローしてね！ ⏎ 他の投稿はこちら▶ mori.629  ⏎  ⏎ ———————————— ⏎  ⏎ 🥩お肉屋さん直営だからこそ！ ⏎ 低価格で、最高品質のお肉が楽しめる焼肉店✨ ⏎  ⏎ 
city_box_unique_strict	船町ベースカフェ	岐阜県大垣市	ChIJRQBRiMGxA2ARmR7K2L4Ll64	https://www.google.com/maps/place/?q=place_id:ChIJRQBRiMGxA2ARmR7K2L4Ll64	船町ベース	2 Chome-1 Funamachi	exact	0.95	1	1	1	大垣市船町にあるお店「船町ベースカフェ」です、休日の午前中に利用してみました。店内のカフェスペースとテラス席があり、１０時３０分くらいに入りましたがお客さんはまばらな感じでしたね、この日は涼しく過ごしやすい気候の日だったのでテラス席でいただ
city_box_unique_strict	茶館 きっかわ 嘉門亭	新潟県村上市	ChIJG4SX9nlvi18R4yUAXlReg5I	https://www.google.com/maps/place/?q=place_id:ChIJG4SX9nlvi18R4yUAXlReg5I	茶館きっかわ 嘉門亭	新潟県村上市大町３−７	exact	1.00	1	1	1	新潟にこんな素敵な場所があったなんて…🥺✨ ⏎  ⏎ 週末のご褒美に行きたい、極上の和カフェ🍵 ⏎ 村上市にある「茶館 きっかわ 嘉門亭」さん。 ⏎  ⏎ 📍店舗情報 ⏎ 店名：茶館 きっかわ 嘉門亭 ⏎ kikkawa1626  ⏎ 住所
city_box_unique_strict	蓮沼ウォーターガーデン	千葉県山武市	ChIJT6atyLTCImARJgDLP3iEiBs	https://www.google.com/maps/place/?q=place_id:ChIJT6atyLTCImARJgDLP3iEiBs	蓮沼ウォーターガーデン　 うず売店	千葉県山武市蓮沼ホ３６８－１	exact	0.95	1	1	1	👇プールの途中で浜焼き？！⛱️🌊 ⏎  ⏎ 【　BEACH HOUSE HIRANO　】 ⏎  ⏎ 🏖️千葉県の巨大プール『蓮沼ウォーターガーデン』 ⏎ 　今回は裏技ご紹介✨ ⏎ 　蓮沼ウォーターガーデンは無料で再入場スタンプ押してもらえて
city_box_unique_strict	虎虎マーラータン	岩手県盛岡市	ChIJc7SfRwB3hV8R__8vrfxKYzw	https://www.google.com/maps/place/?q=place_id:ChIJc7SfRwB3hV8R__8vrfxKYzw	虎虎マーラータン	岩手県盛岡市前潟二丁目３番６号	exact	1.00	1	1	1	【盛岡市】NEWオープン！食べてととのう麻辣湯🔥 ⏎  ⏎ ✾ー✾ー✾ー✾ー✾ー✾ー✾ー✾ ⏎ 🔥虎虎マーラータン ⏎  ⏎ fufu.maratan ⏎  ⏎ 定休日 なし ⏎ 営業時間 11:00〜15:00(L.O.14:30) ⏎ 
city_box_unique_strict	讃岐らーめん はまの	香川県高松市	ChIJucgKYOvCUzURa6xCwOw6Hxk	https://www.google.com/maps/place/?q=place_id:ChIJucgKYOvCUzURa6xCwOw6Hxk	讃岐らーめん はまの	香川県高松市国分寺町新居１００４−３	exact	1.00	1	1	1	行きたいと思ったら「行きたい！」とコメントしてね✨ ⏎  ⏎ 【讃岐らーめん はまの】 ⏎ ramen_sanuki ⏎  ⏎ 香川県高松市にある「讃岐らーめん はまの」🍜✨ ⏎  ⏎ こちらの名物は、 ⏎ うどん県ならではの発想から生まれ
city_box_unique_strict	足軽おにぎり 金沢店	石川県金沢市	ChIJBXGtU1A1-F8R4E2eGmfasmA	https://www.google.com/maps/place/?q=place_id:ChIJBXGtU1A1-F8R4E2eGmfasmA			not_in_catalog	0.00	1	1	1	｟金沢・片町に 7/4(土)NEW OPEN🍙✨｠ ⏎  ⏎ 片町に朝7時から行ける ⏎ おにぎり屋さんが登場🎊👏 ⏎  ⏎ ここ、雰囲気抜群の店内で、 ⏎ 朝から幸せすぎるおにぎりが楽しめるお店！✨ ⏎  ⏎ 焼肉屋さんならではの、 ⏎ 
city_box_unique_strict	近江 かど萬	滋賀県大津市	ChIJTfc6vl8MAWARYnglrpGOdNg	https://www.google.com/maps/place/?q=place_id:ChIJTfc6vl8MAWARYnglrpGOdNg	かど萬	滋賀県大津市中央１丁目７−３５	exact	0.95	1	1	1	行きたいと思った人は「行きたい」とコメントしてね✨ ⏎  ⏎ 【近江 かど萬】 ⏎ oumikadoman  ⏎  ⏎ 大津ICから車でわずか5分🚗 ⏎  滋賀で見つけた創業120年の老舗「近江 かど萬」をご紹介✨ ⏎  ⏎ 特別な記念日や
city_box_unique_strict	遊食刻 金沢駅前店	石川県金沢市	ChIJ6zVVE5sz-F8RiYUgGZvKqSM	https://www.google.com/maps/place/?q=place_id:ChIJ6zVVE5sz-F8RiYUgGZvKqSM			not_in_catalog	0.00	1	1	1	｟金沢駅前に7月1日 NEW OPEN🍻✨｠ ⏎  ⏎ 金沢駅から徒歩6分の場所に ⏎ 富山の名店「遊食刻」がニューオープン🎊👏 ⏎  ⏎ ここ、富山湾直送の ⏎ 新鮮な海鮮が楽しめるお店で、 ⏎  ⏎ ホタルイカの沖漬け、白エビのお造り、
city_box_unique_strict	銘庭の宿 ホテル甲子園	山梨県笛吹市	ChIJfYtIQvD7G2ARgEjAUknznaU	https://www.google.com/maps/place/?q=place_id:ChIJfYtIQvD7G2ARgEjAUknznaU	ホテル甲子園　クラブ竹	山梨県笛吹市石和町市部９７７－７	DIFFERENT	0.42	1	1	1	行きたいと思ったら「行きたい！」とコメントしてね✨ ⏎  ⏎ 【銘庭の宿 ホテル甲子園】 ⏎ hotelkoushien  ⏎  ⏎ ここだけの話ですが…🤫  ⏎ 山梨でゆっくり過ごしたいなら「銘庭の宿 ホテル甲子園」はぜひチェックしてほし
city_box_unique_strict	騎射場の居酒屋『ペンギン酒店』	鹿児島県鹿児島市	ChIJZyFyx55nPjUR8QZ3iwfivgw	https://www.google.com/maps/place/?q=place_id:ChIJZyFyx55nPjUR8QZ3iwfivgw	ペンギン酒店	鹿児島県鹿児島市荒田２丁目７６−８	exact	0.95	1	1	1	『あなたにとって鹿児島No.1のお店は？』 ⏎  ⏎ 本日紹介して頂いたお店は ⏎ penguinsaketen ⏎  ⏎ 📍騎射場の居酒屋『ペンギン酒店』 ⏎ 鹿児島市荒田２丁目７６−８ さくら咲ビル 1Ｆ ⏎ ⏰ 16:00-22:00
probes_disagree	fruits forest	新潟県新潟市						0.00	1	1	1	行きたくなったら『♥️』コメントで教えてください🎶 ⏎  ⏎ フルーツフォレスト ⏎  ⏎ インパクト抜群‼️ ⏎ 今が美味しい至福の生メロンソーダ🍈✨️ ⏎  ⏎ 大玉メロンをまるっと半玉使用した ⏎ 生メロンクリームソーダは ⏎ メロン
probes_disagree	まんぷく庵	千葉県市川市						0.00	1	1	1	👇3ヶ月の工事を経てリニューアルオープン‼️ ⏎  ⏎ 【　楽天地天然温泉 法典の湯　】 ⏎  ⏎ ♨️源泉掛け流し風呂もある法典の湯がリニューアルオープンしたよ！ ⏎ 　炭酸泉、ジェットバスなど施設充実😊 ⏎  地下1500mから汲み上げ
probes_disagree	十勝ヒルズ アンブレラスカイ	北海道帯広市						0.00	1	1	1	とかちのゴールデンウィークのデートスポットをまとめました🌸🩷✨この時期ならではの楽しみがいっぱいです😊🫶 ⏎  ⏎ 📍帯廣神社の花手水 ⏎ obihirojinja  ⏎ 5月1日〜6日まで。お散歩にぴったり！ ⏎ 〒080-0803 北海
probes_disagree	壱製パン所	滋賀県草津市						0.00	1	1	1	行きたいと思ったら『行きたい！』とコメントしてね！ ⏎  ⏎ 【NICOLAO Coffee and Sandwich KUSATSU COCORIVA】 ⏎ nicolao_kusatsu_cocoriva ⏎  ⏎ JR草津駅から徒歩8
probes_disagree	食堂えびちゃん	大阪府大阪市						0.00	1	1	1	京都河原町にある『食堂えびちゃん』。 ⏎  ⏎ 定期的にお伺いさせてもらってますがやっぱりここは最高😆✨⁡ ⏎  ⏎ 今年に入ってからの何回かをまとめて投稿ー！ ⏎ ⁡⁡ ⏎ 名物の手羽先はシンプルながら病みつきになる味わい。皮がパリッパリ
probes_disagree	飴のち林檎	香川県高松市						0.00	1	1	1	行きたいと思ったら「行きたい！」とコメントしてね✨ ⏎  ⏎ 【飴のち林檎】 ⏎ amenochi.ringo ⏎  ⏎ 香川で話題の、土日限定りんご飴専門店🍎✨ ⏎  ⏎ パリッと薄くコーティングされた飴と、みずみずしいりんごの組み合わせ
area_query_not_unique	sunsetシート	千葉県千葉市						0.00	1	5	1	👇本日オープン！千葉の人気プール✨ ⏎  ⏎ 【稲毛海浜公園プール】 ⏎  ⏎ 🛟千葉県でおっきいプールと言えばここ‼️ ⏎ 　リニューアルし、今年は新アクティビティが登場したよ！難しくて落ちちゃうけど、笑いすぎてお腹痛くなるほど楽しい！！
area_query_not_unique	あきさかり	広島県広島市						0.00	1	5	1	🍙店舗詳細はこちら⬇️ ⏎ いいなと思ったらフォローしてね！ ⏎ 他の投稿はこちら▶ mori.629  ⏎  ⏎ ———————————— ⏎  ⏎ 📍平和大通りからじぞう通りに入ってすぐ！ ⏎  ⏎ ドライブや旅行のお供にもぴったり🚗✨
area_query_not_unique	さかなのじんべえ 梅田店	大阪府大阪市						0.00	1	4	1	2026年7月大阪・梅田のお初天神にリニューアルオープンした『さかなのじんべえ 梅田店』さん。 ⏎ ⁡ ⏎ 大阪市内で人気の「じんべえ」系列が、お初天神エリアにリニューアルオープン！ ⏎ ⁡ ⏎ 自社仲卸「魚屋海老蔵」から毎日届く鮮魚を使っ
area_query_not_unique	さのなおし	愛知県名古屋市						0.00	1	5	1	.｡.:*☆ ⏎ 名古屋市中村区名駅４丁目2-13の ⏎ 【鳥ぶら】さん✨ ⏎ toribura_phads  ⏎  ⏎ 8月10日オープン！！ ⏎ 焼鳥90円〜・生ビール190円 ⏎  ⏎ ■塩焼鳥　220円 ⏎ ■赤ひも　180円 ⏎ 
area_query_not_unique	キャンピングカーレンタル j-can 金沢店	石川県金沢市						0.00	1	5	1	【キャンペーン情報は最後に🉐】 ⏎  ⏎ 実は今、石川県でも ⏎ キャンピングカーで ⏎ こんな旅ができるんです🚘 ⏎  ⏎ 今回は6人でキャンピングカーに乗って、 ⏎ 石川県内を旅してきました🙌 ⏎  ⏎ 千里浜を走ったり、 ⏎ 好きな場
area_query_not_unique	スイーツwest百名店2023	滋賀県守山市						0.00	1	5	1	行きたいと思ったら『行きたい！』とコメントしてね！ ⏎  ⏎ 【ドゥブルベ ボレロ】 ⏎ w.bolero_official ⏎  ⏎ JR守山駅から車で8分🚗 ⏎ 世界的なトップショコラティエによる ⏎ 2004年オープンの人気パティスリ
area_query_not_unique	デコねこピザトースト	福島県郡山市						0.00	1	5	1	行ってみたい人はコメント欄に「🐱」で教えてね！ ⏎  ⏎ 【古民家カフェ140Decorico】  ⏎ decorico140 ⏎  ⏎ 福島県郡山市で ⏎ 猫好きにはたまらない癒しカフェを発見！ ⏎ 絵付け体験もできる、 ⏎ 縄文ねこモチ
area_query_not_unique	パティスリーsatsuki	東京都千代田区						0.00	1	2	1	ホテルニューオータニ東京　パン＆ケーキ「パティスリーSATSUKI」 ⏎ hotelnewotanitokyo ⏎  ⏎ スーパーモンブラン ⏎ 9/1発売🤎 ⏎  ⏎ 和栗の最高峰とも称される兵庫県産「銀寄（ぎんよせ）」　使用したスーパー
area_query_not_unique	ピカチュウのさとやま	石川県輪島市						0.00	1	3	1	世界初！🌏✨ ⏎  ⏎ 石川県・能登に、 ⏎ ポケモンの名前がついた空港が誕生✈️⚡️ ⏎  ⏎ その名も、 ⏎ のと里山ポケモン・ウィズ・ユー空港！ ⏎  ⏎ 空港に入ると、 ⏎ 飛行機に乗った大きなピカチュウバルーンが ⏎ お出迎えして
area_query_not_unique	フルバニ	愛媛県八幡浜市						0.00	1	5	1	行きたいと思ったら「行きたい！」ってコメントしてね！ ⏎  ⏎ 【オランジュルクラ】 ⏎ cafe.orangelecura  ⏎  ⏎ 季節のフルーツを使ったスイーツが人気の ⏎ カフェオランジュルクラで ⏎ 新発売の「フルバニ」が登場！
area_query_not_unique	ホワイトチョコムースと柚子ミントジュレ	東京都新宿区						0.00	1	2	1	キンプトン新宿東京  ディストリクト ブラッスリー・バー・ラウンジ ⏎  ⏎ Minty Spark Yuzu Cooling Afternoon Tea🛁 ⏎  ⏎ SABON×キンプトン新宿東京 コラボアフタヌーンティー🫧🫖 ⏎  ⏎ 
area_query_not_unique	マインクラフト・ザ・ムービー	石川県金沢市						0.00	1	5	1	【石川県 8月イベント14選🌻】 ⏎  ⏎ 皆さんこんばんは！ ⏎ 石川県のおでかけ・グルメ情報を ⏎ 発信している、はる夫婦です😊 ⏎  ⏎ 今回は、8月に楽しめる ⏎ 石川県のイベント14選をご紹介！ ⏎  ⏎ 花火大会や夏祭り、野外シ
area_query_not_unique	湯田ミルク	岩手県北上市						0.00	1	3	1	行きたいと思ったら「︎行きたい！」とコメントしてね！ ⏎  ⏎ 【 gelateria ito 】 ⏎  ⏎ 人気のジェラート専門店🍨 ⏎ 地元・岩手の素材を活かした濃厚なジェラートが評判のお店。 ⏎ ショーケースには季節限定を含むさまざま
area_query_not_unique	漣 -ren-	山形県鶴岡市						0.00	1	5	1	行ってみたいと思った人は「行きたい」とコメントしてね✨ ⏎  ⏎ 【游水亭 いさごや】  ⏎ y.isagoya  ⏎  ⏎ 日頃の仕事やスマホ通知に追われて「ちょっと疲れ気味かも…」という人に絶対行ってほしいのが、山形県鶴岡市にある「あえ
area_query_not_unique	純粋豆乳	滋賀県長浜市						0.00	1	2	1	行きたいと思ったら『行きたい！』とコメントしてね！ ⏎  ⏎ 【moon cafe】 ⏎ mooncafe03 ⏎  ⏎ JR長浜駅から徒歩14分🚶‍♀️ ⏎ ３月１日にオープンのアイス屋さん🍨 ⏎  ⏎ 滋賀県産大豆を贅沢に使った豆乳アイ
area_query_not_unique	見える化	石川県白山市						0.00	1	5	1	AIって、ここまで来たんや…😳 ⏎  ⏎ 整体って聞くと、 ⏎ 「体を見てもらって、整えてもらう場所」 ⏎ というイメージがあったんだけど、 ⏎  ⏎ ここはまず、自分の体のクセを ⏎ 『見える化』できるのがすごかった！！ ⏎  ⏎ 普段の
city_box_not_unique	行きたくなるお店	富山県富山市						0.00	20	5	6	オリジナルの一杯を作れる麻辣湯専門店🍜 ⏎  ⏎ 【toyamashokujikai 】👈他の富山グルメはこちら ⏎  ⏎ 見返せるよう”保存”フォロー” ⏎ よろしくお願いします！ ⏎ —————————— ⏎ 【店名】 ⏎ 李暁七麻辣湯
city_box_not_unique	スタジアムシティノース	長崎県長崎市						0.00	5	1	3	行ったことある人や知ってる人は ⏎ 感想や意見をコメントで教えてね✨ ⏎  ⏎ 【マリオンクレープ】 ⏎ marionjapan ⏎  ⏎ スタジアムの中でクレープ食べれるって ⏎ 最高すぎない？🥹🤍 ⏎ 長崎スタジアムシティ内にあるクレー
city_box_not_unique	寺井田	長崎県長崎市						0.00	2	2	3	【喫茶サテンドール】 ⏎  ⏎ 長崎で人気のデカ盛りトルコライスのお店、喫茶サテンドール。 ⏎ 小盛りでも十分なボリュームですが、 ⏎ 大盛りは思わず驚くほどの迫力…😳 ⏎ カレーピラフにサクサクのトンカツに唐揚げ、満足感たっぷりの一皿でし
city_box_not_unique	行きたくなるお店	富山県高岡市						0.00	20	5	3	コスパ最強うなぎ屋さんに新メニュー✨ ⏎  ⏎ 【toyamashokujikai 】👈他の富山グルメはこちら ⏎  ⏎ 見返せるよう”保存”フォロー” ⏎ よろしくお願いします！ ⏎ —————————— ⏎ 【店名】 ⏎ 鰻の成瀬 富山
city_box_not_unique	エクシアホワイトニング	東京都台東区						0.00	3	5	2	デート前に必見！！！ ⏎  ⏎ せっかくのデート、失敗したくないよね？ ⏎ おしゃれをして準備が整ったつもりでも ⏎ かなり忘れがちな..... ⏎  ⏎ それは『歯のケア』 ⏎  ⏎ 歯が黄ばんでるだけで、笑顔が引かれるって知ってた？ ⏎
city_box_not_unique	ホルモン五種盛り	和歌山県岩出市						0.00	8	5	2	15周年おめでとうございます🎉 ... ⏎ 👇店舗詳細 ⏎ ✅ 他の投稿も是非 ▶︎ wakayama_lunch_dinner ⏎ ⚪️———————————⚪️ ⏎ 【🏠店名】 ⏎ 　炭火焼肉・ホルモン 天大商店 岩出店( tendai
city_box_not_unique	一汁三菜	岡山県倉敷市						0.00	20	5	2	武士のようなマスターが営む家族愛あふれる日本茶屋を紹介します🍵 ⏎  ⏎ 【士水】 ⏎ ◎冷抹茶 750円 ⏎ 　朝ごはん「一汁三菜」 750円 ⏎  ⏎ 倉敷の美観地区にある築100年の古民家を改装した昔懐かしい風情漂う茶屋！ ⏎  ⏎ 
city_box_not_unique	米粉ラーメン開発プロジェクト	新潟県新潟市						0.00	8	5	2	行きたくなったらコメントで教えてください🎶 ⏎  ⏎ 新潟古町で創業20年 ⏎ この超人気坦々麺、知ってる？ ⏎  ⏎ 一番人気の【えびすの赤担々麺 1,100円】は ⏎ 創業当時から変わらぬ味 ⏎ 濃厚なスープと旨辛な肉味噌が絡み合う ⏎
city_box_not_unique	虹の果	広島県広島市						0.00	2	5	2	☕️店舗詳細はこちら⬇️ ⏎  ⏎ 喫茶店のホットサンドって、なんでこんなに美味しいんだろ？🤤 ⏎ たまごがたっぷり！！　 ⏎ サラダ付きなのも嬉しい！ ⏎  ⏎ 🍓プレミアム国産夏いちご「虹の果」を贅沢に使った、特別なパンケーキ！ ⏎  
city_box_not_unique	震災遺構仙台市立荒浜小学校前	宮城県仙台市						0.00	4	3	2	↓店舗詳細はこちらをご覧下さい↓ sendai_gurume2022 ←他の投稿はココ！ ⏎  ⏎ 深沼ビーチタウンin深沼海水浴場 ⏎  ⏎ ◎出展者◎ ⏎ ぷんたモグモグさん ⏎ https://www.instagram.com/pu
city_box_not_unique	.雲丹・いくら・こうね	広島県広島市						0.00	20	5	1	🍽️店舗詳細はこちら⬇️ ⏎  ⏎ 4人で女子会！ ⏎  ⏎ 知る人ぞ知る隠れ家のようなお店で、 ⏎ 「こんな所にこんなお店があったの!?」って思う人も多いはず☺️ ⏎  ⏎ そして… ⏎ お料理のレベルの高さにびっくり‼️✨ ⏎ どれも美
city_box_not_unique	abib(アビブ)	愛知県名古屋市						0.00	9	5	1	.｡.:*☆ ⏎ 愛知県名古屋市中区栄１丁目３−３ ⏎ ヒルトン名古屋の ⏎ 【インプレイス3-3】さん✨ ⏎ hiltonnagoya ⏎  ⏎ 《韓国スイーツの ⏎ 　　　サマーアフタヌーンティー第二弾》 ⏎  ⏎ スイーツは全7種類、
city_box_not_unique	jing tea	東京都新宿区						0.00	3	3	1	ハイアットリージェンシー東京　Nineteen Eighty Lounge and Bar ⏎  ⏎ 　 ⏎  ⏎ ピエール・エルメ・パリ 果実のアフタヌーンティー🍋 ⏎  ⏎ ピエール・エルメ・パリによる、シトラスやマンゴー、パッションフ
city_box_not_unique	nanairo	鹿児島県鹿児島市						0.00	2	5	1	『鹿児島おすすめ飲食店BEST3聞いてみた！』 ⏎  ⏎ 👑3位👑 ⏎ 季節屋 久 ⏎ kisetuya_kyu  ⏎ 📍鹿児島県鹿児島市山之口町8-43 ⏎ ☎099-226-1809 ⏎ ⏰営業時間 ⏎ (月～木)18:00～23:30
city_box_not_unique	nikuo stand	石川県金沢市						0.00	2	1	1	｟金沢に7月2日 NEW OPEN🥩✨｠ ⏎  ⏎ おうち焼肉が劇的にレベルアップする ⏎ 持ち帰り焼肉セット専門店が新登場🎊👏 ⏎  ⏎ ここ、ただのお肉屋さんではなく、 ⏎ 1950年創業の老舗精肉店 ⏎ 「NIKUO 中谷精肉店」が手
city_box_not_unique	onana+	石川県金沢市						0.00	2	1	1	片町で遊ぶならここオススメ✨ ⏎ ⁡  ⏎ 1人1時間500円で遊び放題の  ⏎ レンタルスペース「Onana+」を紹介します🎮🎤  ⏎ ⁡  ⏎ ここは片町の中心街からすぐの  ⏎ エルビルウエストB1Fにあるレンタルスペース✨  ⏎ ⁡
city_box_not_unique	susuru	富山県富山市						0.00	5	5	1	・ ⏎ 【toyamashokujikai 】👈他の富山グルメはこちら ⏎ ▶︎富山で全国の美味しいラーメンをすすろう！🍜 ⏎ 【イベント名】 ⏎ SUSURU TV. presents 富山ラーメンフェス ⏎ 【会場🏠】 ⏎ 〒930-0
city_box_not_unique	été(エテ)	東京都中央区						0.00	4	3	1	Blue Box Cafe by Natsuko Shoji ⏎  ⏎ Tiffany Afternoon Tea ⏎  ⏎ カフェのメニューは東京・代々木上原のフレンチレストラン「été（エテ）」の庄司夏子シェフが監修！ ⏎  ⏎ 華やか
city_box_not_unique	ありがとう	岩手県北上市						0.00	20	5	1	【北上市】復活の大還元セール❤️‍🔥 ⏎  ⏎ ✾ー✾ー✾ー✾ー✾ー✾ー✾ー✾ ⏎  ⏎ 💫あそビレッジ北上店 ⏎  　大還元セール ⏎  ⏎ asovillage_kitakami ⏎  ⏎ 開催期間 8/11(火)〜8/16(日) ⏎ 
city_box_not_unique	いちごのかき氷	滋賀県守山市						0.00	16	5	1	行きたいと思ったら『行きたい！』とコメントしてね！ ⏎  ⏎ 【河西いちご園】 ⏎ kawanishi15farm ⏎  ⏎ 守山市にある人気のいちご園🍓 ⏎ 毎年12月〜5月頃までは、 ⏎ 採れたていちごの直売を実施✨　 ⏎  シーズン以
city_box_not_unique	おでかけスポット	新潟県新発田市						0.00	18	5	1	城下町【新発田】でおでかけドライブ🚗🌿 ⏎  ⏎ 美味しいグルメとレトロな雰囲気に癒やされる、 おすすめの休日コースを巡ってきました✨ ⏎  ⏎ ───────────── ⏎ 📍おでかけスポット ⏎  ① おだいどころ さくたろう  sa
city_box_not_unique	お絵かきniko	石川県小松市						0.00	3	5	1	【石川県 7月イベント8選🌻】 ⏎  ⏎ 皆さんこんばんは！ ⏎ 石川県のおでかけ・グルメ情報を ⏎ 発信している、はる夫婦です😊 ⏎  ⏎ 今回は、7月に楽しめる ⏎ 石川県のイベント8選をご紹介！ ⏎  ⏎ 能登の伝統祭り、花火大会、 
city_box_not_unique	お諏訪さん	長崎県長崎市						0.00	17	2	1	行きたいと思ったら「⛩️」ってコメントしてね ⏎  ⏎ 【月見茶屋】 ⏎  ⏎ 長崎の人が親しみをこめて「お諏訪さん」とよぶ「諏訪神社」 ⏎ その敷地内にある月見茶屋🍵 ⏎ なんと開業は1885年！ ⏎  ⏎ 昔ながらの外観と落ち着く雰囲気
city_box_not_unique	こだわりランチ&自家製デザート	香川県東かがわ市						0.00	16	5	1	行きたいと思ったら「行きたい」ってコメントしてね！ ⏎  ⏎ 【cafe village】 ⏎ cafe.village_onelove ⏎  ⏎ 東かがわ市に注目の素敵カフェがあるの知ってる？ ⏎ 讃岐白鳥から車で25分 ⏎  ⏎ ほっこ
city_box_not_unique	ごはんのおとも	広島県広島市						0.00	20	5	1	🍙店舗詳細はこちら⬇️ ⏎ 他の投稿はこちら▶ mori.629  ⏎  ⏎ ＼2026年8月1日スタート‼️／ ⏎ グランドプリンスホテル広島の朝食ブッフェ「瀬戸内朝食」に、おにぎり太郎さんと共同考案したホテル限定の「ごはんのおとも」が登
city_box_not_unique	ご褒美かき氷	広島県広島市						0.00	20	5	1	☕️店舗詳細はこちら⬇️ ⏎  ⏎ もりカフェです！- ̗̀( ˶^ᵕ'˶)b  ⏎ 見ていただきありがとうございます。　 ⏎ 他の投稿はこちら▶ mori.629  ⏎  ⏎ ———————————— ⏎  ⏎ 🍧✨三滝荘の専属ウエディン
city_box_not_unique	せんば牛	千葉県千葉市						0.00	20	5	1	👇精肉工場直営店がすごかった ⏎  ⏎ 【　シェフミートチグサ直営ショップ ちぐさ　】 ⏎  ⏎ 🐃肉屋さんに行列？！ ⏎  ここは地元で有名な精肉工場の直営店 ⏎   お肉が安いというより、上質の美味しい〜お肉がお得に買える！𓌉𓇋 🥩✨️
city_box_not_unique	つぶ貝のアヒージョ	滋賀県大津市						0.00	3	5	1	行きたいと思ったら「行きたい！」と ⏎ コメントしてね🔥 ⏎  ⏎ 【どてっぱん石山駅前店】 ⏎  doteppan_ishiyamaekimae  ⏎  ⏎ 実はここ、もんじゃやお好み焼きだけじゃない！ ⏎ この夏は、鉄板焼きが手がける 
city_box_not_unique	とろける名物わらび餅	福島県郡山市						0.00	3	3	1	行きたいと思ったら「行きたい！」とコメントしてね✨ ⏎  ⏎ 【WARABIYA郡山店】 warabiya_fukushima_koriyama  ⏎  ⏎ 郡山で喜ばれる手土産ならここ！ ⏎ 大人が夢中になる極上和スイーツ知ってる？  ⏎
city_box_not_unique	どっすんこそばセット	滋賀県高島市						0.00	10	5	1	行きたいと思ったら『行きたい！』とコメントしてね！ ⏎  ⏎ 【そばのみみ】 ⏎ marucos_kominka ⏎  ⏎ 営業日は土日のみ！ ⏎ 週2日しかオープンしないお蕎麦屋さん。 ⏎  ⏎ JR湖西線近江中庄駅から徒歩3分。 ⏎ 大
city_box_not_unique	ゆず味噌焼きおにぎり	福島県福島市						0.00	20	5	1	行ってみたい人はコメント欄に「🍙」で教えてね！ ⏎  ⏎ 【ゆず沢の茶屋】 ⏎  ⏎ 福島市で ⏎ ホッと癒やされる ⏎ 和食ランチを ⏎ 満喫するなら絶対ここ！ ⏎ 自然の中に佇む、 ⏎ 囲炉裏のある ⏎ 昔ながらの大人気古民家茶屋🍵✨ 
city_box_not_unique	アイシー・マスカット・ブロッサム	東京都渋谷区						0.00	3	2	1	MERCER BRUNCH EBISU ⏎  ⏎ シャインマスカットアフタヌーンティー🍇💚 ⏎  ⏎ 　　　　　　 ⏎ 7月1日スタート🎀🍞 ⏎  ⏎ 【メニュー】 ⏎ ▪️フレンチトースト ⏎ 厚切り抹茶ブリオッシュ/サワーディプロクリー
city_box_not_unique	アクアゾーン	千葉県野田市						0.00	6	5	1	👇ひろーーい国内最大級遊び場！！ ⏎  ⏎ 【　清水公園　】 ⏎  ⏎ 🛝2026年今年リニューアルもあった巨大遊び場、行ったことある？まじで一日ではまわりきれなった👀！ファミリーにおすすめしたいっ ⏎  ⏎ 🛝動物に餌やり！ ⏎ 放し飼い
city_box_not_unique	イチゴミルクカスタード	岩手県盛岡市						0.00	17	5	1	行きたいと思ったら「行きたい！」とコメントしてね✨ ⏎ 【福田パン みたけ店】 ⏎ 盛岡ソウルフード！ふかふか特大コッペパン専門店🥖 ⏎  ⏎ 盛岡に来たら絶対に外せない「福田パン」！  ⏎ ふかふかで大きなコッペパンに、数十種類の具材から
city_box_not_unique	ウミネコに出会える遊覧船(笹川流れ)	新潟県村上市						0.00	5	1	1	新潟の最北端、山北エリアがスゴすぎた…！✨ ⏎  ⏎ 山形との県境に位置するこの地域は、 ⏎ 美しい海（笹川流れ）や魅力的なスポットはもちろん、 ⏎ 地元のみなさんがとてもあたたかくて心癒される、 ⏎ 最高のドライブコースでした🚗 ⏎  ⏎
city_box_not_unique	オリジナルトートバッグ	千葉県千葉市						0.00	20	5	1	👇千葉駅のあの場所に注目の新店オープン ⏎  ⏎ 【　BAKE CHEESE TART　】 ⏎  ⏎ 🏢JR千葉駅改札出てすぐ左手‼️前回もすごく混んでて、注目の場所に新店が本日オープンしたよっ ⏎   今回は北海道生まれのチーズ菓子専門店
city_box_not_unique	カキギョプサル	千葉県船橋市						0.00	12	5	1	👇夏飲みに韓国カキギョプサル🍺🤗 ⏎  ⏎ 【　 #カキもビールも生がスキ。　】 ⏎  ⏎ 🦪暑くなってきた！サムギョプサル食べに行こう！ ⏎  🏃‍♂️💨😊 ⏎  ここは生牡蠣¥219のお店！ ⏎  牡蠣がたっぷり(生食OK)の「カキギョ
city_box_not_unique	キャラクターかき氷	東京都豊島区						0.00	7	5	1	SESAME STREET MARKET（セサミストリートマーケット） ⏎ sesamestreetmarket ⏎  ⏎ セサミストリートマーケットの夏の定番人気カフェメニュー「キャラクターかき氷」が今年の夏さらにパワーアップ！ ⏎  ⏎
city_box_not_unique	クッキークロワッサン	愛媛県松山市						0.00	20	5	1	あなたはどのクロワッサンが好きだった？ ⏎ コメント欄で教えてね！ ⏎   ⏎ 【R Baker】 ⏎ Instagram→rbaker_matsuyama ⏎   ⏎ 自然の恵み×発酵の力で焼き上げたパンが楽しめるパン屋さん ⏎   ⏎ 
city_box_not_unique	クリームブリュレ	広島県広島市						0.00	20	5	1	🟠 店舗詳細はこちら⬇️ ⏎  ⏎ もりカフェです！- ̗̀( ˶^ᵕ’˶)b  ⏎ 見て頂き、ありがとうございます。　 ⏎ 他の投稿はこちら▶ mori.629  ⏎ ———————————— ⏎  ⏎ ＼横川に話題のパイ専門店がNEW 
city_box_not_unique	シャインマスカットパフェ	滋賀県守山市						0.00	7	5	1	行きたいと思ったら「行きたい！」とコメントしてね✨ ⏎  ⏎ 【フルーツパーラーあっぷるこ】 ⏎ fruit.parlor.appleco  ⏎  ⏎ あまり大きな声では言えないですが…🤫 ⏎  ⏎ 守山駅から徒歩10分のところに、滋賀県民
city_box_not_unique	スパイス唐揚げランチプレート	香川県高松市						0.00	20	5	1	行きたいと思ったら「行きたい」ってコメントしてね！ ⏎  ⏎ 【 vicurante】 ⏎ vicurante_ ⏎  ⏎ 高松の街から車で約20分！ ⏎ 森の中にひっそりと佇む ⏎ ジブリに出てきそうな隠れ家スポット知ってる…？🌿✨ ⏎ 
city_box_not_unique	ダル麺	長崎県大村市						0.00	7	5	1	大人気？ダル麺ってなに？ ⏎ 【協和飯店】 ⏎ kyouwa_hanten ⏎  ⏎ 行列の出来る町中華のお店 ⏎ 芸能人も多く通う人気店!! ⏎  ⏎ どのメニューも人気ですが ⏎ 今回は特にオススメな『ダル麺』を紹介。 ⏎  ⏎ 細麺の
city_box_not_unique	チキンとかぼちゃのカレー風味照り焼き	滋賀県東近江市						0.00	6	5	1	行きたいと思ったら『行きたい！』とコメントしてね！ ⏎  ⏎ 【ラ・ペッシュ～Avoir la pêche】 ⏎ avoirlapeche0110  ⏎  ⏎ 今年4月ニューオープン！🌿 築55年の古民家をリフォームした、 雰囲気が良すぎる
city_box_not_unique	テーブルコーディネート	石川県金沢市						0.00	12	5	1	石川唯一無二のイベント ⏎ ※動画は特別な許可を得て撮影しております ⏎ 今回は石川県立美術館で開催中の ⏎ 特別展「食を彩る工芸」に行ってきました！ ⏎  ⏎ 石川県の食文化を彩る工芸品を集めた展覧会 ⏎ 四季を楽しむ伝統的な工芸品を展示
city_box_not_unique	パンデュース	広島県広島市						0.00	2	5	1	🥖店舗詳細はこちら⬇️ ⏎  ⏎ 段原ショッピングセンターの近くにあるパン屋さん🥖✨ ⏎  ⏎ 店主さんはフランスでの経験があり、パン職人としてのこだわりが詰まったお店🇫🇷 ⏎  ⏎ 大阪の人気ベーカリー「パンデュース」での経験もあるそうで
city_box_not_unique	フォーフリュイルージュ	愛知県名古屋市						0.00	5	5	1	.｡.:*☆ ⏎ 名古屋市中川区柳森町１８１１の ⏎ 【Maison de Lyon Rouge】さん✨ ⏎ lyon_rouge  ⏎  ⏎ ■プリンアラモード　　　3058円 ⏎  ⏎ やっと行けた〜♡ ⏎ プリンアラモード気になってた
city_box_not_unique	フレアージュ ダリアンス	滋賀県近江八幡市						0.00	2	1	1	行きたいと思ったら「行きたい！」とコメントしてね✨ ⏎  ⏎ 【Flairge Dalliance(フレアージュダリアンス)】 ⏎ fdl_restaurant  ⏎  ⏎ 滋賀・近江八幡にある「フレアージュ ダリアンス」へ✨ ⏎  ⏎ び
city_box_not_unique	プーパッポンカリー	鹿児島県鹿児島市						0.00	2	5	1	⟡.·*.··············································⟡.·*. ⏎ 完結まで1か月もかかってしまった…！ ⏎ というわけで、タイ最終日🇹🇭 ⏎ ビュッフェでゆっくりごはん食べて… ⏎ パッタ
city_box_not_unique	ベーコンチーズバーガー	福島県郡山市						0.00	18	1	1	行ってみたい人はコメント欄に「🍔」で教えてね！ ⏎  ⏎ 【THE GOD BURGER】  ⏎ the_god_burger_2024 ⏎  ⏎ 福島県郡山市で ⏎ がっつり美味しいお肉を味わうならここ！ ⏎ バンズもパティも ⏎ すべて
city_box_not_unique	リカーリカ	東京都目黒区						0.00	2	3	1	フォカッチャ×ナチュラルワインの新スポット🍷 ⏎  ⏎ 学大の人気ビストロ「リカーリカ」が手がける話題の新店、TUTU ⏎  ⏎ 外カリッ、中もちっ。 ⏎ 焼きたてフォカッチャの香ばしさに ⏎ 生ハムとモッツァレラが重なる瞬間がたまらない。
city_box_not_unique	ローストビーフ丼	岩手県北上市						0.00	20	5	1	行きたいと思ったら「行きたい！」とコメントしてね✨ ⏎  ⏎ 【自家製麺 らぁ麺はち】 ⏎  ⏎ 北上江釣子ICから車で約5分🚗 ⏎ 岩手県産小麦の自家製麺が自慢のラーメン店🍜✨ ⏎  ⏎ …なのに、今回のお目当ては まさかの『ローストビー
city_box_not_unique	ワインカレー	山梨県甲府市						0.00	20	5	1	行きたいと思った人は「行きたい」とコメントしてね✨ ⏎  ⏎ 【センティア ホテル内藤】 ⏎  centia.hotel_naito  ⏎  ⏎ 甲府で出張・宿泊するなら、やっぱりここ一択！✨  ⏎ 絶好のロケーションにある人気ホテルを紹介
city_box_not_unique	一緒に過ごす時間	愛媛県松山市						0.00	20	5	1	行きたいって思ったら「🐕」ってコメントしてね！ ⏎  ⏎ 【愛犬と泊まれる宿 別邸やすらぎ】 dogo_yasuragi  ⏎  ⏎ 松山インターから車で約25分🚗 道後温泉のすぐそば、観光地の喧騒から少し離れた場所に 愛犬と“何もしない贅
city_box_not_unique	三刀屋店	島根県雲南市						0.00	20	5	1	🍰PATISSERIE FLEUR ⏎ ＼パティスリーフルール／ ⏎  ⏎ 📍三刀屋店 ⏎ 島根県雲南市三刀屋町下熊谷1780-2 ⏎  ⏎ ずっと気になってたケーキ屋さん🍰✨ ⏎ 今回、やっと行ってみました〜！ ⏎  ⏎ ショーケースには
city_box_not_unique	中国料理 四川飯店 新潟	新潟県新潟市						0.00	20	1	1	行きたくなったらコメントで教えてください🎶 ⏎  ⏎ シェアして食べたいおしゃれ中華ランチ👲✨ ⏎ 新潟日報メディアシップの2階に中華料理レストランがあるの知ってた？ ⏎ 店内は天井の高いガラス張り窓のオシャレ空間でデートにもピッタリ💗 ⏎
city_box_not_unique	丸ごと桃	広島県広島市						0.00	20	5	1	🍰 店舗詳細はこちら⬇️ ⏎  ⏎ もりカフェです！- ̗̀( ˶^ᵕ'˶)b  ⏎ 見て頂き、ありがとうございます。　 ⏎ 他の投稿はこちら▶ mori.629  ⏎ ———————————— ⏎  ⏎ 🍑ケーキと焼き菓子のお店🍰✨ ⏎ 
city_box_not_unique	丸ごと桃のパンケーキ	滋賀県草津市						0.00	5	5	1	行きたいと思ったら「行きたい！」とコメントしてね✨ ⏎  ⏎ 【cafeRob 草津店】 ⏎ caferob_kusatsu  ⏎  ⏎ 昨年大人気だった ⏎ 「丸ごと桃のパンケーキ」が今年も登場🍑 ⏎  ⏎ 注文ごとに焼き上げる ⏎ ふわ
city_box_not_unique	今日は軽く一杯だけ	東京都新宿区						0.00	20	5	1	「今日は軽く一杯だけ」のつもりが、 ⏎ 気づいたらしっかり腰を据えてる系居酒屋！ ⏎  ⏎ 昼から開いてて、 ⏎ ランチも昼飲みもどっちもいけるから ⏎ 時間を気にせず使えるのがまずありがたいですよね ⏎  ⏎ しかも店内はガヤガヤしすぎず
city_box_not_unique	佐渡市背合335	新潟県佐渡市						0.00	6	1	1	【Day 2】佐渡島、のんびり絶景旅🏝️ ⏎  ⏎ 透き通る海、緑いっぱいの山道、静かに広がる水平線。 ⏎  ⏎ 車を走らせるたびに ⏎ 「え、ここも綺麗…！」って止まってばかりの1日でした☺️ ⏎  ⏎ ＝＝＝＝　スケジュール　＝＝＝＝ 
city_box_not_unique	元祖もつちゃんぽん	大分県大分市						0.00	4	5	1	特別に教えます、、、🤦‍♂️ ⏎  ⏎ 中央町にあるランチ限定で始まったお得すぎる『元祖もつちゃんぽん』を紹介！！🍜 ⏎  ⏎ ぷりっぷりの特上和牛のモツがたっぷり入って、もつ鍋屋ならではのクオリティに感動！！😭😭 ⏎  ⏎ スープは醤油、
city_box_not_unique	八幡浜みなとブルーレモネード	愛媛県八幡浜市						0.00	20	5	1	行きたいと思ったら「行きたい！」ってコメントしてね！ ⏎  ⏎ 【オランジュルクラ】 ⏎ cafe.orangelecura  ⏎  ⏎ シロップのきれいなグラデーションとたっぷりフルーツが映えすぎる！🍊✨ ⏎  八幡浜で見つけた、一度は飲
city_box_not_unique	出汁で食べるネオもんじゃ	東京都品川区						0.00	14	5	1	戸越銀座駅を降りて55m。 ⏎  3月にオープンしたばかりの「出汁で食べるネオもんじゃ」専門店 ⏎  ⏎ 鰹、あさり、海老、コンソメ。 ⏎  出汁の種類で味がガラッと変わるもんじゃ、初めてだった。 ⏎  ⏎ 自家製かつお出汁がきいた明太餅も
city_box_not_unique	千葉ドライブ見た	千葉県船橋市						0.00	20	5	1	👇秘密の隠れ家🌙 ⏎  ⏎ 【　煙月〜えんげつ〜　】 ⏎  ⏎ 🌙20歳未満入店禁止の大人の隠れ家 ⏎   船橋のドンキの裏に面白い遊び場があった👀  ⏎   お店はディズニー●ンド風？壁には鹿や剣が飾られててわくわくする。 ⏎  かがまな
city_box_not_unique	和三盆シュー	滋賀県長浜市						0.00	7	5	1	行きたいと思ったら「行きたい！」とコメントしてね✨ ⏎  ⏎ 【かのくら ちゃらく】 ⏎ kanokuracharaku  ⏎  ⏎ 滋賀県長浜市で、ほっこり和菓子時間🍵 ⏎  ⏎ 店内のショーケースには、定番から季節限定まで、いろんな和菓
city_box_not_unique	塩キャラメル	福島県郡山市						0.00	20	5	1	行きたいと思ったら「行きたい！」とコメントしてね✨ ⏎  ⏎ 【WARABIYA郡山店】 warabiya_fukushima_koriyama  ⏎  ⏎ 静岡で人気のわらび餅専門店が、郡山にオープン！ ⏎ 本店から直送した自家製わらび餅
city_box_not_unique	大地の芸術祭	新潟県十日町						0.00	13	5	1	【新潟県】無数の選択のなかで、いま出会えてる人や景色。 ⏎  ⏎ いろんな偶然が重なって、今がある。 ⏎ あたりまえじゃない毎日に、感謝。 ⏎  ⏎ 📍大地の芸術祭 ⏎ 作品「たくさんの失われた窓のために」（十日町市） ⏎  ⏎ 📍佐渡汽船
city_box_not_unique	奇跡のレモンらーめん	福島県福島市						0.00	16	5	1	行ってみたい人はコメント欄に「🍋」で教えてね！ ⏎  ⏎ 【たいとくま】 ⏎  ⏎ 福島市で ⏎ ランチとスイーツを両方楽しむならここ！ ⏎ ラーメン屋さんなのに ⏎ 店内が可愛すぎる、話題の不思議なお店🧸🍜✨ ⏎  ⏎  扉を開けると、 
city_box_not_unique	寿し おおはた	大阪府大阪市						0.00	2	1	1	大阪・北新地で大好きな『寿し おおはた』さん。今年春先に伺った時の備忘録。。 ⏎ ⁡ ⏎ 定期的に伺っているお気に入りすぎるお店✨ ⏎ ⁡ ⏎ シャリは白・赤・ロゼをネタごとに変えるこだわりよう。訪問時はは4種のシャリを使い分け提供。 ⏎ 
city_box_not_unique	尖閣湾揚島遊園 ageshima	新潟県佐渡市						0.00	2	1	1	📍新潟県｜尖閣湾揚島遊園 ⏎  ⏎ どこまでも青い海と、荒々しく削られた岩肌。 ⏎  ⏎ 洞窟を歩いたり、尖閣湾の風を感じながら歩く遊歩道は、 ⏎ 新潟にいることを忘れてしまいそうなほどのスケール感でした。 ⏎ あの映画のロケ地としても有名
city_box_not_unique	岩手山viewテラス	岩手県八幡平市						0.00	11	5	1	【八幡平市】8/8オープン💫大型室内遊び場あり！無限に続く、複合施設🍀 ⏎  ⏎ ✾ー✾ー✾ー✾ー✾ー✾ー✾ー✾ ⏎ 🍀8テラス ⏎  ⏎ 8terrace ⏎  ⏎ 休館日 木曜日 年末年始 ⏎ 営業時間 9:00〜21:00 ⏎ ※はち
city_box_not_unique	希望エリアの土地探し	石川県金沢市						0.00	12	5	1	＼マイホーム検討中の方、これは保存必須🏠✨／ ⏎  ⏎ 「家づくりって何から始めたらいいの？」 ⏎ 「自分たちに合う住宅会社が分からない…」 ⏎ 「土地や住宅ローンのことも相談したい！」 ⏎  ⏎ そんな方におすすめなのが、 ⏎ 石川県最大
city_box_not_unique	平和園 本店(ランチ〜ディナー)	北海道帯広市						0.00	2	2	1	十勝和牛を楽しむ🍚🥩🥢♥️ ちょっと特別な日に食べたい、贅沢な一品🥩 ⏎  ⏎ ごはんが止まらない🍚♥️旨味たっぷりの「十勝和牛」が味わえるお店、24店をまとめました👍🎉✨ ⏎  ⏎ 行きつけのお店はありましたか？🥹私はありました😆❣️どこ
city_box_not_unique	広島のおでかけ・グルメ情報はこちら	広島県三次市						0.00	19	5	1	🍦店舗詳細はこちら⬇️ ⏎  ⏎ もりカフェです！- ̗̀( ˶^ᵕ’˶)b 見ていただき、ありがとうございます😊 他の投稿はこちら▶ mori.629 ⏎ ------------------------------------ ⏎  ⏎
city_box_not_unique	愛犬への愛がすごすぎる隠れ宿	愛媛県松山市						0.00	9	5	1	行ったことある人はコメントで感想教えてね！  ⏎  ⏎ 【愛犬と泊まれる宿 別邸やすらぎ】 ⏎  dogo_yasuragi  ⏎  ⏎ 「松山インターから車で約25分。 ⏎ 道後にある『愛犬への愛がすごすぎる隠れ宿』って知ってた？ ⏎ 正
city_box_not_unique	抹茶モンブラン	広島県広島市						0.00	20	5	1	🍦店舗詳細はこちら⬇️ ⏎  ⏎ 🌟2026年8月1日販売スタート‼️ ⏎  ⏎ ＼八丁堀店限定／ ⏎  ⏎ 🌱抹茶フェア🍵💚 ⏎  ⏎ 🟢抹茶モンブラン ⏎ 🟢プレミアム抹茶 ⏎ 🟢抹茶ソフト ⏎  ⏎ 街歩きの途中に、気軽にソフトクリー
city_box_not_unique	日常の中の非日常	山梨県甲府市						0.00	5	4	1	行きたいと思ったら「行きたい！」とコメントしてね！ ⏎  ⏎ 【ORIJIN COFFEE ROASTERY】 ⏎ orijincoffee ⏎  ⏎ 甲府で見つけた、 ⏎ 美しすぎる無機質カフェ☕️ ⏎  ⏎ 白を基調としたスタイリッシュ
city_box_not_unique	本日のtaneプレート サワードゥ付き	山梨県甲府市						0.00	3	5	1	行きたいと思ったら「行きたい！」とコメントしてね✨ ⏎  ⏎ 【AKITO COFFFEE TANE】 ⏎ akitocoffee_tane ⏎  ⏎ 金手駅から徒歩約3分🚶‍♀️ ⏎ 一見すると倉庫のような外観ですが、中に入ると暗めの照明
city_box_not_unique	松喜屋	滋賀県大津市						0.00	5	3	1	行きたいと思ったら「行きたい！」とコメントしてね✨ ⏎  ⏎ 【ハンバーグステーキ松喜屋】 ⏎ hamburg.matsukiya  ⏎  ⏎ 滋賀県民は知ってる？👀 ⏎  ⏎ 石山インターから車で約9分🚗 ⏎ 石山寺を超えた先にあるここ！
city_box_not_unique	桃パフェ	千葉県八千代市						0.00	12	5	1	👇本日スタート ⏎  ⏎ 【　cafe hiyori、naya⠀】 ⏎  ⏎ 🍓千葉県で最も人気のあるNo.1カフェ🥢 ⏎ 　数十年前からある古民家をとてもかわいくリノベしてあって ⏎ 　隣に最近新しくできた姉妹店nayaで『桃パフェ』が 
city_box_not_unique	梅ちゃん農園のパン屋さん	広島県広島市						0.00	2	1	1	🥖店舗詳細はこちら⬇️ ⏎ いいなと思ったらフォローしてね！ ⏎ 他の投稿はこちら▶ mori.629  ⏎ ———————————— ⏎  ⏎ 東区中山にある「梅ちゃん農園のパン屋さん」の2号店へ🥐✨ ⏎  ⏎ 店内には惣菜パンがずらり！
city_box_not_unique	歯の白さ	東京都台東区						0.00	20	5	1	『清潔感』ってどこから来てると思う？  ⏎ 髪型や服装ももちろん大事。  ⏎ でも、忘れがちなのが——『歯の白さ』🦷 ⏎  ⏎ 笑った瞬間に見える口元って ⏎ 意外と一番見られてるんだよね。 ⏎  ⏎ 歯が白くなるだけで、 ⏎ 表情までパッ
city_box_not_unique	水信玄餅	山梨県甲府市						0.00	2	2	1	行きたいと思ったら「行きたい！」とコメントしてね✨ ⏎  ⏎ 【湯村金精軒Café】 ⏎ yumurakinseikencafe   ⏎  ⏎ 山梨銘菓「信玄餅」でおなじみの金精軒のカフェで、白州工場で作られた名水仕込みのお餅や餡を使った和
city_box_not_unique	江釣子屋	岩手県北上市						0.00	3	2	1	行きたいと思ったら「行きたい！」とコメントしてね✨ ⏎  ⏎ 【江釣子屋】 ⏎  ⏎ 岩手県北上市にある「江釣子屋」さん🐟 ⏎  ⏎ 今回紹介するのは、卵黄が添えられたネギトロ丼です。ネギトロの中央にある卵黄を割ると、とろっと全体に広がりま
city_box_not_unique	泊まる+遊ぶ	香川県三豊市						0.00	20	5	1	行きたいと思ったら「行きたい！」と ⏎ コメントしてね🌊✨ ⏎  ⏎ 【Archipelago TSUSHIMA -泊Rutto】 ⏎ tomarutto_kagawa  ⏎  ⏎ あまり大きな声では言えないけど ⏎ 香川にこんな遊び心満載
city_box_not_unique	温泉蒸し野菜のジャム	長崎県雲仙市						0.00	3	5	1	. ⏎ 関連投稿は ⏎ nagasaki_select から見てね✨ ⏎ ⁡ ⏎ 雲仙【温蒸素味 ⏎ (オンムスビ)】 ⏎ onmusubi315  ⏎  ⏎ 橘湾が一望できる絶景テラスで ⏎ 温泉蒸し野菜のスイーツやランチが楽しめます♩ 
city_box_not_unique	炉端焼き	兵庫県神戸市						0.00	20	5	1	塩のプロが元気よく焼きあげる炉端焼きを紹介します🐟 ⏎  ⏎ 【三ノ宮産直市場 JR東口店】 ⏎ ◎ジャンボエビ 1,099円 ⏎ 　トロいわし 1,099円 ⏎ 　金目鯛松笠焼き 2,749円 ⏎ 　万願寺とうがらし 659円 ⏎ 　佐土
city_box_not_unique	焼き豚混ぜビーフン	千葉県船橋市						0.00	3	5	1	👇ひんやり美味しい😋 ⏎  ⏎ 【　VIETNAM PALACE 船橋　】　　 ⏎  ⏎ 🌿肉食男子、肉食女子にもおすすめな ⏎ 　夏のさっぱり『焼き豚混ぜビーフン』甘酸っぱい汁をかけて食べるよ ⏎ 　夏の暑さめっちゃ吹っ飛ぶ！！おすすめし
city_box_not_unique	牛タン	東京都新宿区						0.00	20	5	1	『牛タン』とコメントで一人前が半額に...！ ⏎ コメントでクーポンお送りします。 ⏎ ＿＿＿＿＿＿＿＿ ⏎  ⏎ 新宿で、ここまで本格的な神戸牛が味わえるなんて…🥩✨ ⏎ 頼んだのは👇 ⏎  ・生タン焼きしゃぶピラミッド（¥5,280） 
city_box_not_unique	特別な一枚	岩手県盛岡市						0.00	20	5	1	【盛岡市】ドライブしながら写真を撮って、旅行券3万円分をGET😳?! ⏎  ⏎ ✾ー✾ー✾ー✾ー✾ー✾ー✾ー✾ ⏎ 🚗Volkswagen盛岡南 ⏎  ⏎ volkswagenmoriokaminami ⏎  ⏎ 開催日 8月29日(土)・
city_box_not_unique	石焼ビビンバランチ	福島県福島市						0.00	20	5	1	行ってみたい人はコメント欄に「🥩」で教えてね！ ⏎  ⏎ 【米沢牛炭火焼肉 上杉 福島店】  ⏎ yakinikuuesugi_fukushima ⏎  ⏎ 福島市で ⏎ 絶品焼肉ランチを ⏎ お得に楽しむなら絶対ここ！ ⏎ 卸直営だからこ
city_box_not_unique	福島牛ひつまぶし膳	福島県福島市						0.00	20	5	1	行ってみたい人はコメント欄に「🥩」で教えてね！ ⏎  ⏎ 【福島信夫山迎賓館 牛かつ 牛若丸】 ⏎  ⏎ 福島市で ⏎ 極上のお肉を味わうなら絶対にここ！ ⏎  ⏎ 加工肉を一切使わない、 ⏎ こだわりの絶品牛かつが楽しめる大人気店🥩✨ ⏎
city_box_not_unique	美人の湯	新潟県新発田市						0.00	12	5	1	#新潟旅館も紹介してるよ♪フォローしてね‪ - ̗̀♡⃛ ̖́- ⏎  ⏎ 美しい庭園を眺めて過ごす ⏎ 癒しとくつろぎの温泉旅館を紹介！✨ ⏎  ⏎ 今回やってきたのは ⏎ 【月岡温泉 風鈴屋】 ⏎  ⏎ お部屋は開放的な和モダン空間で 
city_box_not_unique	虫谷の入り江	新潟県佐渡市						0.00	8	1	1	【新潟 / 佐渡島】ジブリ映画「思い出のマーニー」みたい🌿 ⏎  ⏎ 📍虫谷の入り江 ⏎ （新潟県佐渡市 / 小木地区） ⏎  ⏎ 静かな波の音と、息をのむほど透明なエメラルドグリーン。 ⏎  ⏎ 佐渡島で見つけた「虫谷の入り江」は、 ⏎ 
city_box_not_unique	行きたくなるお店	富山県射水市						0.00	17	5	1	大人気オーベルジュが営む本格カフェ🍽️ ⏎  ⏎ 【toyamashokujikai 】👈他の富山グルメはこちら ⏎  ⏎ 見返せるよう”保存”フォロー” ⏎ よろしくお願いします！ ⏎ —————————— ⏎ 【店名】 ⏎ 内川カフェ（
city_box_not_unique	遊び放題&食べ飲み放題	東京都渋谷区						0.00	20	5	1	【恵比寿で遊び尽くすならここ！コスパ最強のアミューズメントバー】 ⏎  ⏎ 🎯 itO Amusement Lounge 恵比寿 ⏎  ⏎ 2026年2月にオープンしたばかり！ ⏎  恵比寿駅から徒歩4分の場所に見つけた ⏎ 「遊び放題＆食
city_box_not_unique	酒のあて	富山県富山市						0.00	20	5	1	・ ⏎ 【toyamashokujikai 】👈他の富山グルメはこちら ⏎  ⏎ ▶︎ お酒を引き立てる創作料理が魅力の居酒屋🍶 ⏎  ⏎ —————————— ⏎  ⏎ 【店名】 ⏎ 葷酒山門 ⏎  ⏎ 【住所🏠】 ⏎ 富山県富山市西町6
city_box_not_unique	酒蔵の御三時 養老パフェ	山梨県山梨市						0.00	7	5	1	行きたいと思ったら「行きたい！」とコメントしてね✨ ⏎  ⏎  【山梨ごはん&カフェ 槽】 ⏎  cafe_fune ⏎  ⏎  山梨市駅から車で7分🚗 ⏎  山梨市唯一の酒蔵「養老酒造」さんが営む、築200年の古民家カフェ ⏎  大正ロマ
city_box_not_unique	金沢エナジー株式会社	石川県金沢市						0.00	2	2	1	ショールームって、 ⏎ 正直ちょっとハードル高い ⏎ イメージありませんか？😳 ⏎  ⏎ でも都市ガスで暮らしを支えている ⏎ 金沢エナジーの駅西オフィスショールームは、 ⏎ 設備を見る場所というより、これからの暮らしを ⏎ イメージできる
city_box_not_unique	釜玉うどん	香川県高松市						0.00	20	5	1	行きたいと思ったら「行きたい」ってコメントしてね！ ⏎  ⏎ 【うどん職人 さぬき麺之介】 ⏎  ⏎ 香川・高松で夜遅くに ⏎ 絶品うどんが食べたくなったらここ一択！ ⏎ 瓦町駅から徒歩3分 ⏎ 注文が入ってから湯がく“ ⏎ 本気の手打ち讃
city_box_not_unique	鈴木【29歳会社員の滋賀グルメ】	滋賀県大津市						0.00	5	1	1	行きたいと思ったら「行きたい！」とコメントしてね！ ⏎  ⏎ 【 浜亭 】 ⏎ hamatei_6338  ⏎  ⏎ 瀬田駅から徒歩約5分。 ⏎ 昼しか営業していない定食屋さん。 ⏎  ⏎ 定食のメニューも豊富でどれも美味しそう！ ⏎ しか
city_box_not_unique	鈴木【29歳会社員の滋賀グルメ】	滋賀県近江八幡市						0.00	2	5	1	行きたいと思ったら「行きたい！」とコメントしてね！ ⏎  ⏎ 【 麺屋うまか 】 ⏎  ⏎ 近江八幡駅から徒歩約5分にある、 ⏎ 駅近の博多ラーメンが食べられるお店🍜 ⏎  ⏎ 定番はお店の名前が掲げられた「うまかラーメン」 ⏎  ⏎ ほろ
city_box_not_unique	鉄板香鍋	広島県広島市						0.00	20	5	1	🍜店舗詳細はこちら⬇️ ⏎  ⏎ もりカフェです！- ̗̀( ˶^ᵕ’˶)b  ⏎ 見て頂き、ありがとうございます。　 ⏎ 他の投稿はこちら▶ mori.629  ⏎ ———————————— ⏎  ⏎ 🌟2026年8月12日広島初上陸‼️
city_box_not_unique	飲むソフトクリーム	愛媛県八幡浜市						0.00	13	5	1	行きたいと思ったら「行きたい！」ってコメントしてね！ ⏎  ⏎ 【オランジュルクラ】 ⏎ cafe.orangelecura  ⏎  ⏎ 愛媛県民ならお馴染みの大人気カフェ「オランジュルクラ」から、夏の猛暑を吹き飛ばす最強のひんやりスイーツ
city_box_not_unique	魚焼肉	千葉県船橋市						0.00	5	1	1	👇新業態❣️魚焼肉🥩🔥🐟 ⏎  ⏎ 【　魚乃焼肉屋 徳川商店 船橋本店　】 ⏎  ⏎ 🐟なんと！千葉県に「魚焼肉」あるの知ってた？！👀 ⏎  都内では日本人、外国人ともにバズってるお店の千葉県1号店‼️✨️ ⏎  こーれがめちゃくちゃ美味し
city_box_not_unique	鹿児島市(伊敷・花野光ヶ丘方面)	鹿児島県鹿児島市						0.00	6	5	1	『鹿児島おすすめ飲食店BEST3』聞いてみた！ ⏎  ⏎ 👑3位👑 ⏎ 珈琲 沫草 ⏎ coffee_mokuso  ⏎ 📍鹿児島市（伊敷・花野光ヶ丘方面） ⏎ ⏰営業時間 ⏎ (月) 定休日 ※月祝は営業 ⏎ (火〜日) 11:30〜15
city_box_not_unique	鹿児島市・天文館にある北欧風カフェ	鹿児島県鹿児島市						0.00	20	5	1	Kökett Cafe(コケットカフェ) kokettcafe  ⏎ 📍 鹿児島市・天文館にある北欧風カフェ ⏎ 📞099-219-9602 ⏎ ⏰ランチ：11:00〜17:00(月曜定休) ⏎ 夜カフェ:：平日18:30〜22:00 金土
city_box_not_unique	鹿水	香川県高松市						0.00	2	3	1	行きたいと思ったら「行きたい！」と ⏎ コメントしてね✨ ⏎  ⏎ 【鹿水】 ⏎ rokusui_r ⏎  ⏎ 香川県で美味しい料理とお酒を楽しむなら「鹿水」へ🍻✨ ⏎ 熱々の鍋焼きラーメンをはじめ、サクッと ⏎ ジューシーなかしわ天や、手
no_candidate_in_city_box	熊本県産 幻の天草大王	石川県金沢市						0.00	0	5	2	金沢にNEWOPEN ⏎ 　 ⏎ 女子会におすすめな絶品やきとりをご紹介 ⏎  ⏎ 「熊本県産 幻の天草大王」を ⏎ 使った炭火焼鳥を楽しめる！ ⏎ 　⁡　 ⏎ 絶対食べて欲しいのは手羽先と親子丼角煮丼 ⏎ 　 ⏎ とろっとろジューシーな丼
no_candidate_in_city_box	google map17エンドで検索	沖縄県宮古島市						0.00	0	0	1	詳細はこちら↓ ⏎  ⏎ 【なかゆくい商店】 ⏎ 📍 沖縄県宮古島市伊良部国仲57-3 ⏎ irabujima.nakayukui  ⏎ ○営業時間 ⏎ 9:30〜12:00 ⏎ 13:30〜16:00 ⏎ ○定休日 ⏎ 月曜日、木曜日 ⏎
no_candidate_in_city_box	google mapで名前で検索してみてね	沖縄県宮古島市						0.00	0	5	1	詳細はこちら↓ ⏎  ⏎ ⁡ 【ユニの浜】 ⏎ ⚠️注意 ⏎ 歩いて、泳いではいけなくて😭 ⏎ ツアーに参加していくよ！ ⏎ ユニの浜で検索してみてね♡ ⏎ ちなみに私は船で行った🚤 ⏎  ⏎ 【まいぱり】 ⏎ 📍 沖縄県宮古島市下地与那覇
no_candidate_in_city_box	insta360 ace pro 2	石川県小松市						0.00	0	2	1	｟小松で見つけた、癒しスポット🌿｠ ⏎  ⏎ 小松市にある「那谷寺」へ行ってきました。 ⏎  ⏎ ここは、石川県の中でも ⏎ 自然の美しさをゆっくり感じられるお寺✨ ⏎  ⏎ 境内は緑が多くて、 ⏎ 歩いているだけで気持ちが ⏎ 落ち着く場
no_candidate_in_city_box	あんバタ屋	千葉県千葉市						0.00	0	1	1	👇あの東京の人気商品来た！！ ⏎  ⏎ 【　岡田謹製 あんバタ屋　】 ⏎  ⏎ 🍵2020年東京駅に誕生した「あんバタ屋」 ⏎ 　東京で連日完売のあのすごいスイーツが千葉にやってくる ⏎   あんバタパンは1時間で完売してしまうこともあるの
no_candidate_in_city_box	いちき串木野市湊町1846	鹿児島県鹿児島市						0.00	0	1	1	『鹿児島でおすすめの飲食店BEST3』 ⏎  ⏎ 👑3位👑 ⏎ 目からうろこ ⏎ 📍鹿児島市西田１丁目３−１９ 門松ビル 1F ⏎ ⏰18:00-0:00 ⏎ 店休　日曜日 ⏎ ⭐️推しポイント ⏎ こだわりのお魚料理がいただけるお店！ ⏎
no_candidate_in_city_box	かもめのクッキーシュー	広島県広島市						0.00	0	5	1	☕️店舗詳細はこちら⬇️ ⏎  ⏎   広島港を一望できるロケーション！ ⏎  ⏎   大きな窓から港や海を眺めながら、ゆっくり過ごせる開放的な空間。 ⏎  ⏎ 🌅 朝6時から営業 ⏎   朝ごはんにも利用しやすく、旅客ターミナルならではの
no_candidate_in_city_box	こぐまクレープ	岩手県花巻市						0.00	0	5	1	行きたいと思ったら「行きたい！」とコメントしてね✨ ⏎  ⏎ 【スイーツこぐま】 ⏎ sweets_koguma8 ⏎  ⏎ 岩手県花巻市西大通にある、2026年5月オープンのスイーツ店です🍴 ⏎  ⏎ 今回注文したのは、くまモチーフの「こ
no_candidate_in_city_box	とろ生バスチー	大分県別府市						0.00	0	4	1	本場スペインの味を完全再現⁉︎🙌🏻 ⏎  ⏎ 別府にある名ホテルの料理長が、本場スペインで衝撃を受けたスイーツを完全再現して新作スイーツが誕生！！！🍰 ⏎  ⏎ その名も『とろ生バスチー』！！🧀 ⏎  ⏎ 高温10分で焼き上げた絶妙な火入れ
no_candidate_in_city_box	にいがた2kmぐるっとグルメ2026	新潟県新潟市						0.00	0	5	1	行きたくなったらコメントで教えてください🎶 ⏎  ⏎ 新潟駅がリニューアルして色んなお店ができたけど、 ⏎ その中でもめちゃめちゃオシャレな ⏎ ランチプレートが食べられるお店知ってる？ ⏎  ⏎ CoCoLo新潟 2階にある【SENGDE
no_candidate_in_city_box	わんちゃん専用浴衣	愛媛県松山市						0.00	0	5	1	行ったことある人、感想聞かせてね！ ⏎  ⏎  【愛犬と泊まれる宿 別邸やすらぎ】 ⏎ dogo_yasuragi  ⏎  ⏎ 道後温泉のすぐ裏側に、こんな「隠れ家」があったの知ってる？🚗💨 ⏎ 観光地のど真ん中なのに、一歩入るとそこは愛犬
no_candidate_in_city_box	アースバッグ工法	千葉県いすみ市						0.00	0	3	1	👇日本初の魔女の家 ⏎  ⏎ 【　いすみガーデンリトリート&トーテムの家　】 ⏎  ⏎ 🌳千葉にこんなところあったの？？👀 ⏎ 　まるで魔女やドワーフの家❗️ ⏎ 　この不思議な形は柱を使ってない特殊な「アースバッグ工法」日本で初めて人が泊
no_candidate_in_city_box	オニマガ	三重県四日市						0.00	0	0	1	ふらりと四日市を散歩してきました。REMOTE BOOKSで本を買って、NERAB(I)でコーヒー＆読書休憩。うまい！ ⏎ . ⏎ 詳しくはブログ「オニマガ」で onimaga ⏎ https://onimaga.jp/yokkaichi-
no_candidate_in_city_box	カタカナーシ	鹿児島県鹿児島市						0.00	0	5	1	⟡.·*.··············································⟡.·*. ⏎ 私が愛してやまないAからZまでなんでも揃う24時間スーパーの話を、 ⏎ 会社の仲良しグループ🍡三色だんごでしてたら、行きた
no_candidate_in_city_box	カレーうどん大庵	山梨県中央市						0.00	0	5	1	名古屋駅前柳橋中央市場の「カレーうどん大庵」でカレーうどん＆肉吸い定食！うまい！ ⏎ . ⏎ 詳しくはブログ「オニマガ」で onimaga ⏎ https://onimaga.jp/curry-udon-daian.html
no_candidate_in_city_box	シャトーブリアンサンド	福島県福島市						0.00	0	5	1	行きたいと思ったら「行きたい！」とコメントしてね✨ ⏎  ⏎   ⏎ 【炭火焼肉 福わらひ 本店】 ⏎ fukuwarai830  ⏎  ⏎ 福島県民でも、ここ知ってたらすごい✨ ⏎ 一見、普通の住宅街・・・ ⏎ でも、この扉の向こうに🚪 
no_candidate_in_city_box	ジップセット	香川県観音寺市						0.00	0	5	1	行きたいと思ったら「行きたい！」とコメントしてね✨ ⏎  ⏎ 【cafe Zeeb】 ⏎ cafe_zeeb ⏎  ⏎ 観音寺で女子会するならここ✨ ⏎ おしゃれで落ち着いた雰囲気が魅力のカフェジップ☕️ ⏎  ゆっくりおしゃべりを楽しみた
no_candidate_in_city_box	スーパー大火勢	石川県加賀市						0.00	0	5	1	【北陸の9月開催 お祭り＆FES20選🏮🎶】 ⏎  ⏎ 今回は、2026年9月に楽しめる ⏎ 北陸3県のお祭り＆FESをまとめました！ ⏎  ⏎ 迫力満点のキリコ祭りや伝統芸能、 ⏎ ジャズ・野外音楽フェス・クラフト、 ⏎ 熱気球や海鮮イベ
no_candidate_in_city_box	モンサラットシェイブアイス	石川県金沢市						0.00	0	5	1	【ハワイが金沢に上陸！？🌺🌴】 ⏎ 8/6(木)〜8/11(火・祝)まで、 ⏎ 香林坊大和で「ハワイフェア2026」開催！ ⏎  ⏎ まず絶対チェックしてほしいのが ⏎ 🍩「マサズマラサダ」のマラサダ。 ⏎ ふわっふわの生地に、たっぷりまぶ
no_candidate_in_city_box	レッドストーンコーヒー	滋賀県大津市						0.00	0	5	1	行きたいと思ったら『行きたい！』とコメントしてね！ ⏎  ⏎ 【wisteria-coffee-】 ⏎ wisteria_coffee_ ⏎  ⏎ JR瀬田駅から徒歩9分🚶‍♀️ 線路沿いを歩いていると、 ⏎ 突然現れるお洒落なカフェ。 ⏎
no_candidate_in_city_box	レモンポピーシードマフィン	山梨県甲府市						0.00	0	5	1	行きたいと思ったら「行きたい！」とコメントしてね✨ ⏎  ⏎ 【フクロウ紅茶店】 ⏎ fukuro_kochaten ⏎  ⏎ 甲府市の平和通り沿いにある、水色と白のかわいい建物が目印の紅茶専門店🦉 ⏎  ⏎ 店内には暖色の電球が吊るされ、
no_candidate_in_city_box	ロンネフェルトティー	長崎県長崎市						0.00	0	5	1	行きたいと思ったら「🍓」ってコメントしてね！ ⏎ 【ホテルモントレ長崎】 ⏎ hotelmonterey_nagasaki  ⏎  ⏎ 長崎で贅沢アフヌン体験🍓🍫✨ ⏎ 長崎駅から電車で約20分、大浦海岸通を歩いた先にあるホテルで、幸せすぎ
no_candidate_in_city_box	一体感	新潟県新潟市						0.00	0	1	1	9/5(土)新潟開催🔥ラグビー日本代表戦がアツすぎる…！ ⏎  ⏎ 【18年ぶり】あの熱狂がデンカビッグスワンにやってくる！ ⏎ 絶対見逃さないでほしい…！ ⏎  ⏎ 先日パブリックビューイングに行って実感したのですが、 ⏎ ラグビー観戦っ
no_candidate_in_city_box	一番甘い状態	新潟県小千谷市						0.00	0	5	1	【新潟・小千谷】🍈8月お盆までの期間限定🍉 ⏎  ⏎ 夏の手土産は、絶対にここでまちがいなし！ ⏎ 完熟・もぎたてが並ぶ、幻の直売所へ行ってきました🚗💨 ⏎  ⏎ 📍 店舗情報 ⏎ ・店名： グリーンファームはくさん　　greenfarm_
no_candidate_in_city_box	万年カレンダー	岩手県北上市						0.00	0	5	1	【北上市/盛岡市】マルシェもワークショップも！パルコホームイベント2選❤️ ⏎  ⏎ palcohome ⏎ palco.marche ⏎  ⏎ 9/5(土)・6(日)は、パルコホームさんで、親子で楽しめるイベントが2つ開催されます🍁✨ ⏎
no_candidate_in_city_box	台湾祭	岩手県盛岡市						0.00	0	5	1	【盛岡市】夏は岩手で台湾旅行気分🥰 ⏎  ⏎ ✾ー✾ー✾ー✾ー✾ー✾ー✾ー✾ ⏎ 🇹🇼台湾祭inイオンモール盛岡2026 ⏎ 　　ー台南ランタン祭ー ⏎  ⏎ aeonmall_morioka ⏎ taiwanmatsuri_event ⏎
no_candidate_in_city_box	和牛佐渡サーモンとろけるユッケ御膳	新潟県新潟市						0.00	0	5	1	ここだけのお得なクーポンあり✨️🉐 ⏎  ⏎ 行きたくなったら『♥️』コメントで教えてください🎶 ⏎  ⏎ 週末ランチはここで決まり！ ⏎ 新潟駅前で創業23年目 ⏎ にいがたの美食を堪能できる土日祝日限定ランチ✨️ ⏎  ⏎ 肉質日本一を
no_candidate_in_city_box	弱虫ペダル	長崎県長崎市						0.00	0	5	1	行きたいと思ったら「🍛」とコメントしてね！ ⏎  ⏎ 長崎名物トルコライス ⏎ 【洋食屋向日葵亭】 ⏎  ⏎ メニュー数が多すぎて ⏎ 毎回ちがうメニューを食べれるのも魅力!! ⏎  ⏎ アニメ『弱虫ペダル』の聖地でもあり ⏎ 店主さんのペ
no_candidate_in_city_box	洋酒に漬けたフルーツとホワイトチョコのスコーン	山梨県甲府市						0.00	0	5	1	行きたいと思ったら「行きたい！」とコメントしてね✨ ⏎  ⏎ 【EON Coffee Roasters】 ⏎ eon_coffeeroasters ⏎  ⏎ 甲府駅から車で約5分🚗 ⏎  ⏎ アンティーク家具がセンス良く並ぶ、 ⏎ 静かで落
no_candidate_in_city_box	牡蠣奉行	富山県富山市						0.00	0	5	1	・ ⏎ 【toyamashokujikai 】👈他の富山グルメはこちら ⏎  ⏎ ▶︎BBQで東北の牡蠣を味わおう！🦪 ⏎  ⏎ ——————— ⏎  ⏎ 【イベント名】 ⏎ 出張カキ小屋「牡蠣奉行」in フューチャーシティ ファボーレ ⏎
no_candidate_in_city_box	行きたくなるお店	富山県砺波市						0.00	0	5	1	🌷2026 となみチューリップフェア🌷 ⏎  ⏎ 【toyamashokujikai 】👈他の富山グルメはこちら ⏎  ⏎ 見返せるよう”保存”フォロー” ⏎ よろしくお願いします！ ⏎ —————————— ⏎  ⏎ 【イベント名】 ⏎ 
no_candidate_in_city_box	超特大	千葉県八千代市						0.00	0	5	1	👇2026千葉県花火大会日程 ⏎  ⏎ 🎆幕張ビーチ花火フェスタ2025 ⏎ 令和8年8月1日（土）19:30～20:30 ⏎ 場所: 幕張海浜公園（千葉市美浜区美浜1）ほか ⏎ 打ち上げ発数: 24,000発 ⏎ 特大空中ナイアガラなど海
no_candidate_in_city_box	鬼うちわ作り	岩手県北上市						0.00	0	2	1	【北上市】鬼スポットで毎月ワークショップ開催😳✨ ⏎  ⏎ ✾ー✾ー✾ー✾ー✾ー✾ー✾ー✾ ⏎ 👹北上市立鬼の館 ⏎  ⏎ 定休日 月曜日 ⏎ 営業時間 9:00〜17:00(最終入館16:30) ⏎ 駐車場 あり ⏎ 住所 岩手県北上市和
