# label（店名:xxx /【店名】xxx）で新しく増えたキーの目視サンプル 120 件（2026-09-05, seed 99）
# 120 件すべて店名だった。括弧が片側だけ落ちていた 4 件はこの後の修正で直っている。
store_name	area	sample_post_id
お米café ごはんとおとも	奈良県桜井市	DXJt5IfPgx4
happy sweets	島根県松江市	C76J_Acymlx
定食 旬の酒菜 お漬物 食堂 徳兵衛(とくべえ	福井県福井市	DEC1dDUSBlN
forest green crepe&bake	大阪府吹田市	Cl6CQtTv2Q9
喫茶カシオペア	奈良県橿原市	DWJV717v6bb
ミツバチガーデンカフェ	山形県山形市	Cxz_wokL_SG
patiserrie carintei	佐賀県杵島郡白石町	C-kUDghPru-
うま囲 高崎店	群馬県高崎市	DILgatvzAt-
ensoleille (アンソレイユ	高知県香美市	DcQeuuQpIZI
ゆう菜屋	秋田県秋田市	Cx5ZpnMBVPQ
ウルスブラン ロースターアンドカフェ	山形県山形市	CwpSM30JbpA
麺や虎 menya.tora	山形県寒河江市	DHYAekpxv17
itsudemo_sweets	熊本県熊本市	C6OK3bRJ_4B
食堂ippo ippo	岩手県盛岡市	DYarvyiy-uc
焼肉寺坂	岡山県岡山市	DS13qPMEzsi
ミートショップカネサカ	千葉県長生郡白子町	DaKXIqohNNR
ハルオサンタダ	香川県高松市	DQDnrRvEUzD
ash. lunch & cafe	高知県高知市	DZkAezDhJCw
割烹や弥縁	熊本県熊本市	DZUfNLZynZz
日本一うまいトコロテン	新潟県上越市	DZkKSYbpscx
お気軽しゃぶしゃぶ えびす	岐阜県岐阜市	DIBG-iwRwoE
敲太郎山荘	岩手県盛岡市	DSCW9pOEZIR
toco*towa	和歌山県和歌山市	DakY2-tRgQa
らー麺店 万々店	高知県高知市	DclGz6WBywz
自然食そゑ川	秋田県秋田市	ClBajEZLpFP
うなぎ波月	福井県敦賀市	Dcrix7Zzk14
pikiniki	静岡県伊豆市	DajSHxiS5X2
もなりお(桜の馬場 城彩苑	熊本県熊本市	DcHidgAyuWb
hatake style トマト上山店	山形県上山市	CyiTkG8IzsT
居酒屋ととと	宮城県仙台市	Dcsnuj5x0M8
津軽のおかず もんどりこ	青森県弘前市	DMzn026TX3y
旨飯よか酒 ナナホシテントウ	佐賀県佐賀市	C-xFoRZPb4X
ハミングバード	静岡県沼津市	DYCBk6EpIms
coin luck 岐阜店	岐阜県岐阜市	DGIOeiXpNsz
カフェ ホシフルーツ	山口県柳井市	DQiskjzkjma
コーヒーセンティ浦添店	沖縄県浦添市	DaMbV1lB6zl
東京油組総本店滋賀組	滋賀県草津市	DbKetjgxPHh
ナチュラルカフェ	岐阜県岐阜市	DV5bApmjyFF
喫茶モカ	岩手県久慈市	DQkrxrbkjG9
nicoドーナツ天童店	山形県天童市	C3Z4MW8gBrI
perotto_reimen	熊本県熊本市	DA-2BkLSKAS
民家ジャスミン	高知県香美市	DP58l70Eky9
us coffee	岩手県気仙郡住田町	DNg8atATUlr
takuma9330	熊本県玉名郡玉東町	CtOdr8mpTt7
日本の酒と馬の肉 ウマ◯ 高崎駅前店(うままる	群馬県高崎市	DU2rHZzEsNO
piccolo lusso(ピッコロルッソ	群馬県前橋市	DNKnNEXRoNL
前橋スズラン	群馬県前橋市	DOan6gFiavY
ta蔵	香川県三豊市	DYQrH2-ynSt
博多一口餃子アッカン 平尾店	福岡県福岡市	CwKbgF9q2Xv
つけもの処鶴屋	佐賀県佐賀市	C-zvoFjP4hQ
mons__market	静岡県富士市	DYUDL_QmYyz
cafe & rest kato	愛知県名古屋市	DcqEsPVycIu
和牛lab k	広島県広島市	DQd_CrxknLh
ponshe	愛知県名古屋市	DJMNlYqyzps
創作おうどん 遊佳	岡山県岡山市	DRJtnetkvPI
un girono	熊本県熊本市	DarY0K3TBq0
麺dining 千利休	岐阜県岐阜市	DERzIyPJkJA
とんかつ 松屋	岐阜県岐阜市	DAIdsLxpPiI
エピュイ・レ・シェーズ(ラ・ターブル内	新潟県新潟市	DUsk20ikgJm
つかもと	茨城県龍ケ崎市	DX5NCMJy98L
焼肉 一十三(ひとみ	徳島県徳島市	DJ_suywhTc5
浄土ヶ浜パークホテル	岩手県宮古市	DC8w99hzWjm
旬彩串焼だん	和歌山県和歌山市	DUkxS7GkTE-
yap	宮城県仙台市	C-uuLmwBUFm
シュリンプチャップリン	奈良県大和高田市	DZ4z81vPu8b
hachi_bossa	熊本県熊本市	Cx7uz9JJIro
ミゾグチヤ船橋店	千葉県船橋市	Dcan9flSrLu
暮らしとごはん 燈台	佐賀県佐賀市	Da_7SY4NIxy
woody	茨城県日立市	DR657E_EiRF
ランコントレ	群馬県桐生市	DVDmsIKkjJ5
camellia気仙沼大島	宮城県気仙沼市	C3HyjNXhAG-
ローズガーデン浦添経塚店	沖縄県浦添市	DZ_jUB8hxeQ
minatoya sauna	福島県耶麻郡猪苗代町	DHQehJDJ1Yp
海鮮とおでんと寿司 個室居酒屋 魚野郎 船橋駅前店	千葉県船橋市	Db2ct6NSnPO
アサイー工房今治店	愛媛県今治市	DVic3MqEUb3
山本鮮魚店	広島県広島市	DYqizScT1ph
沖縄sobaとpanの店 シラノ	沖縄県沖縄市	Da7ilXVxscw
kobe zac-zac(ザクザク	兵庫県神戸市	DIsQ2doSQxH
みちのく懐かしの味 あきたプリン亭	秋田県仙北市	CtocJ1PB3ex
カフェと居酒屋ひだまり	滋賀県近江八幡市	DaIFG43pYQu
とんかつ福よし	群馬県館林市	DJwJf17zK1T
roy cafe'	福島県福島市	DT7oAThiVLs
鉄板酒場 夷川セカンド	京都府京都市	DbUisTEhx26
miumilk_crepe	熊本県阿蘇市	CsyNq-PJqo3
pan	広島県広島市	DSpBZcQkqOR
バーガーキングイオンモール盛岡南店	岩手県盛岡市	DNEgpR0hn8f
自然薯料理 といろ	群馬県前橋市	DPV3PqcCUvA
the nomad life cafe	岐阜県岐阜市	DYRTfm7qJww
r baker	愛媛県松山市	DM2F8_gTSro
高崎髙島屋『グルメのための味百選	群馬県高崎市	DIPsNROTJC8
フーゴ	岩手県紫波郡紫波町	DZreGgDP-Jy
さざん珈琲 茜部本店	岐阜県岐阜市	DaKfFiZy5qE
bar foxhole	沖縄県那覇市	DaJxycgR1Gm
ジャンジャン	沖縄県宮古島市	DbhWKCqhVG2
espresso d works 岐阜店	岐阜県岐阜市	DXJPP3WD0je
こんぴらうどん なかだ	群馬県伊勢崎市	DVlThYkEhBV
pique-nique (ピキニキ	宮城県仙台市	DWn7CKLEr0X
ホテル コレクティブ	沖縄県那覇市	DYweczfR6pt
tettoh tea factory	沖縄県うるま市	DaC4JL0hL5M
中みそ ヒロロ店	青森県弘前市	DEwo33TT43I
士水(しすい	岡山県倉敷市	DXbscKsE4dg
fufufu まごやさごはんとすいーつ	山梨県甲府市	DZXH-_Ozfml
ブロンコビリー大野城御笠川店	福岡県大野城市	CwPJ2hCqg-F
和牛 三国家	群馬県吾妻郡草津町	DXY_BUUEye2
the rose village	滋賀県甲賀市	DciaznBpDBs
ヴァベーネ	山形県天童市	C4xa0KBvTZq
らーめん 味仙館	東京都江戸川区	DW3V5zxCMtk
煙間大名	福岡県福岡市	DWK86hYEXGO
ご飯と酒 実の里(みのり	兵庫県神戸市	DTVBXc_kyoJ
リンツ ショコラ ブティック&カフェ 表参道	東京都渋谷区	DZ93M6gvCd5
ベーカリーキッチン オハナ とちぎ店	栃木県栃木市	DMzzTFSy203
めしと酒 なか	宮城県黒川郡大和町	Da7BNaFS27M
天ぴ屋	新潟県村上市	DZKWOZWg_Rg
ono boulangerie&cafe	山梨県南アルプス市	Da45kW5yaTJ
中国料理レストラン タカハシ	山形県山形市	C39xji2r_7D
el chavo(エルチャボ	千葉県大網白里市	DW54vDYzDbT
お食事処 柴田屋	秋田県秋田市	DCyuaKkhqz0
自家焙煎珈琲 楽渢(らふ	群馬県高崎市	DSSGgq9kj7A
feliche鳥栖店	佐賀県鳥栖市	CtjC1ayvdJB
まる福うどん	香川県三豊市	DbRnmPzzYZf
