post_id	handle	place_id	store_name	store_address	discovery_method	poster	canonical_url	caption_window
C-B8RaWSeVi	wolfgangs_steakhouse_fukuoka	ChIJscMULtWLGGARoofLq2BtdKE	Wolfgang's Teppan	東京都中央区銀座１丁目８−１９	you		https://www.instagram.com/reel/C-B8RaWSeVi/	"📍プライムグレード . 至福のひと時 —————————— 【wolfgang's ... 1,317 followers, 19 following, 377 posts – ウルフギャング・ステーキハウス福岡 公式 (@wolfgangs_steakhouse_fukuoka) on instagram: ""■ny発祥のウルフギャング・ステーキを福岡で ■長期熟成された「プライムグレード」の牛肉を使用 ..."
C-FM5f0hZdg	spicecurrycumin	ChIJb6valRAFVzURjlEsTX2gAsQ	Cumin	島根県松江市末次町９７−３	ig_business_discovery	shimane_gurume	https://www.instagram.com/p/C-FM5f0hZdg/	←美味しいグルメここにあります💁‍♂️ お店を忘れないうちに... 『保存』を!! ぜひ自分だけのお気に入りリストを 作ってくださいね♪ spicecurrycumin ━━━━━━━━━━━ 『お店の情報と料理の感想』🍽️ 営業日は行列必至の人気カレー屋さん。 僕が行った時も開店前で2.3組のお客さんが並んでた😳 開店前にお店前のウェイティングボードに書いておくと、スムーズに入りやすいよ〜!📃 あいがけcurry【2種類】 ➕スパイスたまご 辛さが選べて1辛〜5辛までが無料。 それ以上の辛さだと有料になるよ❗️ 
C-uIuPYvtkc	nakajuku_8989	ChIJBaV5tt3SGGARYRynyPuzYFQ	やきとり 中宿	埼玉県鴻巣市箕田１９５	you		https://www.instagram.com/reel/C-uIuPYvtkc/	"فيديو على instagram من やきとり中宿【鴻巣市】 • 15 أغسطس ... 1,303 followers, 488 following, 146 posts - やきとり中宿【鴻巣市】 (@nakajuku_8989) on instagram: ""鴻巣市にある焼き鳥屋です。 国産の鶏肉と野菜を使用しています(ノ≧▽≦)ノ 営業時間⇒平日17時~19時、土日祝16時~19時 ※在庫なくなり..."
C-urp3xy-_P	nikuryouri_syunkirou	ChIJc4VQQYdvUDURL_eoNoQh3mk	肉料理春祺廊	西条昭和町10-2	you		https://www.instagram.com/reel/C-urp3xy-_P/	"肉料理 春祺廊 | 広島焼肉 on instagram: ""広島の完全個室な ... 4,166 followers, 12 following, 271 posts - 肉料理 春祺廊 | 広島焼肉 (@nikuryouri_syunkirou) on instagram: ""\ 完全個室×肉料理/ 予約必須オーダービュッフェとランチ大人気! 西条駅から徒歩約10分🚶 和の上質な空間で味わう肉料理🥩 ..."
C-wnqjxTVVo	futu_no_izakaya.komae	ChIJhfL-eELxGGARRQYh-rm_CCo	普通の居酒屋狛江	東和泉1-19-1	you		https://www.instagram.com/p/C-wnqjxTVVo/	"【暑い日はまぜそば!🔥】 こんにちはー! 普通の居酒屋 ... 2,085 followers, 175 following, 373 posts - 普通の居酒屋 狛江 (@futu_no_izakaya.komae) on instagram: ""地鶏・鮪・酒肴・日本酒・焼酎 東京都狛江市東和泉1-19-1(狛江駅徒歩1分) open月-金 17:00〜/土 16:00〜 定休日 日曜日🌷 ご予約方法 ..."
C0EO2LGrNiE	caferob_tottori	ChIJJ318l_ePVTURF81cfGYtZNs	Cafe Rob 鳥取店	元町123 デザインバンク元町ビル1階	ig_business_discovery	toritabi_official	https://www.instagram.com/reel/C0EO2LGrNiE/	ったよ! ⁡ 食べやすい価格だからオススメ✨️ ⁡ ______________________ 鳥取のお出かけ情報をお届け! いいね👍🏻保存してくれると嬉しいです♪ ______________________ ⁡ お店のアカウント → caferob_tottori ⁡ 【 caferob鳥取店 】 📍住所 : 鳥取県鳥取市元町123元町ビル1階 🕐 営業時間 : 10:00〜18:30 💤定休日 : 水曜日 🚗駐車場 : 近くの有料駐車場 ⁡ #鳥取観光#鳥取#鳥取旅行#鳥取デート#鳥取観光スポット#鳥取グル
C0Oc7T5vxwz	suzuki.chojyu	ChIJ5-RqSWAdG2AR2_SdEpBBpvo	ことまちカフェ	3905-16 Ichimiya	ig_business_discovery	taberu_shizuoka	https://www.instagram.com/reel/C0Oc7T5vxwz/	ラン かわせみ併設 ⁡ ⁡ 🍁小國神社 周智郡森町一宮3956−1 休:無休 ✅道はほぼ平坦、広めの敷地🚶‍♀️ ✅東側の宮川桟敷きが映えスポット📷 ✅夜はライトアップも🔦 ⁡ ⁡ 🍁小國ことまち横丁 周智郡森町一宮3956−1 休:無休 suzuki.chojyu ✅小國神社隣接 ✅屋根付き屋外休憩スペース ✅軽食、お土産物店がそろう ⁡ ⁡ ⭐️遠州観光協議会⭐️ iwatacity_offical fukuroi_city morimachi_kankoukyoukai kakegawa_tourism_of
C0_MBnjJMp4	kyocafe_chacha	ChIJESOT2c4IAWAR78kwpx8I_wg	Kyocafe chacha嵐山店	京都府京都市西京区嵐山上海道町４８	ig_business_discovery	usamimi_711	https://www.instagram.com/p/C0_MBnjJMp4/	クリスマスや🎅🎍年末年始にも喜ばれる✨🙆‍♀ しっとり濃厚✨🥹 👑プレミアム宇治抹茶の🍵✨棒付きワッフル💕🥰 これね💡✨ アイスじゃないよ✨🤗 ワッフルなんだよ💗🙆‍♀🥰 今日は☺ 🍵京都✨嵐山発 「kyocafe chacha」さんの🎶 kyocafe_chacha ワンハンドで楽しめる✨🤗 かわいらしい💗🥹 棒付きワッフルをお取り寄せ✨🙇☺ 封を開けると✨ なんともたまらない🍵抹茶の良い香り💕😭🙆‍♀ 京都の老舗抹茶店 「山政小山園」さんの🍵抹茶を たっぷりと使用した✨🥰 ◎『🍵抹茶づくしボックス(4本入)』 
C16gvr8Sb_E	bonscurry	ChIJHxpVjeHgAGARuZPhVvdUmBY	Bon's Curauneru	大阪府大阪市城東区関目３丁目７−９	you		https://www.instagram.com/p/C16gvr8Sb_E/	"熟成塩豚 ... 3,965 followers, 1,215 following, 2,494 posts - 【bon’s】大阪・城東区/関目/カレー/ランチ/グルメ/スパイスカレー /あいがけ/関西グルメ/関西ランチ/大阪カレー (@bonscurry) on instagram: ""大阪市城東区関目3-7-9 厳選食材で毎朝店内手作り。 ..."
C1EtJbXJZvo	toukahen	ChIJpVWkR6g1-F8ROqra3HnuP6U	創意中華 茶房 桃花片	Ne-14 Takaomachi	ig_business_discovery	ringo_ishikawa_date	https://www.instagram.com/p/C1EtJbXJZvo/	eimeikanazawa さん ~~~~~~ 【桃花片】 ▼住所 石川県金沢市高尾町子14番 ▼営業時間 11:30-14:00 17:30-22:00 ▼定休日 水 ▼photo by yuchimarumaru さん ▼公式インスタ toukahen さん ~~~~~~ 【王蘭】 ▼住所 石川県金沢市北町乙64-1 ~~~~~~ 【珍香楼】 ▼住所 ※広坂から移転 石川県金沢市八日市1-146-14 ▼営業時間 11:00-14:00 17:00-22:00 ▼定休日 水 ▼photo by blue_boa
C1MmgUMP0G8	cacaokobotribute	ChIJO95Tbu6NGGARnCmjZ-Wh50A	カカオ工房 トリビュート	長崎4-30-2	ig_business_discovery	bluerabbitdis	https://www.instagram.com/p/C1MmgUMP0G8/	collaboration project with a high quality craft chocolatier in tokyo —> spiced rum chocolate mousse! cacao kobo tribute cacaokobotribute also produces a delectable range of chocolate products, created from raw cacao beans sourced direct from cacao farmers in g
C1g5nDQSUrB	kitchen_aeru	ChIJBWFFtHJTm18RxUCcxo7h6II	kitchen AERU	青森県八戸市南類家２丁目１４−１	ig_business_discovery	ayumu._aomori	https://www.instagram.com/p/C1g5nDQSUrB/	 ▷店舗情報 🍽️kitchen aeru 🏠青森県八戸市南類家2-14-1 📞0178-20-0735 🚃小中野駅より車で8分 ⏰11:00〜20:00(l.o.19:30) 定休日 毎週水曜、第2水曜の次の日 💴¥1000〜¥2000 kitchen_aeru ※食べログ、インスタ参照 〜〜〜〜〜〜〜〜〜〜〜〜〜〜〜〜 ▷食レポ ・毬姫牛の漬けローストビーフ丼 ¥1400 八戸産のブランド毬姫牛を使ったローストビーフ丼! お肉は柔らかく、無限に食べたくなるくらいの美味しさです! 卵をかき混ぜて、一緒に食べるとま
C2mLLNApUsg	zenkashoin	ChIJXwgbIIcIAWARtmMW6EIPdAU	然花抄院京都室町本店	京都府京都市中京区蛸薬師町２７１−１	ig_business_discovery	kyoto__date	https://www.instagram.com/p/C2mLLNApUsg/	# (thisis)shizen 📸thisisshizen_thiisnature 📍烏丸御池 〒604-8172 京都府京都市中京区場之町586−2 新風館 1階 thisis)shizen ⏰10時00分~19時00分 #然花抄院 📸zenkashoin 📍烏丸御池 〒604-0021 京都府京都市中京区室町通二条下ル蛸薬師町271−1 ⏰11時00分~18時00分 #astreacoffeekyoto 📸astreacoffeekyoto bm.agi 📍五条 〒600-8487 京都府京都市下京区橘町31
C3TiNleypdH	goodlaundryplace	ChIJH-_7ACAhAWARil_Znjy3fSc	グッドランドリープレイス八尾店	大阪府八尾市東本町４丁目２−７	linkup		https://www.instagram.com/reel/C3TiNleypdH/	ドリープレイス|大阪八尾|ベジスパイスカレー・サラダ ... 5,589 followers, 1 following, 2,111 posts - グッドランドリープレイス|大阪八尾|洗う 走る 笑う|愛犬と過ごすタイパテーマパーク (@goodlaundryplace) on instagram: &quot;\ヒトとイヌのなかよしセットが人気のドッグカフェ/ \大型犬も...
C3UlxqIxGLN	kajiwaya	ChIJJ2GTmYMv-F8R7iEKzwNtUyQ	菓匠かじわ屋	富山県南砺市福光６７８０−１	ig_business_discovery	emicom__	https://www.instagram.com/reel/C3UlxqIxGLN/	pr\ 話題のkawaiiスイーツ新作食べてきた / 📍菓匠かじわ屋 kajiwaya 🎪〒939-1610 富山県南砺市福光6780−1 _________________ emicom__ ❝ 富山の楽しみ方発信中❞ 他の投稿もcheckしてね🐥 _________________ 南砺市の老舗菓匠かじわ屋さん 今回も新作ミルフィーユが話題ですね🍡 富山市在住なので南砺市なかなか行かなく 今回やっと行けましたー😊 お店は和菓子屋さんっぽいんだけど ケーキもたくさん種類あるし 私の好きなもちパイも作ってた👍 こっ
C4FsP0BycYr	genghiskhan_yanagi	ChIJ6zbEhz6RQTURWAP_W80PYo8	ジンギスカンやなぎ 春吉	103 2 Chome-2-11 Haruyoshi	ig_business_discovery	kaka.fukuoka	https://www.instagram.com/p/C4FsP0BycYr/	《小話》 今まで散々嫌な思いしてきたラムと仲良くなれた。 【お店情報】 #ジンギスカンやなぎ ・インスタ genghiskhan_yanagi ・住所 :福岡県福岡市中央区春吉2-2-11 103 ・営業時間:18:00-6:00 (lo.5:00) ・電話番号:050-5592-6551 ・定休日 :月曜日 ・タバコ :〇 【予算・雰囲気・評価】 ・予算 :¥5,000 ・雰囲気 :レトロ ・評価 :8/10 ーーーーーーーーーーーーーーーーーーーーーーーーーーーーーーーーーーーーーーーーーーーーー 同じエリアの
C52FKmTysWh	careeya_curry	ChIJVcD3MOb5GGARna2e0ooyDJY	和だしカレー専門店 かれいや	原町田3-1-4	linkup		https://www.instagram.com/reel/C52FKmTysWh/	#町田#町田駅#ランチ#カレー#香令屋#おひとりさまランチ ... 1,388 followers, 393 following, 220 posts - かれいや (@careeya_curry) on instagram: &quot;移転リニューアルオープン! カラダに優しい和だしカレーは小麦粉 油脂 添加物ゼロ。 東京都町田市原町田3-1-4 町田ターミナルプラザ tel 042-707-6157 ...
C57sfYAyZQ3	itohighland	ChIJHRM1X5ndQTURJfbOthQ5xCw	TIME at Ito Highland	福岡県糸島市志摩岐志１５０３	linkup		https://www.instagram.com/reel/C57sfYAyZQ3/	糸島絶景レストラン hachidori@itohighland (糸島ランチ/糸島 ... 8,142 followers, 1 following, 239 posts – 糸島絶景レストラン hachidori@itohighland (糸島ランチ/糸島カフェ/糸島グルメ/糸島レストラン) (@hachidori.itohighland) on instagram: &quot;糸島・海辺の絶景レストラン・カフェ ゆったりランチ・カフ...
C5dXCU8yY83	inazumaramen	ChIJlc8s1E-XQTURKO-nH20VYbY	イナヅマラーメン	福岡県那珂川市片縄東１丁目１２−２	ig_business_discovery	kaka.fukuoka	https://www.instagram.com/p/C5dXCU8yY83/	《小話》 オーソドックス長浜。 すごいインパクトがあるわけじゃないけど なんか食べたくなる味。 実際投稿するまでに3回いっとるもん。 【お店情報】 #イナヅマラーメン ・インスタ inazumaramen ・住所 :福岡県福岡市中央区舞鶴1-3-4 ・営業時間:11時〜15時半 17時〜23時(ラストオーダー22時半) ・電話番号:記載なし ・定休日 :土日祝 ・タバコ :× 【予算・雰囲気・評価】 ・予算 :¥1,050 ・雰囲気 :居酒屋 ・評価 :6/10 ーーーーーーーーーーーーーーーーーーーーーーーーーー
C6n9WzySVR6	kikutsuru_soba1201	ChIJ5y3nheuRQTURnlh0bgBt8Kg	沖縄そば専門店 菊鶴そば	中央区天神5-3-12	ig_business_discovery	kaka.fukuoka	https://www.instagram.com/reel/C6n9WzySVR6/	。 人気ないんじゃなくて根付いてないだけや。 一旦行ってみよ。オリオンビールも飲んでみよ。 ここ行ってストーリー載せたら フォロワからdmで「沖縄人でもハマる味」って言われた。 このお店はガチらしい。 【お店情報】 #菊鶴そば ・インスタ kikutsuru_soba1201 ・住所 :福岡市中央区天神5-3-12 ・営業時間:11:00〜14:00 ・電話番号:092-731-0220 ・定休日 :日、祝日 ・タバコ :× 【予算・雰囲気・評価】 ・予算 :¥1,260 ・雰囲気 :ラフ ・評価 :8/10 ーー
C70QK7aS7Vm	lafata_tokyo	ChIJ82TicvCKGGARvRZNn2ii-GE	ラファータ	東京都品川区大崎４丁目２−２	you		https://www.instagram.com/reel/C70QK7aS7Vm/	"イタリア料理ラファータ[大崎・五反田] 03-5496-9208 ... 377 followers, 394 following, 814 posts - イタリア料理ラファータ [大崎広小路駅・五反田駅] (@lafata_tokyo) on instagram: ""品川区大崎広小路駅近くのイタリアンです。お店の詳細は公式ホームページからどうぞ😊🍷 🍽 【↓ホームペ..."
C76WoT8yGu6	sanpiryouron	ChIJ70QAIQYRAWARpEajfAYBH64	中華料理賛否両論	京都府宇治市宇治宇文字２−５２	tavily		https://www.instagram.com/p/C76WoT8yGu6/	#京都グルメ #宇治グルメ 冷やし中華始めましたー 中華料理 賛否 ... 中華料理 賛否両論 @sanpiryouron. jr 宇治駅から徒歩約3分。 京阪 宇治駅からは徒歩約15分。 京都宇治にある、創作料理が気軽に楽しめる中華料理店。
C7ql-dhSOlk	yoro_yokohama	ChIJryOse8BdGGARbnQT4xNdneI	焼肉×和牛よろ	神奈川区鶴屋町2-19-1	linkup		https://www.instagram.com/p/C7ql-dhSOlk/	横浜駅直ぐの焼き鳥屋🐓 週末深夜まで営業中🌙 ... - instagram 528 seguidores, 22 siguiendo, 240 publicaciones - 焼鳥×和牛 よろ (@yoro_yokohama) en instagram: &quot;◽横浜駅徒歩5分 鶴屋町にopen!! ◽絶品焼き鳥・鳥刺し・和牛の逸品物 ◽冷凍なしの新鮮なお肉を職人が絶妙な火入れでご用意 ◽元気なスタ...
C8Nz5RgyfQL	kaguyadelica	ChIJrZA_A5tnPjURPLheqewpaIk	kaguya delica	鹿児島県鹿児島市下荒田３丁目４０−１８	ig_business_discovery	kagoshimagourmet	https://www.instagram.com/p/C8Nz5RgyfQL/	⁡ ⁡⁡ いざかや月の舟 izakaya_tsukinofune 5月オープンの kaguyadelica さん系列の居酒屋🍻 雰囲気がよくて料理もおいしかった⸝⋆⸝⋆ #鹿児島 #鹿児島グルメ #鹿児島ディナー #鹿児島居酒屋 #鹿児島夜ご飯 #鹿児島刺身 #鹿児島焼酎 #鹿児島観光 #鹿児島旅行 #かごしま #kagoshima #鹿児島市 #下荒田 #下荒田グルメ #下荒田居酒屋 #山大一 #大山甚七商店 #焼酎 #お酒 #居酒屋 #月の舟 #いざかや月の舟
C8bjGDPyNj7	zao_brewery	ChIJxQWOJq-zi18RlUEiUdkeB2M	Zao Brewery	Zaouwano, 字南坂1096-18	ig_business_discovery	good.yamagata	https://www.instagram.com/reel/C8bjGDPyNj7/	 ご飯がめちゃくちゃ美味かった。 ==================================== 店名:蔵王ブルワリー&クラングダイニング 住所:山形市蔵王上野 字南坂1096-18 休み:水曜 時間:11時00分〜14時00分 zao_brewery ==================================== #yamagata #japanesefood #山形 #山形グルメ #山形ランチ #山形観光 #山形旅行 #山形お土産 #蔵王ブルワリー =====================
CFD3tFKDxdl	taiwankitchenkanoka	ChIJ39M3_pSNGGARdN0f3C1lIBk	Taiwan Kitchen Kanoka	東京都北区中里１丁目４−４	media_embed		https://www.instagram.com/p/CFD3tFKDxdl/	在 instagram 查看這則貼文 台湾キッチンかのかtaiwankitchenkanoka(@taiwankitchenkanoka)分享的貼文 於 pdt 2020 年 9月 月 12 日 下午 7:46 張貼
CGEjKRQlfwb	donburi_hime	ChIJkVtiH1bhAGAR9BjgV3O3os4	丼姫	旭区森小路1-9-9	media_embed		https://www.instagram.com/p/CGEjKRQlfwb/	t 都島区・旭区 旭郵便局近くに、まぐろの卸問屋さんが販売する『丼姫』が2020年11月7日(土)にオープンしました♪<公式インスタグラム・ツイッター>開店祝いの花がカウンターに置かれています☆ この投稿をinstagramで見る 丼姫(@donburi_hime)がシェアし...
CJAMUxsAY9o	aoinapoli	ChIJPQJlr0uMGGARbHyoNmkqZag	Aoi Napoli	東京都文京区小石川３丁目３２−１	media_embed	aoinapoli	https://www.instagram.com/p/CJAMUxsAY9o/	📍青いナポリ 青いナポリ (@aoinapoli) / 【文京区】小石川にある人気のイタリアンレストラン「青いナポリ」で新年の営業スタートです!テイクアウトとデリバリーも行っています。 | 号外net 文京区 文京区小石川にある「青いナポリ」は以前にテレビでも取り上げられたことのある人気のイタリアンレストランです。お店の最寄りの駅は都営大江戸線「春日駅」、東京メトロ丸ノ内線「後楽園駅」、都営三田線「白山駅」のいずれかですが、どこからも10分前後...
CJa7G4_j6L9	daifuku_fruitsparlor	ChIJMytODoClQTURqsBuSGfEkLk	フルーツパーラー 大フク	福岡県久留米市六ツ門町７−１７	media_embed		https://www.instagram.com/p/CJa7G4_j6L9/	ツ門に「フルーツパーラー大フク」がオープンしました! | 号外net 久留米市(筑後北部) 2021年1月8日(金)、六ツ門町に「フルーツパーラー大フク」がオープンしました! この投稿をinstagramで見る フルーツパーラー 大フク(@daifuku_fruitsparlor)がシェアした投稿大フクは、厳選されたフルーツを使用した本気のフルー...
CJpTUmuhMq3	mammamia_matsumoto	ChIJWbaAcpUOHWAR1DKHI4AyKiE	レストランマンマミーア	1 Chome-16-5 Agata	media_embed		https://www.instagram.com/p/CJpTUmuhMq3/	| 号外net 松本 イオンモール松本近くのレストラン、マンマミーアが2021年1月末日で営業が一旦終了となり長期の休業に入っていたことがわかりました。 この投稿をinstagramで見る ウェディング&カフェ&雑貨 mammamia!(@mammamia_matsumoto)がシェアした...
CSypTUUpu3Y	shirohige_puff	ChIJaYvzRmXvGGAR91ZlCN-Lu4A	白髭のシュークリーム工房吉祥寺店	東京都武蔵野市吉祥寺南町２丁目７−５	cc_wat_embed		https://www.instagram.com/p/CSypTUUpu3Y/	@shirohige_puff
CT8na-dAYf0	luckrack	ChIJv7OcEwCFiV8R6LqSatfYhsE	ラックラック イオンモール新利府南館店	新中道3丁目1-1 イオンモ-ル新利府南館2F	media_embed		https://www.instagram.com/p/CT8na-dAYf0/	【海老名市】9月30日(木)、ビナウォーク5番館に新しく”luckrack”がグランドオープン!気になるお店の詳細は? | 号外net 海老名市・座間市・綾瀬市 2021年9月30日(木)、ビナウォーク5番館2階に新しいお店がオープンしたそうです!お店の名前は”luckrack(ラック ラック)”。こちらのお店は、様々な理由で販売時期を過ぎてしまった衣類や日用品を、定価の30-80%オフで販売しているオフプライスストア。商品...
CUuROezFxmL	coffeetoast2	ChIJVxnAoqL1GGARpg366y4YGSg	コーヒー&トースト三軒茶屋店	東京都世田谷区三軒茶屋１丁目５−１６	ig_business_discovery	re__tokyo	https://www.instagram.com/p/CUuROezFxmL/	🗼 50種類のオリジナルトーストに目移りする 美味しいトーストを堪能できる人気カフェ 【コーヒー&トースト】 coffeetoast2 🚶‍♀️三軒茶屋駅 徒歩5分 いいね、保存で行きたいリストに入れておきましょう! ---------------------- 毎日お洒落スポットを動画で紹介してます デートや大事な人と過ごしたいときに使ってください! 他のお店を見る→ re__tokyo ---------------------- 店内はこじんまりとしながらもシックな雰囲気 壁に貼られた興味をそそるトーストの数
CVSzj-Ov2i0	premiermai_tokyo	ChIJ1V262MDzGGARBRfYcTc47ek	プルミエメ	東京都渋谷区富ヶ谷１丁目６−１０	ig_business_discovery	re__tokyo	https://www.instagram.com/p/CVSzj-Ov2i0/	rder----------- 極厚鉄板チーズトースト 1500円 トッピング: チーズ倍(750円) 厚木ベーコン(150円) 個室利用料(当日利用2000円) ----------店舗情報--------- 【プルミエメ】 ■インスタ premiermai_tokyo ■アドレス 渋谷区富ヶ谷1-6-10 代々木公園ビル2f ■アクセス 代々木公園/代々木八幡駅1分 ■予算 2000〜3000円 ■営業時間 8:00 - 17:00 (16:15lo.) ■定休日 水曜 (※祝日の場合は営業) ■予約 個室のみ
CW2yveSra5M	hoff.tokyo	ChIJn6r_KjHzGGARxlDEumMYVOY	HOFF	初台2-11-11	ig_business_discovery	re__tokyo	https://www.instagram.com/reel/CW2yveSra5M/	なる美味しさでした -----------order----------- モッツァレラとマッシュルームのハンバーガー 1300円 バターミルクパンケーキ 1000円 ----------店舗情報-------- 【hoff】 ■インスタ hoff.tokyo ■アドレス 渋谷区初台2-11-11 ■アクセス 代々木上原駅徒歩10分 ■予算 昼1〜2000円/夜3〜4000円 ■営業時間 11:00~24:00 ■定休日 第1・3月曜日 ■予約 可 ■電話番号 03-6276-0133 ■駐車場 無 ■席 40席 
CYseNljLrTq	eatgood_place	ChIJrbu8BvyNGGAReoXw5suaQn4	Eat Good Place	Higashiikebukuro, 4 Chome−42−1 IKE•SUNPARK イケ・サンパーク	ig_business_discovery	epietriz_eatgood	https://www.instagram.com/p/CYseNljLrTq/	麹町カフェ時代からずっと焼き続けているベイクドチーズケーキ。 ボトムのクッキーも自家製です! 本日金曜日と明日土曜日はディナーの営業もあります。 お散歩がてら夜のデザートなんていう使い方も是非。 eatgood_place
CYtUKhztt9C	benjaminsteakhouse_roppongi	ChIJo8i9EniLGGAR8mRHsCD2lxM	Benjamin Steak House Roppongi	東京都港区六本木７丁目１４−４	you		https://www.instagram.com/p/CYtUKhztt9C/	"キハウス六本木では、ステーキだけでなく ... 9,952 followers, 7,163 following, 551 posts – ベンジャミンステーキハウス六本木(benjamin steak house roppongi) (@benjaminsteakhouse_roppongi) on instagram: ""▼ ニューヨーク・マンハッタン発 日本国内旗艦店 @benjaminsteakhouse_official @benjaminsteak..."
C_Ez6iFyNyU	sushidou.shiozawa	ChIJ6QxSFmr39V8R6DqSZ65JvV4	すし道楽塩沢本店	新潟県南魚沼市中１７１−１	you		https://www.instagram.com/reel/C_Ez6iFyNyU/	業時間#南魚沼市#塩沢#寿司#すし ... 1,287 followers, 1,199 following, 238 posts – see instagram photos and videos from 廻る すし道楽 塩沢本店 (@sushidou.shiozawa)
Ca0Q4TohkUk	irodori_syokudo	ChIJt3-x1_hTGGARpKh1zciGJ-0	いろどり食堂	神奈川県茅ヶ崎市共恵１丁目１３−２３	linkup		https://www.instagram.com/reel/Ca0Q4TohkUk/	いろどり食堂|茅ヶ崎市共恵の定食屋 | 3月8日(火) 暖かくなってき ... 4,161 followers, 71 following, 1,724 posts - いろどり食堂|茅ヶ崎市共恵の定食屋 (@irodori_syokudo) on instagram: &quot;定休 日曜・隔週月曜・他 9:00〜l.o14:30 🅿️3台 自転車・バイクは軒先に キャッシュレス決済可 ⚠️予約 不可 ...
CaDsA0XvPGZ	eatgood_place	ChIJrbu8BvyNGGAReoXw5suaQn4	Eat Good Place	Higashiikebukuro, 4 Chome−42−1 IKE•SUNPARK イケ・サンパーク	ig_business_discovery	epietriz_eatgood	https://www.instagram.com/p/CaDsA0XvPGZ/	おはようございます factoryです パン職人の朝は早い 毎日毎日同じ動きを何度も何度も繰り返して 12年目のくるりん ぱ! もう何個焼いたのか... factoryのベーグルは 少量ですが、 eatgood_place でも購入できます! まだまだ朝が寒いですが 朝ごはんから営業していますので三文の徳しにいらしてくださいね!
CbPS6qXJU3K	hachidaime.gihey	ChIJTXE5N-wHAWARV4FpYC1y8KA	炊き立て土鍋ごはんOmoya 八代目儀兵衛	Nishishichijo Kitakinutacho, 10 1F	ig_business_discovery	hgsy430	https://www.instagram.com/p/CbPS6qXJU3K/	2022.3.18 * * 春のリラックマ 稲荷🌸 hachidaime.gihey 様のお米と混ぜごはんのもと『京のさくら』を使用して春色のお稲荷さんを作りました😊 お米はカラフルな風呂敷に2合ずつ包まれていて、とっても可愛い💛💚💜 色別に、お料理に合わせてお米を選べる様になっているのがとっても楽しいです♪ 今回は薄紫色の『鮨』をチョイス(7枚目pic) 一粒一粒の弾力をちゃんと感じられて、お米の甘味に桜のほど良い塩気が引き立ってとっても美味しかったです🥰 北海道の春はまだ少し先ですが、 一足早く春を感じられて嬉
Cc2hjS_P4kw	mellowhich	ChIJ2w9qXQ2LGGARFCuSYpj2apE	MELLOWHICH	東京都渋谷区渋谷２丁目２４−１２	ig_business_discovery	mellowhich_okinawa	https://www.instagram.com/p/Cc2hjS_P4kw/	ら1週間 / オープンから約1週間が経ちました☘︎⠜ たくさんの方が足を運んでくださり 嬉しい限りです☺️ありがとうございます♡ ⁡ 毎日20時までopenしておりますので、 まだお越しでない方もお気軽にお立ち寄りください😊 ⁡ これからもmellowhich沖縄国際通り店を どうぞよろしくお願いいたします🏝 ⁡ **************************** ⁡ mellowhich 沖縄国際通り店 ▷▷牧志駅から徒歩3分、牧志交番・屋台村近く ⁡ ‪〒900-0013‬ ‪沖縄県那覇市牧志3-12-2
CceSc2kh9op	mellowhich	ChIJ2w9qXQ2LGGARFCuSYpj2apE	MELLOWHICH	東京都渋谷区渋谷２丁目２４−１２	ig_business_discovery	mellowhich_okinawa	https://www.instagram.com/p/CceSc2kh9op/	際通り店 オープンいたします! ゆいれーる 牧志駅から徒歩約5分🚶‍♀️ 国際通り沿いに誕生した、可愛いお店にぜひお立ち寄りください🙌 白を基調とした外観&カラフルな箱が目印です✨ **************************** mellowhich 沖縄国際通り店 ‪〒900-0013‬ ‪沖縄県那覇市牧志3-12-2‬ 営業時間 ‪11:00-20:00‬ 電話 ‪098-988-4371‬ ⁡ **************************** ⁡ #本日オープン #newopen #開店 #
CdN1JeWPv5k	mellowhich	ChIJ2w9qXQ2LGGARFCuSYpj2apE	MELLOWHICH	東京都渋谷区渋谷２丁目２４−１２	ig_business_discovery	mellowhich_okinawa	https://www.instagram.com/p/CdN1JeWPv5k/	 好きなお味やパッケージを組み合わせて オリジナルのギフトをお作りすることができます🎁♡ ⁡ 日頃の感謝を込めて、 世界に一つだけの贈り物を 送ってみてはいかがでしょうか💐 ⁡ **************************** ⁡ mellowhich 沖縄国際通り店 ▷▷牧志駅から徒歩3分、屋台村近く ⁡ ‪〒900-0013‬ ‪沖縄県那覇市牧志3-12-2‬ 営業時間 ‪11:00-20:00‬ 電話 ‪098-988-4371‬ ⁡ **************************** ⁡ #m
CeBM6XhPZZm	coyamaris	ChIJY_EqRlShQzURFXIGx2z-7Sc	Coyamaris	山口県下関市豊浦町大字室津下３５２−３	ig_business_discovery	yamagutcher_n	https://www.instagram.com/p/CeBM6XhPZZm/	━━━━━━ ☑カフェ 場所:#sigco #シグコー sigco.0601 住所:山口県下関市 豊浦町 小串 2411-24 ▶過去投稿 #yamagutchersigco ━━━━━━━━━━━━━━━━━━ ☑ランチ・カフェ 場所:#coyamaris #コーヤマリス coyamaris 住所:山口県下関市豊浦町室津下352-3 写真がふっとんでローストビーフ しか残ってなかった・・ カレーのお写真は fabulous41723 さん♡ ↑他にも素敵なカフェ写真が沢山 ━━━━━━━━━━━━━━━━━━ ☑
CfYx7JBhH_z	karato_harete	ChIJr4Tqzu-9QzUR5cTEjnqemDk	唐戸はれて横丁	山口県下関市中之町１−１６	media_embed		https://www.instagram.com/p/CfYx7JBhH_z/	harete」が開業します。 | 号外net 下関市 2023年初夏、下関市唐戸地区に下関エリアの食や産業の魅力の発信拠点「karato harete」が開業します。 この投稿をinstagramで見る karato harete 公式(@karato_harete)がシェアした投稿開業準備に伴い、「karato harete」では出店者を募集し...
CfkZyY5vCyj	gofuso.jp	ChIJJ-YTuy7HAGARydu2iVlLvdw	がんこ 岸和田五風荘	大阪府岸和田市岸城町１８−１	media_embed		https://www.instagram.com/p/CfkZyY5vCyj/	| 号外net 岸和田市・貝塚市 梅雨もあけて、迎える7月7日は七夕ですね。短冊に願い事を書き、空を見上げ、夜風を感じる。夏の一夜になんとなく感謝の想いがこみ上げる素敵な日ですね。 この投稿をinstagramで見る 岸和田市「五風荘」(@gofuso.jp)がシェアした投稿2022年...
ChmL7DOJZvY	kobako_online	ChIJR8XZgWznAGARoBvS-HVoXlo	韓国料理 こばこ 黒門市場店	中央区日本橋1丁目17-3	ig_business_discovery	ryosayu	https://www.instagram.com/p/ChmL7DOJZvY/	 注文受けてから手作りする チャプチェチヂミや麻薬卵は 本場韓国のオモニの味 ・ ソースや薬味、調味料、軍手まで セットでついてくるので #手ぶらでバーベキュー ・ 美味しくて大満足 ・ ・ 簡単な動画撮ったので、 良かったら見てね♡ ・ kobako_online #こばこ #kobako #韓国料理 #韓国料理専門店 #韓国家庭料理 #おうちごはん #おうちごはんlover #バーベキュー #bbq #pr #japaneasefood #マカロニメイト #フーディーテーブル
CiZcAY1v1ht	shinjuku_waigaya	ChIJxz5rhduMGGAReJOQzzaktLA	和牛ホルモンwaigaya	東京都新宿区新宿３丁目１３−５	you		https://www.instagram.com/p/CiZcAY1v1ht/	"📍和牛ホルモンwaigaya 新宿でユッケランチを食べるなら 『和牛ホルモンwaigaya』 ⁡ ... 7,998 followers, 36 following, 298 posts - 和牛ホルモンwaigaya新宿三丁目本店 (@shinjuku_waigaya) on instagram: ""【夜】 日本で唯一❗️究極の焼肉食べ放題 【昼】 累計30万個突破❗️ランチ限定のハンバーグ屋 (※ハンバーグはランチ限..."
CjjJQfoBryQ	kuroiwake9610	ChIJkSy97KWRQTUR5FrMqfHVCAY	黒岩家	3 Chome-11-11 Minoshima	ig_business_discovery	fukuoka_tabenikki	https://www.instagram.com/p/CjjJQfoBryQ/	- ̗̀ 変り種肉も揃うthe大衆焼肉 ̖́- ⁡⁡ ⁡/ ⁡🏮美野島高架下の⁡ ⁡ the!! 大衆焼肉🚶‍♀️🥩‪⁡⁡ ⁡\⁡ ⁡ ⁡ ̄ ̄ ̄⁡ ̄ ̄ ̄ ̄ ̄ ̄ ̄ ̄ ̄ ̄ ̄ ⁡🥢 美野島 ⁡ 『#黒岩家 』⁡ ⁡📍 kuroiwake9610 ⁡______________________________⁡⁡⁡ ⁡ ⁡☆google評価4.2 ⁡☆口コミ数 90件 ⁡☆食べログ評価 3.43⁡ ⁡☆口コミ数 46件⁡ ⁡⁡ ⁡━━━━━━━━━━━━━━━⁡ ⁡▶注文したもの⁡ ⁡━━━━━
CknX9n8PM2T	passeretti	ChIJyzjLGWPeGmAR0CAxCBLnylk	パセレッティ	中区連尺町307	ig_business_discovery	taberu_shizuoka	https://www.instagram.com/p/CknX9n8PM2T/	感が保たれていて とってもくつろぐことが可能❤️ ⁡ ⁡ 【客層】 30〜60代の男女✨ 気持ち女性が多めですが 男性の方の利用も多くありました💡 お一人様からカップル、グループまで 幅広いシーンで利用可能😊 ⁡ ⁡ 【お店のアカウント】 passeretti ⁡ ⁡ ⁡ ◆パセレッティ 浜松市中区連尺町307 ⏰11:30-26:00 休:無休 📞053-452-0899 🅿️なし(店舗南 日管大手門pが提携) 💰paypay、line pay、au pay、 クレカ使える 💡はま食チケット対象店舗 💓はままち食
ClOQUCahVjl	kiminoka.gelato	ChIJ2cSJNYs5B2ARhTpnVxDHoRE	Kiminoka	和歌山県海草郡紀美野町三尾川７８５−３	ig_business_discovery	wakayama_channel	https://www.instagram.com/p/ClOQUCahVjl/	́- こんばんは! 今回は、紀美野町にあるジェラート専門店のご紹介です😊 行ってみたいと思ったらぜひ次回のお出かけの参考に保存してくださいね🫰🏻 今回紹介するのは... 紀美野町にあるジェラート専門店「 キミノーカkiminoka」さん✨ kiminoka.gelato キミノーカさんは、紀美野町に山奥にある知る人ぞ知る隠れ人気店🍦 農家さんが作るジェラート専門店なんです! 人気の秘訣は、このお店でしか食べられない珍しいジェラート☝🏻 例えば、山椒ミルクとかカボチャ、なすソルベ、とうもろこしなどの「どんな味なん!」
ClVsuPSNgOE	fuglenfukuoka	ChIJKX39tuWRQTURGIZ835jjSFQ	Fuglen Fukuoka	福岡県福岡市博多区博多駅東１丁目１８−３３	ig_business_discovery	fuglen	https://www.instagram.com/p/ClVsuPSNgOE/	lovely details at the latest addition fuglenfukuoka . . . #fuglen #fuglenfukuoka #fuglenjapan #fukuoka #vintagedetails #vintagedecor
ClbJ63nLDJr	kyoto.uji._moritaen_kouroudou	ChIJz75I0OjCj18RlFa9bfej11o	京都互福庵 御影	秋田県秋田市大町４丁目３−７	ig_business_discovery	yamyam__akita	https://www.instagram.com/p/ClbJ63nLDJr/	"【オススメする場面】 ・抹茶旅 ・マダムと 【특징】 ・일본 말차 후식 전문점 ・말차로 가장 유명한 ""모리타""씨 감수 ・교토를 생각나는 공간 —————店舗情報————— 店名:蔵cafeレストラン康瓏堂 公式instagram:kyoto.uji._moritaen_kouroudou 住所:大館市清水1-3-37 アルティ清水ビル 1f 最寄駅:大館駅 車3分 営業時間:11:00~18:00 18:00~22:00(予約制) 定休日:不定休 コンセント:無 wi-fi:無 キャッシュレス:無 たばこ"
CrslzghJp7L	kotsurudou1018	ChIJq6rbW15M-F8RxuSkmD3LBe0	古鶴堂	石川県白山市湊町ヨ３６	ig_business_discovery	kanazawa_cafe_issy	https://www.instagram.com/p/CrslzghJp7L/	他の投稿は... ➢ kanazawa_cafe_issy 本日もご覧頂きありがとうございます!!☺️ kotsurudou1018 をご紹介!!✨ 最後に古鶴堂と一緒にいくのにおすすめのスポット(#金沢カフェ #石川カフェ など)を紹介しています!👌 🏷‪‪‪‪‬ 古鶴堂 【📓メモ】 ‪✎レトロで他には無い特別な空間! ‪‪‪✎ハンドドリップで丁寧に入れる珈琲が美味しかったな... ‪‪‪✎お菓子持ち込み可能でお皿を準備して貰えます。 ➢ アイス珈琲 500yen #金沢スイーツ 【店舗情報】 open:12:0
Cub2EPFJLwC	chim_chim_do	ChIJkTsHWKU1-F8RawMI84DdaQs	ちむちむ堂	石川県金沢市額新保２丁目２５１	ig_business_discovery	ringo_ishikawa_date	https://www.instagram.com/p/Cub2EPFJLwC/	◆月曜日  11:30〜15:00(l.o14:00) ◆水〜日曜日  11:30〜17:00(l.o16:00)  ◇7/17(月・祝)  11:30〜17:00(l.o16:00) 🅿️駐車場 32台まで駐車可能です。 💫公式インスタ chim_chim_do さん ーーーーーーーーーーーーーーーーーーーーーーーーーーーーーーーー デートに超おすすめ! 金沢スイーツ14選を一挙紹介🥰 是非参考にしてね! ーーーーーーーーーーーーーーーーーーーーーーーーーーーーー 【おでかけ.デートプラン】の参考になれば とって
CueRW0-Jhcg	moron__cafe	ChIJIVnG7nIz-F8RwLvgP27T_Qo	Moron Cafe	石川県金沢市長町２丁目４−３５	ig_business_discovery	kanazawa_cafe_issy	https://www.instagram.com/p/CueRW0-Jhcg/	なし 決済方法:paypay利用可 ・isotope にいくならココ!!✨️ ☟☟☟☟☟☟☟☟☟☟☟☟☟☟☟☟☟☟ 【周辺おすすめスポット】 🏷‪‪‪‪ pop by coffee popbycoffee 🏷‪‪‪‪ moron cafe moron__cafe 🏷‪‪‪‪ mito mito_cafe 🏷‪‪‪‪ dumbo cafe_dumbo #金沢カフェ巡り #金沢旅行 ┈┈┈┈┈┈┈┈┈┈┈┈┈┈┈┈┈┈┈┈┈┈┈┈ このアカウントは石川県のカフェに特化した投稿をしてます!☕️ たくさんのアカウントの中か
CuzDawXByIb	suehirosushi	ChIJTRJQFNJQAWARpY8eP5NJJRg	Suehiro	2496-2 Uenoshinobicho	you		https://www.instagram.com/reel/CuzDawXByIb/	"末廣寿司 | #忍者 #お弁当 #面白い #楽しい #かわいい #わくわく ... 1,303 followers, 0 following, 809 posts – 末廣寿司 (@suehirosushi) on instagram: ""*食事は出来ません* 完全予約制持ち帰り専門店 営業 木金土日 大口の配送ご相談ください 寿司販売所 ひぞっこ(全営業日) 白鳳プラザ朝市(毎木曜) ..."
CvqFbg8SWF2	fuuki_noodle_factory	ChIJZQZ36cX1QDURC8QOv9KIBIM	富喜製麺研究所	西区春日3-15-30	tavily		https://www.instagram.com/p/CvqFbg8SWF2/	a703's profile picture aloha.ohana703 祝️開店 熊本とは違い、オシャレが店舗😆🗼 多くの皆さんに美味しいラーメン🍜を届けてください😊 1 like reply [...] log in sign up fuuki_noodle_factory's profile picture never miss a post from fuuki\_noodle\_factory sign up for instagram to stay in the loop. sign up log 
Cw5FTZ8PjeS	segare.sendai	ChIJv5g19yYoil8RliXuBTUO4EA	飲み喰い処 伜(せがれ)	1 Chome-12-6 Honcho	ig_business_discovery	maritrip_traveler	https://www.instagram.com/reel/Cw5FTZ8PjeS/	とある日の女子会ディナーin仙台💐 ▼▽▼今回行ったお店▼▽▼ 📍飲み喰い処伜(セガレ) ≪ エリア : 青葉区本町 ≫ 【segare.sendai 】 📍花とお酒の店 & green flash bar ≪ エリア : 青葉区一番町≫ 【 andgreenflash_barflower 】 #東北グルメ #宮城グルメ #仙台グルメ #宮城ディナー #仙台ディナー #仙台居酒屋 #仙台女子会 #仙台ごはん #仙台デート #東京カフェ #東京カフェ部 #仙台駅 #仙台駅グルメ #仙台カフェ #お花のある暮らし #宮
CwAKiaVJD4l	hiraku_bakery	ChIJu4rqtMNX-F8ROo0VlwBOexE	ヒラクベーカリー	石川県加賀市片山津温泉乙６９−３９	ig_business_discovery	kanazawa_cafe_issy	https://www.instagram.com/p/CwAKiaVJD4l/	あり 決済方法:現金のみ ・parkpark patchpatchにいくならココ!!✨️ ☟☟☟☟☟☟☟☟☟☟☟☟☟☟☟☟☟☟ 【周辺おすすめスポット】 🏷‪‪‪‪ mie coffee mie_coffee 🏷‪‪‪‪ ヒラクベーカリー hiraku_bakery 🏷‪‪‪‪ cafe aru cafe__aru 🏷‪‪‪‪ fuzon fuzon_japan #金沢カフェ巡り #金沢旅行 ┈┈┈┈┈┈┈┈┈┈┈┈┈┈┈┈┈┈┈┈┈┈┈┈ このアカウントは石川県のカフェに特化した投稿をしてます!☕️ たくさんのア
CxE0q8tS-g4	kuromatsu_fukuoka	ChIJW_lTOG2RQTUR3P6F9-Q_LD0	くろまつ 大名店	中央区大名 2-1-38	ig_business_discovery	doppelpack8929	https://www.instagram.com/p/CxE0q8tS-g4/	大名【黒豚とんかつ くろまつ】 kuromatsu_fukuoka ×福岡くいだおれ太郎 久々に「くろまつ」へ。 福岡最強レベルに旨いカツ丼が食べたくなり夜にお邪魔しました。ここのカツ丼が本当に大好きなのです😳✨ いただいたのは「黒豚ロースかつ丼」。 150gの分厚いロースカツをトロトロ卵でとじてカツ丼に仕上げてしまった逸品。 鹿児島産「南州黒豚」を使用したロースカツは衣はサクッとお肉は柔らかくジューシー🤤 これだけ高品質なロースカツをこのボリュームでカツ丼として提供してくれるお店は希少! 今回は150gをチョイス
CxMlOeTrZu5	irishpubthehive	ChIJpV0vRrGfRjURvDAvhcto8j0	The Hive	大分県大分市中央町２丁目７−２８	ig_business_discovery	chill.bar.at10	https://www.instagram.com/reel/CxMlOeTrZu5/	イム) 17:00〜21:30(ディナータイム) 日曜定休日 【ムギ―バック販売店舗】 ・サケメシスタンド食堂エイチ/ sakemeshi_h ・a bar nando / a_bar_nando ・irishpub the hive / irishpubthehive ・古民家キッチン hako / hako_oita ・路地裏サワー / lojiura_sour 【販売開始】 9月15日(金)~ #チルバーアットテン #チルバー #chillbarat10 #大分ん酒 #チルアウト #エディブルフラワー #バブ
CyQQ4EjPxrd	apelo7010	ChIJxzD1WrTj9F8RTjCZyw1pQAk	アペロ	新潟県三条市荒町２丁目１９−１０	ig_business_discovery	allniigata	https://www.instagram.com/reel/CyQQ4EjPxrd/	ッタリ🫶 ↓今回食べたもの↓ ☆本日の鮮魚のポワレ ¥1950 ☆アンガス牛サガリのロースト ¥2100 全てに 前菜盛り合わせ、自家製パン、ドリンク付き ┈┈┈┈┈┈┈┈┈┈┈┈┈┈┈┈┈┈┈┈┈┈ アペロ #アペロ お店のアカウント⇒ apelo7010 📍 新潟県三条市荒町2丁目19−10 ⏱11:30~14:00 17:30~22:00 月曜日、第3日曜日定休 ※日曜日はランチ営業のみ 📞 0256-55-7302 🚗 三条燕 icから車で5分 🪑 28席 個室あり(1室/6名) 🅿️13台 ※店舗情報は訪
Cyk4XVppc4U	andlifecafe	ChIJC-twnzaQ918Rj2JlKTF1Oy0	And LIFE Cafe	富山県富山市二口町２丁目５	ig_business_discovery	toyamashokujikai	https://www.instagram.com/reel/Cyk4XVppc4U/	ー” よろしくお願いします! —————————— 【店名】 and life 【住所🏠】 富山県富山市二口町2-5-9 【営業時間🕒】 10:00〜19:00 【定休日😪】 年末年始、他不定休 【駐車場🅿️】 有 【instagram】 andlifecafe ※詳細は店舗情報をご確認ください イートイン⚪︎ —————————— ′′order ・贅沢モンブランぱふぇ 1,700円 —————————— 贅沢に栗を使った モンブランパフェを 食べてきたよ! 栗ペーストや栗渋皮煮が たっぷり詰め込まれてて ボリュ
CyvAdMYvSRh	nikuryouri_syunkirou	ChIJc4VQQYdvUDURL_eoNoQh3mk	肉料理春祺廊	西条昭和町10-2	linkup		https://www.instagram.com/reel/CyvAdMYvSRh/	"肉料理 春祺廊 | 広島焼肉 on instagram: ""広島の完全個室の焼肉 ... 4,166 followers, 12 following, 271 posts - 肉料理 春祺廊 | 広島焼肉 (@nikuryouri_syunkirou) on instagram: &quot;\ 完全個室×肉料理/ 予約必須オーダービュッフェとランチ大人気! 西条駅から徒歩約10分🚶 和の上質な空間で味わう肉料理🥩 ..."
Cz2wOISJGHv	cometowato	ChIJfRP2tgYv8V8RDvuJDqKg3tI	こめとわとベーグル	石川県輪島市大野町城兼37-69	ig_business_discovery	hiro_hiruma_no_dannasyu	https://www.instagram.com/p/Cz2wOISJGHv/	ふんわり感と甘味を引き出した至極の1杯⁡ ⁡⁡ ⁡⁡ ⁡そして夜営業の為に準備された特別メニュー『白胡麻ベーグルの生ハムとアボガドサンド』(ドリンク付き)⁡ ⁡を🤗⁡ ⁡⁡ドリンクはカプチーノをチョイス⁡ ⁡⁡ ⁡⁡ ⁡こめとわとベーグル cometowato サンで特別に作ってもらった米粉ベーグルを使用しシャキシャキ野菜や生ハム・アボガドをサンド⁡ ⁡⁡ ⁡モッチモチ食感と生ハム・マヨネーズの塩味・酸味、アボガドの濃厚さが綺麗にマッチしたこちらのメニューは手頃なサイズ感ながらも食べ応え充分で、めちゃ旨(個人的感想
DABYEBqhqA6	neld_coffee_club	ChIJi9Kxtd4pC18R8yTC0km0b0k	NELD Coffee Club	北海道札幌市中央区南２条東３丁目１−３	ig_business_discovery	next_is_hokkaido	https://www.instagram.com/p/DABYEBqhqA6/	た雰囲気のおしゃれな店内はまさに大人のカフェ✨ 程よい甘さのスイーツもおすすめです! photo by sanjun1192さん 素敵なお写真ありがとうございました! ⇒⇒⇒⇒ ■店名 neld coffee club ■お店のアカウント neld_coffee_club ■時間 12:00 〜22:00 ■住所 札幌市中央区南2条東3丁目1-3 あぼじ食品ビル1f ------------------------ 【#行き先は北海道】のタグをつけて、ぜひ北海道の魅力を発信してみて下さい -------------
DAVsfkPTPml	cotocafe	ChIJAQA18tuMGGAREjIyVTgikbQ	コトカフェ	東京都新宿区新宿５丁目１７−６	ig_business_discovery	cafewall2014	https://www.instagram.com/p/DAVsfkPTPml/	まいものブルスケッタ □洋梨とハニーゴルゴンゾーラソースのブルスケッタ ⁡ ⋆*┈┈┈┈┈┈┈┈┈┈┈┈┈┈┈⋆* ⁡ ⁡ 10/1~11/30の間,「秋の味覚フェア」と題しまして 秋の旬の食材を使ったお料理が 姉妹店のcoto cafe(cotocafe)・ move cafe(movecafelife), そしてcafe wallの 3店舗でお楽しみいただけます🍠🍄‍🟫 ⁡ さつまいも,かぼちゃ,きのこ,鮭など 旬の食材を使って各店舗のスタッフが考案した 温まるごはんをぜひご賞味ください⋆* ⁡ ⁡ ▼お席ご予
DAhkez_zFMk	cotocafe	ChIJAQA18tuMGGAREjIyVTgikbQ	コトカフェ	東京都新宿区新宿５丁目１７−６	ig_business_discovery	cafewall2014	https://www.instagram.com/p/DAhkez_zFMk/	間限定でハロウィンプレートに 変更できるようになります👻ˊˎ˗ ⁡ おばけのかわいいクッキーと ハロウィンのピックが付いた ハロウィン限定おやつプレートです♪ ⁡ ⁡ ⁡ また姉妹店の ムブカフェ(movecafelife ),コトカフェ(cotocafe ) でもハロウィン限定スイーツを提供します꙳⋆ ⁡ そして曙橋にある姉妹店 カフェのある暮らしとお菓子のお店(tableinc_cafe )では 10月4日〜29日の期間の間 3種のスイーツと2種のアイシングクッキーがのった この時期だけの数量限定プレートが登場
DAiU0veTgoC	owariyacafe	ChIJMyVfXiGBQzURR3wRJmDYnrU	Owariya Cafe	山口県宇部市西宇部南２丁目７−２	ig_business_discovery	yamagutcher_n	https://www.instagram.com/reel/DAiU0veTgoC/	1:00~14:00 カフェ:14:00~16:00 ■ 定休日 第1・3日曜 他不定休あり 営業時間・定休日は変更となる場合がございますので、ご来店前に店舗にご確認ください。 ■住所 山口県宇部市西宇部南2-7-2 ■インスタアカウント owariyacafe ────────────── #山口県 #宇部市グルメ #山口県グルメ #山口県デザート #宇部市デザート #宇部市カフェ #yamaguchi
DAx1ph6S3pC	coffeeroastery.slow	ChIJ_T5CAn9JUTUR6N2NhUOOS-c	Coffee Roastery Slow	岡山県井原市美星町黒忠３６０３	ig_business_discovery	okayama_gourmet	https://www.instagram.com/reel/DAx1ph6S3pC/	築100年以上の古民家カフェ☕️ドライブがてら行きたくなる、のんびり過ごしたい時にぴったりなお店♩ 先会計制で、靴を脱いでフロアへ。 自然のパノラマを眺めながらのカフェタイムでリフレッシュできた日✧*。 ≪coffeeroastery.slow≫ 岡山県井原市美星町黒忠3603 10:00〜18:00 定休日▷火水木 駐車場▷あり 💬店舗情報は投稿日時点 #coffeeroasteryslow #コーヒーロースタリースロウ #井原市#美星町#井原#美星 #岡山カフェ#岡山カフェ巡り#岡山コーヒー #岡山cafe#岡
DB8ttrBSDBL	grillmori	ChIJ93WcrzcGVDURj7FjtIlNthI	Grill mori グリル森	北区表町1-8-36	ig_business_discovery	ito.cafe_okayama	https://www.instagram.com/reel/DB8ttrBSDBL/	850円 ⚪︎ 炙りサゴシのカルパッチョサラダ 1,000円 ⚪︎ まるごとトマトのチーズハンバーグステーキ 1,450円 ⚪︎シャインマスカットのパンナコッタ 400円 ⚪︎かぼちゃなクリームブリュレ 450円 [店名]グリル 森 ▶︎ grillmori [住所]岡山県岡山市北区表町1丁目8−36 [営業時間]lunch 11:30-14:00 dinner 18:00-22:00 [定休日](lunch) 水曜、木曜日 (dinner) 水曜日 [駐車場]なし _______________ 行ってみたい!と
DBAusvdOjlI	hitoriyakiniku_misono	ChIJP2EqzF2NGGARsYf8VIrpiSI	ひとり焼肉　美そ乃　全55部位食べられる黒毛和牛専門店　池袋西口1分	西池袋1-18-1	you		https://www.instagram.com/reel/DBAusvdOjlI/	"おひとり様来店率85% ーーーーーーーーーー 「ひとり焼肉 美 ... 4,762 seguidores 1,471 seguidos, 681 publicaciones - 美そ乃@池袋 ひとり焼肉みその (@hitoriyakiniku_misono) en instagram: ""a5黒毛和牛で1人焼肉デビューしてみませんか?/""おひとり様""来店率85%!/周りを気にせず焼肉に没頭/a5黒毛和牛一頭買..."
DBTX55RTJ_d	coffee__musume	ChIJ_02402mZajUR_b_kYCTwNHo	COFFEE MUSUME	稗木場郷119-1	ig_business_discovery	nagasaki_gurume	https://www.instagram.com/p/DBTX55RTJ_d/	cake_paty patisserie.yoshida 栗のミロハス 17 パティスリーハジメ patisserie_hajime マロンパイ 【まだ食べてないけど気になる秋スイーツ✨】 18 coffee musume かぼちゃタルト coffee__musume 19 edw 栗のワンハンドレッドブレッド edw_togitsu 20 みのるカフェ マロンパフェ minorucafe #長崎グルメ #長崎カフェ #長崎ランチ #長崎スイーツ
DCJXsCLS_PH	ngs_coffee	ChIJg8K4OJZTFTUR6SDUHXU1-VE	NGS COFFEE	幸町7-1	ig_business_discovery	nagasaki_tabi	https://www.instagram.com/p/DCJXsCLS_PH/	\✨移転オープン✨/ 秘️長崎スタジアムシティに移転した大人気カフェ☕️ 『ngs coffee』(ngs_coffee ) 長崎駅前にあった人気カフェが スタジアムシティ内に移転open! 店内は以前よりもかなり広くなっていて 隣には美味しそうなパン屋さんも併設🥐 プリンやチーズケーキなどのスイーツが めちゃくちゃ美味しくてぜひ食べてほしい! これから何度も通いたいなぁ✨ このお店が気になったら あとで見返せるように保存して みんなもぜひ行ってみてね〜🚗💨 他にも おすすめのお店がある人は ぜひコメントやdmで教
DCJoEGPTILM	soba_kyo_do	ChIJ-VRJ34dL-F8Rl1KWZiMXmOU	蕎道	石川県白山市下柏野町２０	ig_business_discovery	hanaruka	https://www.instagram.com/p/DCJoEGPTILM/	• • • • • • • • • • • • • • • • • • • • • • • • • ⁡ 🏠 石川県白山市下柏野町20 ☎️076 200 9315 🗓水木休み 🕛11:00-15:00 💺座敷、テーブル席 🅿️あり ⁡ 🍽 soba_kyo_do . #手打そば蕎道 #蕎道 #アヒージョ蕎麦 ⁡ #石川そば #金沢そば #白山そば #石川蕎麦 #金沢蕎麦 #白山蕎麦 #白山ランチ #白山グルメ #石川グルメ #石川ランチ #石川ごはん #金沢グルメ #金沢ランチ #金沢ごはん #石川県 #石川 #金
DClrYayixfw	chacharacafeshop	ChIJ8R-IgM3SUTURPGxkC4Pz_Bw	CHACHARA cafe+shop	愛媛県西条市神拝甲４７４−１	ig_business_discovery	ehime_select	https://www.instagram.com/reel/DClrYayixfw/	【chacharacafe+shop】 chacharacafeshop スヌーピー好きの店主さんで 店内には可愛いスヌーピーがあちこちにいて どこを写真で撮っても全て可愛いんです😍 しかも今ならxmasバージョンの装飾になってるので 可愛さ倍増!!️✨ 女子は絶対に好きな空間❤ 【鉄板ナポリタンランチ(ドリンク付き)】1,430円 ナポリタンは柔らかめの麺にとろっとソースが絡んでめっちゃ美味しい🤤 鉄板だからこそ玉ねぎなどお焦げができて それがまたいい感じ✨ 粉チーズをたっぷりかけて召し上がれ。 【ベリーショコラ
DD1lPbNzXNC	artistbakery	ChIJp1npFq-jfDURtn6eZYt-FZY	아티스트베이커리 안국	종로구 율곡로 45	ig_business_discovery	123kirin	https://www.instagram.com/reel/DD1lPbNzXNC/	spa treatz.spa ······▸予約の際は over_flex がおすすめ ・#achotelsbymarriott achotelseoulgangnam ・#ジニあわび粥 genie_juk . ★安国おすすめスポット ・#artistbakery artistbakery ・#hetras. hetras.official ・ #touetyest toutyest . ★おすすめesim trifa_travel アプリからポチッと簡単に購入できるから スマホがあればすぐ用意できて 直前の準備で
DDCCoXFTceE	groovynuts_cafe	ChIJu-nuCgBdGGAR4hvPrxw-1r0	Groovy Nuts Cafe	Minatomirai, 3 Chome−7−2 ブランズタワ みなとみらい1F	ig_business_discovery	yuki_cafe7	https://www.instagram.com/p/DDCCoXFTceE/	ィア&コミュニティ「カフェのある生活」も運営!🌱 カフェをもっと知りたい方、楽しみたい方はぜひ! cafenoaruseikatsu -————————————————— 「 groovy nuts cafe (グルーヴィナッツカフェ)」 groovynuts_cafe ・日本初ナッツ専門店groovy nutsは、中目黒に誕生して10年🥜 栄養バランスをサポートする「毎日一握りのナッツ」を提案 朝食~ランチのメニューにナッツ料理を加えて楽しむカフェです☕ ・全面ガラス張りの店内は、明るく開放感のある空間 ・棚に綺
DDTF8EMyRi9	patisserie_sphere	ChIJK7XkvTwCHmARG5fW9vLB6Lg	パティスリースフェール（丸屋製菓店）	湯沢町湯沢1797-3	you		https://www.instagram.com/p/DDTF8EMyRi9/	"パティスリースフェール | ❄️❄️❄️ ようやく湯沢町らしい景色に ... 2,019 followers, 611 following, 674 posts - パティスリースフェール (@patisserie_sphere) on instagram: ""明治28年からの創業【丸屋製菓店】を平成16年12月に【パティスリースフェール】としてリニューアルしました。フランス語で""スフェ..."
DDl90ooTn5s	upcoffee.jp	ChIJt00DFZTBGGARkBiLdoUaPTw	UP Coffee	埼玉県さいたま市大宮区吉敷町２丁目１２３	ig_business_discovery	moguohunter	https://www.instagram.com/p/DDl90ooTn5s/	gmog_gurume をタグ付けしてくれた フォロワーさんの投稿もご紹介してます💓 『このお店紹介してほしい!』は@mogmog_gurume をタグ付けしてシェアお願いします🤍 『さいたま オシャレカフェ』 1 【#upcoffee】 upcoffee.jp 住所: 埼玉県さいたま市 大宮区吉敷町2-123 アクセス: さいたま新都心駅徒歩9分 営業時間:09:00 - 17:00 定休日:火曜日 2 【#カフェボスケ】 cafe_bosquet 住所: 埼玉県さいたま市 大宮区三橋1-1331 アクセス: 大
DE407jfzHo8	citybakery_nakameguro	ChIJU6d3JEqLGGAROj60TDOwL8Q	The City Bakery Nakameguro	東京都目黒区上目黒３丁目４−１５	ig_business_discovery	123kirin	https://www.instagram.com/reel/DE407jfzHo8/	ゲソのメニュー、 めちゃくちゃ美味しかったので 絶対食べて!!ほしい️🐙 生物だけではなく おでんなどメニューも盛りだくさんで大満足。 また行きたいリスト確定 先生にご馳走していただきましたありがとう😭 . . 📍 #citybakery citybakery_nakameguro 中目黒だけではなく、 都内中心に複数店舗がありますが だいすきなベーカリー カフェ利用しようとしたら 22時までだったので 好物のマシュマロを購入。 甘いものは普段あんまり食べないのだけど これはずっと買っていてすき💓 モチモチ感がスゴ
DECPiz3pgAe	kamisuwa_alps	ChIJu-prKJ1VHGARaNNKJDWSjOc	信州上諏訪アルプス食堂	諏訪1-868-3	you		https://www.instagram.com/reel/DECPiz3pgAe/	"信州上諏訪アルプス食堂 | 信州上諏訪アルプス食堂までご案内 ... 612 followers, 623 following, 121 posts - 信州上諏訪アルプス食堂 (@kamisuwa_alps) on instagram: ""\信州の逸品料理 地酒クラフトビールが味わえる大衆酒場/ 地元の味を全国にお届け! 🐮🦌信州アルプス牛や南アルプス鹿肉など、地..."
DEzsdXWzN1t	teppanyaki.southern	ChIJKRhsW-OKGGARVgB0zq2wjvE	鉄板焼さざん	西五反田2-10-8	ig_business_discovery	123kirin	https://www.instagram.com/reel/DEzsdXWzN1t/	鉄板焼きならココ!!️🦐 . . めちゃくちゃ美味しいし 接客も最高でまた行きたくなった 五反田の人気店 #鉄板焼きさざん 📍 teppanyaki.southern お野菜や海鮮焼きがどれも絶品で 記念日やデートにもおすすめ✨ 今回はディナー訪問でしたが、ランチコースもあり。 鉄板焼きとしてはお手頃価格で 本格メニューがいただける穴場。 ほんとに美味しかった!!️ お肉は大好きだけど、 コースだとステーキまで胃が持たないという 老いを感じやすいため この日はアラカルトでオーダー😇 最後まで全部美味しくいただきまし
DFiDGDCT38b	kobe.torimaro	ChIJ_c2NeMSPAGAReEHUv-3Dnfw	串炉端 とりまろ	兵庫県神戸市中央区中山手通１丁目１７−６	linkup		https://www.instagram.com/reel/DFiDGDCT38b/	神戸🐓とりまろ🍺炭火焼鳥 | 🐤390円ランチ始めます🐤 とりまろ、390 ... 1,696 followers, 1,593 following, 222 posts - 神戸🐓とりまろ🍺炭火焼鳥 (@kobe.torimaro) on instagram: &quot;🐤みんち串と焼おにぎりが名物の隠れ家居酒屋🐔 ◼︎デート、女子会、宴会、1人飲み大歓迎 ◼︎ゆったりと寛げるテーブル席と...
DGMcaeeTwRO	barbookbox	ChIJBaiArzLL9F8RpiHtHLuMIyQ	Bar Book Box	Higashinakadori, 1 Bancho−86-21 トールビル 3階 リトルライトシアタ	ig_business_discovery	arbre_et_nid	https://www.instagram.com/p/DGMcaeeTwRO/	2/22(土)ランチ・ディナーお席ご用意できます 駐車場11時空2台/13時空1台 2/23(日)11:00〜17:00時短営業となっております ランチお席ご用意できます 駐車場11時空2台/13時空2台 ディナーはお休みです 昨日は定例のbarbookbox じゅんこさんとの勉強会 開店一年を前にこれまでのこと。これからのことを考えています。 最後にパタゴニアプロビジョンズの日本酒を試飲。 千葉の寺田本家さんで作られた「繁土ハンド」を明日から店内でお召し上がりいただけます。 農薬・化学肥料を使わずに育てられたコウ
DGp4awDBs_s	aoi.tsuki_c.c	ChIJW3i7NgC9-F8RVMKWUAyTVYk	Aoi Tsuki 自家焙煎コーヒーとクロワッサンと。	福井県福井市和田東１丁目７０７	ig_business_discovery	fukui_midorizaurus	https://www.instagram.com/reel/DGp4awDBs_s/	👈他の投稿はこちらから 昨年投稿して大反響だったクロワッサンとコーヒー専門店 『aoi tsuki』で、自家焙煎コーヒーの販売が開始したよ〜!🔥 バリスタ世界大会準優勝のプロも憧れるコーヒー、 いくらだと思う!?🤔 ▶︎aoi tsuki aoi.tsuki_c.c 福井県福井市和田東1-707 ▶︎営業時間 10:00〜17:00 定休日:日曜日・水曜日 ▶︎駐車場 有 〜〜〜〜〜〜〜〜〜〜〜〜〜〜〜〜〜〜〜〜〜 【期間限定のコーヒー販売(バリスタ世界大会準優勝)】 ▶︎コロンビア エルディビゾ オンブリゴン テ
DHLIihkyIOR	square_furniture	ChIJt1yM9Kv7AGARDHlqcJbOBcM	Square Furniture & Coffee Stand	大阪府箕面市船場東１丁目８−５８	ig_business_discovery	osaka.neotravel	https://www.instagram.com/reel/DHLIihkyIOR/	あたたかみのある家具に囲まれた、ボリューム満点ランチ! 📍square furniture&coffee stand square_furniture_coffee_stand square_furnitureが運営する オリジナル家具に囲まれてゆったり 出来るカフェ。 ボリューム満点のサンドイッチに フレンチトーストは、メープルシロップか自家製キャラメルソースの どちらかを選べます! 今回はキャラメルソースにしたのですが 濃厚でキャラメルや甘党好きにはたまらないです☺️ 未就学児は安全管理の為、 店内カフェの利用
DHVwRihqOoU	butanohoshi	ChIJaSkQtKPvAGARLWHX_W_23XA	ぶたのほし	兵庫県尼崎市長洲西通１丁目１６−７	ig_business_discovery	odekake_hyogo	https://www.instagram.com/p/DHVwRihqOoU/	 ぜひアカウントに飛んで「いいね&フォロー」もお願いします◎ 素敵な出会いになることを願っています!(^ ^) ━━━━━━━━━━━━━━━━━ 本日紹介したお店の情報まとめ ━━━━━━━━━━━━━━━━━ 1【 ぶたのほし 】 ⇨ butanohoshi ■定休日■ 火曜日 ■営業時間■ 11:00-15:00 ■アクセス■ 兵庫県尼崎市長洲西通1-6-7 jr尼崎駅 から 徒歩11分 2【 らーめん専門 和海 】 ⇨ nagomi0608 ■定休日■ 日曜日/月曜日 ■営業時間■ 11:30-14:30 
DHs8Lj2yOMD	kitchenekubo	ChIJYf1dXTUHVDURvhqspegIJ1Q	Kitchen ekubo	岡山県岡山市北区野田屋町１丁目７−２０	ig_business_discovery	ito.cafe_okayama	https://www.instagram.com/reel/DHs8Lj2yOMD/	ジュ、 パンまたはライス) ⚪︎ステーキランチ 3,300円 【ディナーで伺った時のお料理】 ⚪︎グラタン パリジェンヌ風(海の幸)2,310円 ⚪︎ハンバーグステーキ(目玉焼きのせ)1,925円 [店名]kitchen ekubo ▶︎ kitchenekubo [住所]岡山県岡山市北区野田屋町1丁目7−20 中野ビル 1f [営業時間]11:30〜14:00、17:30〜20:00 [定休日]毎週火曜・水曜毎月最終日曜 [駐車場]なし ※近隣にコインパーキングあり _______________ 行ってみたい!
DJ6KsbqPGVG	yanagiya_pan	ChIJ3eNM9_Pl9V8R5V_qLwpwNVA	パンと暮らしとヤナギヤ	967 Sangako	ig_business_discovery	biwajimabakery	https://www.instagram.com/p/DJ6KsbqPGVG/	です) [出店者一覧] ・ぱん工房 満天(柏崎) ⇒mantenpan ・パンといす(柏崎) ⇒pan_to_isu ・natural bakery しましま柏崎店(柏崎) ⇒k_panda_shima ・パンと暮らしとヤナギヤ(津南) ⇒yanagiya_pan ・キッチンカーomaoma(新潟) ⇒kitchencar.omaoma ・主催者:びわじまベーカリー(柏崎) ⇒biwajimabakery 🥐🍞🥖🥐🍞🥖 #ハコニワ #ハコニワ柏崎 #柏崎グルメ #新潟グルメ #柏崎パン屋 #新潟パン屋 #新潟ベーグ
DKMgN5LS_hK	youshokuya_jyo	ChIJbfeKbEb9UzURI55VHwFSl44	洋食や ジョー	串田834-1	ig_business_discovery	ito.cafe_okayama	https://www.instagram.com/reel/DKMgN5LS_hK/	🥰 ランチにもディナーにもおすすめだから ぜひ行ってみてね🙌🏻 [注文したメニュー] ⚪︎ハンバーグ&チキン南蛮 1,600円 ⚪︎ハンバーグ&エビフライ2本 1,750円 (ごはん、みそ汁、サラダ、小鉢付) [店名]洋食や ジョー ▶︎ youshokuya_jyo [住所]岡山県倉敷市串田834 [営業時間] lunch 11:00~15:00 (os14:00) dinner 17:00~21:00(os20:00) [定休日]水曜日 [駐車場]あり _______________ 行ってみたい!と思ったら保
DKO2hlVh3w0	tsukiatari_cafe	ChIJjT3H7xa7-F8RRviEv6AlK80	お餅と、スイーツ つきあたり	福井県福井市岩倉町１１−６	ig_business_discovery	fukui_midorizaurus	https://www.instagram.com/reel/DKO2hlVh3w0/	fukui_midorizaurus 👈他の投稿はこちらから 20食限定の、おしゃれで美味しいランチが食べられる 蔵カフェ見つけたよ〜!! ▶︎つきあたり(tsukiatari) tsukiatari_cafe 福井県福井市岩倉町11-6 ▶︎営業時間 11:00〜16:00(l.o 15:30) 定休日:水、木、日曜日 ▶︎駐車場あり ▶︎【20色限定】日替わりランチ ¥1,250(税込) (メイン・副菜3品・自家製コシヒカリ・汁物、ライス2膳まで無料) ドリンクセット ¥1,500 デザートセット (ドリンク+
DKUSeY4Tiwo	barbookbox	ChIJBaiArzLL9F8RpiHtHLuMIyQ	Bar Book Box	Higashinakadori, 1 Bancho−86-21 トールビル 3階 リトルライトシアタ	ig_business_discovery	arbre_et_nid	https://www.instagram.com/p/DKUSeY4Tiwo/	k] jyusanya13 お菓子工房 十三夜 arbre_et_nid arbre et nid ijirushi ijirushi insieme spice_up_spot spice up spot me_cake_bake me barbookbox bar book box choutokuji.shibata 長徳寺cafe __kuroda_ kuroda farm.yoheiron よへいろん nico.coffee.beans nico coffee beans bakery_maa baker
DLCKJmEvd7L	takezaki_kaijyoukan	ChIJRYv3g9Y9QDURe7z0gI29nQc	海上館	佐賀県藤津郡太良町大浦丙９７６−１２	ig_business_discovery	saga_nagasaki_diary	https://www.instagram.com/reel/DLCKJmEvd7L/	野 hotel_sakura.ureshino 〒843-0301 佐賀県嬉野市嬉野町下宿乙1021 ✍️嬉野の魅力を盛り込んだ和食を中心としたビュッフェスタイル。 素材にこだわっていて、アルコール類も種類豊富で大満足でした✨ 5.海上館 takezaki_kaijyoukan 〒849-1613 佐賀県藤津郡太良町大浦丙976-12 ✍️直接仕入れで鮮度抜群! 全て手作りにこだわりカラダに優しく天然のものを使っていて安心✨ 6.たら竹崎温泉 夜灯見荘(やとみそう) yatomisou 〒849-1613 佐賀県藤
DLH1fw-yqpx	vind_skov	ChIJn6xZDkqHc18RjVkmtzPgTtE	ヴィンスコウ	5 上美生8線	ig_business_discovery	tokachigourmetjp	https://www.instagram.com/reel/DLH1fw-yqpx/	道上川郡新得町新得9−1 📍六’cafe rokkatei.official 〒089-1313 北海道中札内村常盤西3線249−6 📍ヴィレッジ432 〒081-0038 北海道上川郡新得町町字新得98 📍ヴィンスコウ vindskov vind_skov 〒082-0384 北海道河西郡芽室町上美生8線5−9 📍カフェ niwakara tokachihills 〒089-0574 北海道中川郡幕別町日新15−75 📍三国峠cafe mikunitouge_cafe1993 〒080-1403 北海道河東郡上士
DM-DD1XyuTu	tourismtoyota	ChIJs2io2gVWG2ARiY467Nl4mC0	おいでん・やな	Onosecho	ig_business_discovery	dokoiku.aichikenmin	https://www.instagram.com/reel/DM-DD1XyuTu/	換えにサービスを受けられます。 バス車内で乗務員に乗車証明書をお申し付けください。) それぞれ営業期間は7月〜10月ごろまで! 週末やお盆は混雑するから、早めの行動がおすすめです! 今年の夏は涼を求めて川へgo〜🌿🐟🌊 豊田市の観光情報は tourismtoyotaから! 豊田市のくらし・遊びの情報はこちら ▶️ toyotacity_promotion ————— 【豊田市のやなスポット】 ●おいでん・やな ~9月30日(火) 豊田市大野瀬町(河川敷広場前) 090-2180-2289(いなぶ観光やな開設委員会)
DM95ILsxk53	kiri.cafe_kiri.kagu	ChIJefYnbQDD9F8Rymespy1jyAM	KIRICAFE & KIRIKAGU	西蒲区曽根2147	ig_business_discovery	ayaka_iitokoniigata	https://www.instagram.com/reel/DM95ILsxk53/	イズで🥹 ツナマヨコーンが優勝でした🧡 ⁡ やさしい味の日替わりスープや ジェラートあんみつもあって満足感◎ ⁡ そして...隣には桐家具のまで♡ 心もお腹も癒されるカフェ、ぜひ行ってみて✨ ⁡ ⁡ kiricafe & kirikagu kiri.cafe_kiri.kagu ⁡ 📍 新潟市西蒲区曽根2147 ⁡ ⁡ #新潟カフェ #新潟ジェラート#kiricafe #上堰潟公園 ⁡
DMfLeEuTa_W	kaoru_masala	ChIJI6ijePfLImARN2nS-Z1nIKc	南印度料理 巡るインド	井沢300-1	ig_business_discovery	indocurryko	https://www.instagram.com/reel/DMfLeEuTa_W/	全国からマニアが訪れる”絶景カレー” ▼お店 南印度料理 巡るインド kaoru_masala ▼食べたもの ベジミールス 1900円 お店の空気、香り、景色、店主の雰囲気、やさしさ、扉を開いた先は、まるでカレーの理想郷だった。。 自分も東北の田舎に戻ったら、こんな店をやりたいな、と夢を抱いてしまう様な環境でした。(そのためには店主の様に穏やかな精神を磨く必要もありそう) 味はもちろん美味しくて、塩気、スパイス加減はタイプそのもの。一方、辛さは控えめでカレーマニアでなくても楽しる配慮があり、作り手の優しさが垣間見え
DMjGg38B7Jx	chocotto__cafe	ChIJK8G6IgDXQTUR-2EVWUr5_zQ	海と虹のCafe ちょこっと	2846-35 Hamatamamachi Hamasaki, Karatsu, Saga 849-5131, Japan	ig_business_discovery	saga__navi	https://www.instagram.com/reel/DMjGg38B7Jx/	𖠿 【保存版】桃スイーツ8選 / @佐賀福岡 1viv cafe / 佐賀 viv_cafe_2025 2 patisserie ann / 唐津 patisserieann 3 ちょこっと / 唐津 chocotto__cafe 4 collet / 久留米 collet_2022_ 5 spica patisserie / 嬉野 spica.patisserie 6 lalafeel / 伊万里 lalafeelimari 7 grash / 佐賀 grash_cake 8 shuna / 糸島 shuna_i
DMkpayShljt	gatturikouchann	ChIJV8O0Ao-jWjURYWn4ZyOl9zg	がっつり!!こーちゃん	国泰寺町1丁目7-26	ig_business_discovery	koinosuke_h	https://www.instagram.com/reel/DMkpayShljt/	お店の詳細はこちら👇 広島グルメを毎日投稿!フォローしてね☺️ 他の投稿はこちら👉koinosuke_h この店行きたい!と思ったら右の...」から保存! ◇店舗情報👉gatturikouchann 【🏠店 名】がっつり!!こーちゃん 【📍住 所】広島市中区国泰寺町1-7-26 【🚃アクセス】広電市役所前電停から徒歩5分 【☎️電話番号】080-5872-5462 【🕰️営業時間】10:30〜14:30/17:30〜21:00 7:00〜10:00(土、祝日) 【⚠️定休日 】日,月,木曜夜,祝日夜 【🅿️駐車場 
DMwMu0jyMbw	anne_marie_cafe	ChIJf-NEcIc5AWARHKAB2_qIpSA	アンヌ・マリーカフェ	奈良県奈良市東向北町１０	ig_business_discovery	gateau_des_bois	https://www.instagram.com/p/DMwMu0jyMbw/	📍8月もハッピーで♪ アンヌマリーカフェ anne_marie_cafe × gateau des bois イベントのお知らせ 近鉄奈良駅から徒歩1分。英国インテリアに囲まれた店内でこだわりのコーヒー、紅茶、オーナー手作りのスコーンやケーキ、軽食が楽しめるアンヌマリーカフェさんで、明日から期間限定でボワのお菓子が楽しめます♪ 🫖開催期間:8/1(金)〜8/11(月) 🍪アンヌマリーカフェさんこだわりの紅茶orコーヒー と ガトー・ド・ボワ焼き菓子 (マドレー ヌorフィナンシェorフロランティーヌ) のセット ¥
DMxV4JhTI52	salondujaponmaeda	ChIJse2VyFS_QzURm-zwut0KdPE	Salon du Japon Maeda	福岡県北九州市小倉北区中島１丁目１５−３	ig_business_discovery	moshimoshi.kameyo	https://www.instagram.com/reel/DMxV4JhTI52/	 オススメです😘 ┈┈┈┈┈┈┈┈┈┈┈┈┈┈┈┈┈ 予約時間 112:00〜13:00 213:00〜14:00 ※予約は、個室のみ ※当日キャンセル不可 —————[店舗情報]————— 茶論 salon du japon maeda salondujaponmaeda 📍 北九州市小倉北区中島1-15-3 ☎️ 093-512-3077 営 11:00〜18:00 (lo17:30) 休 : 火曜、水曜 🪑 カウンター席/テーブル席/個室あり 🚩 現金/qrコード/電子マネー/クレジット 🅿️ なし 〜 🐢の
DMzvL-Yy7_L	chuuoutei	ChIJR5y7RGCFGWARo8V73Lxok4g	有限会社中央亭	静岡県沼津市添地町４６番地	linkup		https://www.instagram.com/p/DMzvL-Yy7_L/	📍大10個 . 中央亭 @chuuoutei 『大10個』1540円 沼津の餃子屋さんと ... create an account or log in to instagram - share what you&#x27;re into with the people who get you.
DN5ATAbkyqq	lom____a	ChIJyY2MVSORQTURUqO99CGFxV0	loma BAKERY	3 Chome-7-15 Yakuin	ig_business_discovery	yutoral_fukuoka	https://www.instagram.com/reel/DN5ATAbkyqq/	15 ✓ 営業時間 水曜日、木曜日、金曜日、土曜日、祝日 11:00~19:00 (売り切れ次第終了) ✓ 定休日 日曜日、月曜日、火曜日 (祝日の場合は翌日) ✓ 最寄り駅 薬院駅より徒歩7分 ✓ 予算~¥999 ⇣ インスタもチェック lom____a ※掲載スポットの最新の情報については公式hpやsnsをご確認ください。 ┈┈┈ yutoral_fukuoka 福岡愛が止まらない夫婦が 年間100日巡ったスポットはもちろん、 皆さまの素敵なお写真をお借りして、 オススメを紹介♡ 悩んだら「行き先相談」ってdm
DN7mGv6Cbkd	village_vanguard	ChIJDawCIPftGGARgnnF8WHWyzU	Village Vanguard Diner	1 Chome-4-4 Kamiogi	ig_business_discovery	gumi_odekake	https://www.instagram.com/reel/DN7mGv6Cbkd/	ンズサークル 🗓8月22(金)〜8月31日(日) 11:00~19:00 『トムとジェリーボウリング -by village vanguard-』の今後の開催 今後の開催情報は随時 ヴィレヴァンhpにて更新中 tomandjerry_jp village_vanguard #トムとジェリー #トムジェリ#トムジェリボウリング# トムジェリ85周年#お出かけスポット
DNf6saEz7u2	menya_jojomaru	ChIJW55kOgBDm18Rg4YsnHt5mlU	麺屋ジョジョまる	稲生町13-16	ig_business_discovery	taku_aomorigurume	https://www.instagram.com/p/DNf6saEz7u2/	生町13-16 ☎️電話 :不明 ⏰営業時間 :11:00〜14:00/18:00〜21:00 😴定休日 :月曜日 🅿️駐車場 :なし(近隣に複数コインパーキングあり) 💰支払方法 :現金のみ 🪑座席 :カウンター、テーブル 🖥インスタ :menya_jojomaru 📝その他 :サービス券の枚数ごとに特典あり 店舗情報は来店時(25年8月時点)のものです。 最新情報は店舗の公式sns・hpをご確認ください。 ┈(今回食べたメニュー)┈┈┈┈┈┈┈┈┈ ・スペシャルジョジョ肉麺(中)(¥1350税込) ・チャーシュ
DO-_Nz8jzpF	mizutasho_ten	ChIJ01QG4aXpTzURIo1aukstOWI	水田商店	愛媛県伊予郡砥部町麻生２７６−１	ig_business_discovery	hare_ehime_	https://www.instagram.com/reel/DO-_Nz8jzpF/	田商店】さんに 伺ってきました! ☀️はれの感想☀️ 豚骨ベースのラーメンで鶏油を使った白、 マー油と焦がしニンニクを使った黒どっちも美味しい!✨️ ラーメン好きは絶対に行って欲しいお店! 《店舗の詳細》 🏠店名 :水田商店 📱sns : mizutasho_ten 📍住所 : 愛媛県伊予郡砥部町麻生276 ⏰時間 :11:00〜21:00(スープがなくなり次第終了) 🗓️定休日:月曜日 💰予算 :1000〜2000円 📞電話 :089-993-5848 💵決済 :現金、楽天ペイ 🅿️駐車場:あり 🗣️口コミ:4.
DO2iyJukfOr	janmen_okayama	ChIJZXI2fABXUTURfklxyFFhZro	じゃんめん 岡山倉敷店	宮前61-2	ig_business_discovery	okayamagurume	https://www.instagram.com/reel/DO2iyJukfOr/	倉敷市【じゃんめん 岡山倉敷店】 janmen_okayama 📍岡山県倉敷市宮前61-2 ⏰昼 11:00〜15:00(l.o.) 夜 17:30〜22:00(l.o.) 定休日:月曜日、第3火曜日 知らなきゃ損する倉敷グルメ🔥 特製ダレととろとろ卵が絡む濃厚スープに、ホルモンとニラがたっぷり入ったスタミナ満点の「じゃんめん」 辛さはお好みで調整できるから、激辛好きも初心者も楽しめます。 ご飯との相性抜群で最後まで楽しめる一杯です。 ______________ 予算:1,000〜1,999円 席:カウンター&テ
DOlNAPwjwhM	ramenstandrr	ChIJA7Xedk3uAGARweFx0o7f44g	らーめんStand R&R	兵庫県尼崎市東難波町５丁目２−１９	ig_business_discovery	mi_yan0101	https://www.instagram.com/p/DOlNAPwjwhM/	肉!!️ラーメン!!️肉!!️ . . らーめんstand r&r 西淀川店の 濃厚肉スペシャルと濃厚鶏スペシャルが 食べ応えありすぎたー😍 ramenstandrr . 濃厚な鶏白湯スープに 炙り豚バラ・炙り鶏もも・鶏チャーシューが どどーんと乗ってて見た目のインパクトもありすぎ🤣🥩 . 味付けのお肉乗ってるから お腹に余裕ある方は ご飯頼むのもありやと思う!!!😆 . みんなはラーメンとご飯もいけるかな?🍜🍚w . pr#大阪ラーメン#ラーメン好き#ランチ#こってりラーメン#濃厚ラーメン#おひるごはん#ラーメン
DOpMQGiCSEd	feuquiage	ChIJsaeRM5bxGGARdksgbmitNOA	feuquiage	東京都調布市小島町１丁目２−５	cc_wat_embed	triekeiochofu	https://www.instagram.com/p/DOpMQGiCSEd/	【アド街ック天国で紹介!】調布のパティスリー「feuquiage (フキアージュ)」の絶品フィナンシェ&カヌレを徹底解説! 025年10月18日放送の「出没!アド街ック天国」で、美食の街・調布が特集されます。なかでも、「香ばしい!」「美しい!」「誠実!」と絶賛されること間違いなしの洋菓子店が、大きな注目を集めそうです。そのお店の名は「feuquiage(フキアージュ)」
DPdrMO7D9xa	janny_coffee.curry	ChIJS_NLQQAJAWAROlf1Zm7-ohs	喫茶 ジャニー	下京区下鱗形町540-1	ig_business_discovery	kissa_to_kyuzitsu	https://www.instagram.com/p/DPdrMO7D9xa/	̅ᅠᅠᅠᅠᅠᅠᅠᅠᅠᅠᅠᅠᅠᅠᅠᅠᅠᅠᅠᅠᅠᅠᅠᅠᅠᅠᅠᅠᅠᅠᅠᅠᅠᅠᅠᅠᅠᅠᅠᅠᅠᅠᅠᅠᅠᅠᅠᅠᅠᅠᅠᅠᅠᅠᅠᅠᅠᅠᅠᅠᅠᅠᅠᅠᅠᅠᅠᅠᅠᅠᅠᅠᅠᅠ □ 京都 清水五条 ○ 喫茶ジャニー △ᅠᅠᅠᅠᅠᅠᅠᅠᅠᅠᅠᅠᅠᅠᅠᅠᅠᅠᅠᅠᅠᅠᅠ janny_coffee.curry ̅ ̅ ̅ ̅ ̅ ̅ ̅ ̅ ̅ ̅ ̅ ̅ ̅ ̅ ̅ ̅ ̅ ̅ᅠᅠᅠᅠᅠᅠᅠᅠᅠᅠᅠᅠᅠ ⚪︎ 営業時間 11:30〜18:00 定休日: 日曜日・月曜日 *詳細は店舗情報をチェックしてみてね! ⚪︎ 住所 〒600-8059 京都府
DQZDc67gTXr	ramen_kamo_to_negi	ChIJc3a-CQCLGGARt72vdrHG2mY	らーめん鴨to葱	渋谷2-19-15	tavily		https://www.instagram.com/reel/DQZDc67gTXr/	"東京5選グルメ on instagram: ""東京で絶対外さないつけ麺5選! 〜〜〜〜〜〜〜〜〜〜〜〜〜〜〜〜〜〜〜〜〜〜 ⚫︎らーめん 鴨to葱 ( @ramen_kamo_to_negi ) 東京都台東区上野6-4-15 ⚫︎menya nakagawa ( @menya_nakagawa ) 東京都豊島区池袋2-38-7 ⚫︎志奈そば 田なか ( @shinasoba_tanaka ) 東京都豊島区東池袋2-19-2 第2八千代マンション 102 ⚫︎あいだや ( @aidaya_ueno ) 東京都台東区上"
DQbftP_E4Wi	nama_ice_furufuru	ChIJ5_2Ot4SIHWARyGjXGkflEXI	Furufuru	920 Kamikomazawa	ig_business_discovery	cocoa_nagano	https://www.instagram.com/p/DQbftP_E4Wi/	yagawaryokan2018 𓐍 ユウナギごはん yunagi_gohan 𓐍 喫茶 しろつめ草 shirotsumekusa0704 𓐍 おやき いろは堂 irohaoyaki oyaki.farm 𓐍 作りたて生アイスの店ふるフル nama_ice_furufuru 𓐍 原価ビストロチーズプラス長野 cheese_bistro_nagano ⁡ ⁡ ほかにも行ったけど、甥っ子👦🏻と一緒なので 長野県民の定番 .ᐟ かっぱ寿司や チェーン店のココス、来来亭、マックなど...𓌉◯𓋂 ⁡ ⁡ この投稿を保存して 
DQiskjzkjma	hoshi_fruits	ChIJr27JyNgXRTURtVcza1fgBM8	Hoshi Fruits	3 Chome-4-7 Minamimachi	ig_business_discovery	yamaguchigurume	https://www.instagram.com/reel/DQiskjzkjma/	市南町3丁目4−7 【休み】水曜 【時間】10時30分〜18時00分 【備考】paypay○、駐車場店前有 ーーーーーーーーーーーーーーーーーーーーーーーーーーーーーーーーーーーーーーーーーーーーーー 柳井駅近くの山口を代表するカフェ☕️ hoshi_fruits 12層の塾柿とマロンのパフェ🌰 秋らしいパフェ登場! 柿と栗の組み合わせは最高です🤤 期間11/1〜12/31(予定) ここのデカパフェ、ボリュームもすごいんですが美しすぎます!しかもしっかり美味しい🤤 広島の市場から仕入れる新鮮な贈答品ランクのフルーツ
DR4QgMzkjfw	pino_collina	ChIJCf_YJ3UFjF8RmcBMvStQstE	ピノ・コッリーナ ファーム&ガーデン ワイナリー松ケ岡	山形県鶴岡市羽黒町松ケ岡松ケ岡１５６−２	ig_business_discovery	yamagata_chan	https://www.instagram.com/reel/DR4QgMzkjfw/	山形県鶴岡市羽黒町松ヶ岡字松ヶ岡156-2 ⏰10:00~17:00 close lunch 11:00~14:00 l.o cafe 14:30 ~16:00 l.o dinner 予約制 休 : 定休日なし 公式instagram : pino_collina 荘内神社 📍山形県鶴岡市馬場町4-1(鶴岡公園内) ⏰9:00〜16:30 休 : なし 公式instagram : shonaijinja 神社カフェ かたばみ 📍山形県鶴岡市馬場町4-1(荘内神社境内) ⏰10:30-17:00(16:30ラストオー
DR8rA7Iifch	okatte.work	ChIJ5-zNwCuMGGARAURlz6q7q9o	OKATTE	東京都台東区谷中１丁目１−３１	ig_business_discovery	baisen.kanematsu.coffee	https://www.instagram.com/p/DR8rA7Iifch/	🎄12/7(日)クリスマスマーケット🎅 本日もホテルグラフィー根津でのクリスマスマーケットでokatte さんのワゴンでコーヒーを販売させていただいております。 okatte.work ○ドリップバッグコーヒー個包装 ○「カフェ・トリオ」 3種類のドリップバッグコーヒーがお楽しみいただけるセット♪クリスマスのギフトにもおすすめです! okatte さんの みかん、いちご、トマト どれもおすすめです! シュトレンやパネトーネもあります✨🎄✨ お隣はアンクリュさん🍷 inclus_tokyo ワインの他に、とても可愛い
DRT9RX8EdBU	sumibiyakitori_pandasan	ChIJbTNkHuYHVDURKoD4MgO1BwI	炭火焼鶏🐼ぱんださん	1 Chome-2-8 Uchisange	ig_business_discovery	okayamagourmet.keyturn	https://www.instagram.com/p/DRT9RX8EdBU/	ュー写真などは訪問時のもので、現在のものと異なる場合がございます。あくまでご参考までに... — 営業時間や定休日 場所などの詳細は 訪問時と異なることがあるので お店のアカウントを 参考にしていただけたら幸いです 「炭火焼鳥ぱんださん」 sumibiyakitori_pandasan -———————— どもども、 きーたんです! 2012年から岡山の食べ歩きを始めて 現在訪問件数は2,700件以上!  岡山の美味しいお店を たくさんの人に もっと知ってほしいです!! → okayamagourmet.keytu
DRZWdafkqJz	kuukicake.official	ChIJ88yx5-w5AWARmZXxtxhcuMM	空気ケーキ	奈良県奈良市高畑町７３８−２	linkup		https://www.instagram.com/p/DRZWdafkqJz/	⁎ ⁎ 奈良 奈良市 ⑅ 空気ケーキ。 ⑅ @kuukicake.official 和栗 ... create an account or log in to instagram - share what you&#x27;re into with the people who get you.
DRo38pJCSYi	8108kyoto	ChIJ3WYSEbAJAWARrzMvpVTiEXw	Hatoya Ryoyousha Kiyomizu	415-6 Minamimachi	ig_business_discovery	jukananan727	https://www.instagram.com/reel/DRo38pJCSYi/	off with their freshly made matcha skin, topped with a heaping amount of homemade vanilla cream and finished off with a 8108kyoto ‘s pure matcha powder! ⁡ the sweet crisp crepe skin combined with the delicate silky flavor of the cream and rich aroma of matcha 
DRouCGDD5Iy	piopikotacos	ChIJWV9QBkwJAWARK3z3a_BhewI	Piopiko	245-2 Kurumayacho	ig_business_discovery	kissa_to_kyuzitsu	https://www.instagram.com/p/DRouCGDD5Iy/	. クリスマスに行きたい大人のディナー🍷🌮 ̅ ̅ ̅ ̅ ̅ ̅ ̅ ̅ ̅ ̅ ̅ ̅ ̅ ̅ ̅ ̅ ̅ ̅ □ 京都 烏丸御池 ○ piopiko bar & tacos △ piopikotacos ̅ ̅ ̅ ̅ ̅ ̅ ̅ ̅ ̅ ̅ ̅ ̅ ̅ ̅ ̅ ̅ ̅ ̅ ◯ 営業時間 月〜金 15:00〜23:30 土〜日 11:30〜23:30 ̅ ̅ ̅ ̅ ̅ ̅ ̅ ̅ ̅ ̅ ̅ ̅ ̅ ̅ ̅ ̅ ̅ ̅ ☑︎オマール海老のグリル (5400円) ☑︎“京の肉“ビーフステーキ(7200円) ☑
DRtIKEvEktb	toruve2016	ChIJGVOkfv2iWjUR6z4JqXlB4hY	TORUVE	広島県広島市南区宇品海岸２丁目６−２１	ig_business_discovery	hiro3_ch	https://www.instagram.com/p/DRtIKEvEktb/	* パンきろく♡ 他のきろく▶︎ hiro3_ch toruve2016 toruveさん🥐︎💕︎ 行ける日を楽しみにしてました❣️ どれも美味しそうで選ぶのに 頭がフリーズしました😆 今日で9周年を迎えられます祝️ これからも大好きなパン屋さん🥖 通い続けます🥖♩ #hiro_パンきろく #toruve#広島パン屋#パン屋さん巡り#広島旅行#広島観光#広島モーニング#広島ランチ#広島グルメ#クロワッサン#宇品#宇品グルメ#パン#パン好き#パンのある暮らし#bread#hiroshima#hirshimabread
DS4bD7EkWbx	iyo.okina	ChIJszAb-GDuTzURl65oIFcWe8w	いよ翁	5-5 Tsuruyoshi	ig_business_discovery	hare_ehime_	https://www.instagram.com/reel/DS4bD7EkWbx/	2025年の愛媛👉 hare_ehime_ 【2025年バズったお店ランキング5位から1位】 第5位 ノギス 第4位 bake&cafe mogura bake.cafe.mogura mogura 第3位 いよ翁 iyo.okina 第2位 美芋 viimo202506 第1位 r baker rbaker_matsuyama 2025年ももうあと1日! 本当に見てくださりフォローしてくださり ありがとうございました!!! 来年もはれをよろしくお願いいたします! ━━━━━━━━━━━━━ #愛媛 #松山市 #愛
DSAQOYXEx_f	arrowtree_jp	ChIJpUJ4S5MIAWAR6I0TAGB6S-k	Arrow Tree	京都府京都市中京区中島町１０５	ig_business_discovery	akane.h.0430	https://www.instagram.com/p/DSAQOYXEx_f/	- - - kyoto cafe🎄- - - ⁡ ⁡ arrow tree🍓京都三条店 arrowtree_jp 京都府京都市中京区中島町105 タカセビル1f・2f 2f席は12/10から再開 .⋆θρ θρ.⋆ 三条京阪駅から徒歩約4分 ⁡ ⁡ order🔖.* ❤︎ あまおう・ノエル・パフェ🍓 ❤︎ 白桃アールグレイティー☕️🫖 ⁡ ⁡ 12/4からstartした アローツリーさんの可愛い クリスマスパフェ𓂃🍓🎄 ⁡ ⁡ 甘酸っぱい🍓あまおうと チョコクリームの相性良すぎて うっとりなおいしさ🫶🏻🍓🍫 ⁡ ⁡
DSM-75xkaP2	munchs_burger_shack	ChIJSdE_xbeLGGARAJ81ubQroH4	Munch's Burger Shack	東京都港区芝２丁目３０−９	tavily		https://www.instagram.com/reel/DSM-75xkaP2/	munch's burger shack|マンチズバーガー on instagram 【munch's burger shack】 @munchs_burger_shack ブリスケットバーガー 自家製コールスロートッピング¥3,580 東京都港区芝2-26-1 i・smartビル 1f
DSM7lMvEisH	briskstand_nago	ChIJW1lq3uKLGGARXoDje9kMNj8	Brisk Stand 恵比寿	東京都渋谷区恵比寿2-12-16 リベルタⅡ1F	ig_business_discovery	okinawagurumeakaunto	https://www.instagram.com/reel/DSM7lMvEisH/	kinawagurumeakaunto ↑ 沖縄中南部を中心に幅広いジャンルのグルメ情報発信中!ストーリー限定の秘️情報が多いので、是非フォローしてね♪ こんにちは😃 今回紹介するのは... \ \ briskstand nago // (briskstand_nago ) です! 内地で行列ができる人気ハンバーガー店が 12/14ついに沖縄に進出!!︎🍔 こちらのなにがすごいって... ・食べログ百名店に選出 ・japan burger championship 2025 優勝 してるんですよー!😳 そんな実力派
DScSfDhj8ri	porto_haus	ChIJDVVI0k69QzURxseyTrrEOVA	PORTO HAUS	山口県下関市南部町26-15	ig_business_discovery	code1_993	https://www.instagram.com/reel/DScSfDhj8ri/	祝️☕️唐戸市場すぐそばにオープン!いちごバージョンも新登場!「極厚フレンチトースト」や「バタークレープ」など楽しめるカフェ☕️祝️ 山口・下関にある【porto haus(porto_haus)】さん ——————————————————————— ︎︎︎︎☑︎クレープ ・プレスシュガーバター/650円 ・プレスシュガーバターシナモン/720円 ※クリームトッピングは+120円 ・ストロベリーバターシュガー/1,560円 ︎︎︎︎☑︎プリン/750円 ︎︎︎︎☑︎フレンチトースト ・クラシック/1,100円 ・い
DTKl0CNEg9b	kissa__akaoni	ChIJyZpmOabnRDURJFDAxvsf9qA	赤鬼	山口県周南市西松原３丁目１−３２	ig_business_discovery	yamaguchigurume	https://www.instagram.com/reel/DTKl0CNEg9b/	詳細はキャプション👇 山口グルメ☞yamaguchigurume 周南市の老舗喫茶店の焼きめんがすごい☕️ kissa__akaoni 「焼めん」は、瓦そばをヒントに試行錯誤を重ねて生み出した、唯一無二の麺料理とのことです😳 カリっと焼き上げたわかめ入りうどんを乗せ、牛肉、海苔、玉子、紅しょうがをトッピング!見た目はボリューム満点ですが、出汁の味が効いた塩分控えめの特製つゆがさっぱりとしていて全然食べれちゃいます🤤 ごちそうさまでした☺ ーーーーーーーーーーーーーーーーーーー【お店情報】ーーーーーーーーーーーーーー
DTPl4i1D7d6	cassiopeiacoffee2013	ChIJnbsqYUShc18RIdtceTsjyZ8	カシオペイアコーヒー店	新通北1丁目2-1	ig_business_discovery	chiisanapoli	https://www.instagram.com/p/DTPl4i1D7d6/	す! 1月のイベントお知らせです📢 11日(日)キミガサイコー1周年祭 kimigasaiko_tokachi 大正にあるルミカペ様での出店になります! 古着見ながらコーヒー飲みにいらしてください☕️ 14日(水)ラテアートワークショップ cassiopeiacoffee2013 ラテアートに興味ある方、レベルアップしたい方は 是非ご参加ください🌿 22日(木) oyatsu no jikan コラボ oyatsu_no_jikan03 ホッと温まる美味しいコーヒー、ドリンクを提供🥤 お菓子のお供に是非お越しくださ
DTSaoS_DwmN	poelkitchen_takatsuki	ChIJ-Zs85oMDAWARBmpw_WbdlgI	PoeL kitchen	大阪府高槻市高槻町１５−３	tavily		https://www.instagram.com/reel/DTSaoS_DwmN/	📍ステーキ サンド 今日のごはんは 「ステーキ サンド」 ちなみにこの ... - instagram poel kitchen(ポールキッチン) @poelkitchen_takatsuki アクセス高槻市高槻町15-3 阪急高槻市駅から徒歩3分/jr高槻駅から徒歩5分 ... ☎電話 072-690-
DTXTgXDD3Yo	happysmile_komeko	ChIJSU3htQo5AWARIGlh77cWs8c	Happy Smile Komeko	585 紀寺町	ig_business_discovery	nara.odekake	https://www.instagram.com/reel/DTXTgXDD3Yo/	度食べたら虜になること間違いなし✨ 自分へのご褒美や、大切な人への手土産にもぴったり🎁 週に2日だけの特別なチャンスを逃さないで! 売り切れる前に、ぜひ早めの時間を狙って行ってみてね📍💫 [店舗情報] happy smile komeko happysmile_komeko 🏠 〒630-8306 奈良県奈良市紀寺町585-1 🕐 12:00~(売り切れ次第終了) 📅 営業日:日曜・火曜(週2日営業) 🚆 お車でのアクセスをお勧めします 🚗店舗裏に駐車場1台。満車の場合は、近隣コインパーキングをご利用下さい。 ※営
DTZzDezgVAL	bam_bi_coffee	ChIJJ7vZg9-NGGARPNwoXPzmcVw	Bam Bi Coffee	東京都新宿区大久保１丁目１４−２６	you		https://www.instagram.com/p/DTZzDezgVAL/	. \\2026.1.5 new open// 人気韓国カフェの二号店が西新宿 ... create an account or log in to instagram - share what you're into with the people who get you.
DTfKGKTkic2	sukemasacoffee	ChIJx0YfggGPGGARxC5wrIo3Gxk	Sukemasa Coffee	東京都台東区浅草２丁目２９−２	ig_business_discovery	mash_foodstagram	https://www.instagram.com/p/DTfKGKTkic2/	⁡ 「あまおうタルト」 ————————————— 🏠(店 名) petika sukemasacoffee 📲(店舗ig) petika.sc 🚃(最寄駅) 浅草 🍴(料理名) あまおうタルト 👛(価 格) 840円 ————————————— ⁡ 浅草のトーセイホテルに併設されている 人気カフェ『petika sukemasacoffee』さん。 ⁡ お目当ては先日からスタートした 新メニューの『あまおうタルト』。 ⁡ 土台のタルトの上にあまおう、生クリーム、 ピスタチオが盛り付けられたあまおうタルト。 ⁡ 生
DTxFWXqkdiw	maison_de_biere	ChIJUyjbjYPrUzURQS3kxBdov1s	Maison de Biere	香川県高松市百間町４−８	ig_business_discovery	kagawa_select	https://www.instagram.com/reel/DTxFWXqkdiw/	行きたいって思ったら「✨」ってコメントしてね! 【メゾンドゥビエール】 maison_de_biere 香川県民なら知ってる?👀 片原町駅から徒歩2分🚶 商店街に入って線路沿いをまっすぐ進んだ先にある!✨ ビール嫌いが通うって噂のここ!🍻 名物は、フルーツを使ったビール!🍓 他にもこだわりのビールがたくさん...✨ サクサクの オニオンブロッサム🧅は ビールとの相性抜群🍻 ひとりでも入りやすくて 居心地も抜群! 飲みに行くなら ぜひ寄ってみて🍺✨ —————————————— ⁡店名:メゾンドゥビエール 住所:香川
DU0B_pNjyq8	ryutouen_saga	ChIJC__VDQsXAWARhpaxV--4SOQ	大衆食堂 清風亭	京都府京田辺市興戸塚ノ本７８−４	ig_business_discovery	saga_select	https://www.instagram.com/reel/DU0B_pNjyq8/	行きたいって思ったら「♨️」ってコメントしてね! 【ホテル龍登園】 ryutouen_saga 佐賀ツウならここ知ってる?👀 佐賀大和icから車で約4分🚗 国道263号をまっすぐ進んだ先にある これも!これも!これも楽しめる! ここのおすすめ3選👇✨ 1 炙り料理がすごい🍽️ 炙り寿司!炙り刺し!炙りプリン! 目の前で仕上げる“創作炙り会席”は 演出も味も豪華でワクワクが止まらない...🔥 2 家族でゆったり客室🛏️ 和室・和洋室がおすすめで 大人数でものびのびくつろげるから 春休みの家族旅行にも子連れにもぴったり
DU7wVIzCSR5	island_nagasaki	ChIJS9Tm_MNPFTURwt5pXEozeiU	SEASIDE BBQ	伊王島町1-3277-7 エリア: 長崎市	ig_business_discovery	nagasaki_tabi	https://www.instagram.com/p/DU7wVIzCSR5/	🔥 絶対また泊まりに行きたい! この投稿が気になった人は あとで見返せるように保存して みんなもぜひ行ってみてね〜🚗💨 ✈︎ーーーー✈︎ーーーー✈︎ 【🏝️施設名】 i+land nagasaki 『grax ocean village』 island_nagasaki 【📍場所】 長崎県長崎市伊王島町1丁目3277-7 【🚌送迎バス】 長崎駅から無料送迎バスあり(予約制) 【🚘駐車場】 専用駐車場あり(無料) 【⏰チェックイン/アウト】 チェックイン 15:00〜20:00 チェックアウト 11:00 【💰料金】
DU8Cw5XD9i7	koryouriya_sonohen	ChIJQZPQdVeRQTURf2CX99VN_nU	そのへん	hakatakureisennmati8-21	ig_business_discovery	fukuoka_channel	https://www.instagram.com/p/DU8Cw5XD9i7/	 ⁣ 【福岡チャンネル📺】 ⧉ 福岡で働く20.30代の女性のグルメマガジン ⧉ ✿季節のスイーツ・カフェ・フードを幅広くご紹介📚 ✿毎日を楽しみたい女性の「知りたい」をお届け🎁 福岡チャンネル リポストさせていただきます❤︎ #そのへん koryouriya_sonohen □本日の営業時間のご案内 _________________________ ・lunch time →11:00-15:00 ・dinner time →17:00-25:00 ・take out →11:00-24:00 □季節の12種の
DUDG3a2E3O9	izumofukunowa	ChIJ8WiDR5hcVzURQ3f8R6qBmAc	福乃和	大社町杵築南837-2	ig_business_discovery	shimane_select	https://www.instagram.com/reel/DUDG3a2E3O9/	社参拝、 寒い時期にぴったりな周辺グルメを紹介します! 01 出雲ぜんざい izumozenzaimochi 店名: 坂根屋 出雲ぜんざい餅店 営業時間:9:00〜17:00 アクセス:島根県出雲市大社町杵築南840-1 02 おふくやき izumofukunowa 店名:福乃和 営業時間:10:00〜17:00 アクセス:島根県出雲市大社町杵築南837-2 03 出雲抹茶ラテ izumosaryo.f 店名:出雲茶寮 藤 営業時間:11:00〜16:00 アクセス:島根県出雲市大社町杵築東725 ────────
DUZo7OJj6S0	munchs_burger_shack	ChIJSdE_xbeLGGARAJ81ubQroH4	Munch's Burger Shack	東京都港区芝２丁目３０−９	tavily		https://www.instagram.com/reel/DUZo7OJj6S0/	📍munch's burger shack 「munch's burger shack」 トランプ大統領が食べたことでも ... @munchs_burger_shack マンチズ バーガー シャック 050-3154-8810 東京都港区芝2-26-1 i・smartビル 1f・2f
DUnLM6mkkoH	knot_tea	ChIJz7gYvR8HVDURw4nyGop4TX8	Knot	274-1 Hashima	ig_business_discovery	marugoto_okayama	https://www.instagram.com/p/DUnLM6mkkoH/	王道のいちごショート。 いちごの酸味がちょうどよくて最後まで美味しくいただけました🍓 スイーツ→紅茶→スイーツ→紅茶のループが止まらない2時間でした🫖 ごちそうさまでした😋💕 【店舗情報】 店名:knot tea&farm kitchen knot_tea kurashiki_afternoon_tea  定休日:店舗へ要確認 📍岡山県倉敷市羽島274-1 ※訪問時の情報なので、現在のメニューとは異なる場合があります。 営業時間や定休日等は変更の可能性があるので、最新の情報は店舗にご確認ください。 #岡山グルメ #
DUnyqdGDyei	mame.tai	ChIJ0aBPVlapAWARjQLXQ0CmKv8	まめものとたい焼き	京都府京都市右京区嵯峨天龍寺芒ノ馬場町４０−８	ig_business_discovery	gunma_guruneko	https://www.instagram.com/reel/DUnyqdGDyei/	は2月11日(水・祝)から2月17日(火)までのたった1週間しかありません。 テレビやsnsで話題の「賞味期限1分」の感動体験。 群馬で食べられるこの貴重なチャンスを、絶対に逃さないでくださいね。 —————————— まめものとたい焼き mame.tai イベント詳細情報 出店場所:スズラン百貨店 前橋店 8階 大催事場 イベント名:第24回 春の全国うまいもの会 開催期間:2026年2月11日(水・祝)~2月17日(火) 営業時間:10:00〜18:30(最終日は15:00閉場) ※あんバターたい焼きはバターが
DV8VMfSE9uO	mequru	ChIJq6oWPXKiWjUR5asEN1iP74k	喫茶めくる	広島県広島市中区十日市町１丁目６−２９	ig_business_discovery	__yk._	https://www.instagram.com/p/DV8VMfSE9uO/	⁡ 喫茶めくる mequru 〠広島市中区十日市町1-6-29 open 8:30〜15:00 close インスタ確認 ⁡ いちごとカスタードクリームのトースト ⁡ めくるさんの春前の定番 カドナさんの食パンを使ったいちごトースト 甘すぎない自家製のカスタードと ジューシーないちごがトーストにぴったり 可愛いお花のクッキーや かりかりのキャラメルくるみも アクセントになって良い仕事してます #喫茶めくる #めくる #広島カフェ #広島グルメ #hiroshima
DVDe2xgkhSR	roan_buffet	ChIJHevPgVWcBGARz5RZeN2xLDQ	Roan Seasonal Buffet	Maruyama-２００番地 Kamishigeharacho	ig_business_discovery	yoko_mie_gourmet	https://www.instagram.com/reel/DVDe2xgkhSR/	☆ 📍旬菜ビュッフェレストラン 露菴 桑名店 roan_buffet さん 【ランチ(平日)】ドリンクバー付き ・大人2300円(土日祝+100円) ・小学生1150円(土日祝+50円) ・3歳以上500円 ・3歳未満無料 ・豚しゃぶしゃぶ付きコース ・牛しゃぶしゃぶ付きコース など各コースあり。 何度もお邪魔している大好きな露庵さん☺️ 全国に9店舗展開してみえ、手作りのクオリティ高いお料理たちがぜーんぶ食べ放題で楽しめます✨ バリエーションが豊かなので子供から大人まで老若男女問わず人気で、この時期歓送迎会などに
DVQkWhAj7Ca	satsuma.kirisameya	ChIJSYRuMWoTVDURztQWaDy9A6s	きりさめ家	岡山県岡山市東区浦間８９６−２	ig_business_discovery	ito.cafe_okayama	https://www.instagram.com/reel/DVQkWhAj7Ca/	スの天ぷらと手羽先明太子御膳 2,880円 ⚪︎鹿児島県産大隈うなぎの蒲焼御膳 一尾5800円 半尾2980円 ⚪︎土日限定の日替わり御膳 ・活鰤のお刺身御膳 2980円〜 [店名]古民家dining 薩摩きりさめ屋 -風は南から- ▶︎ satsuma.kirisameya [住所]岡山県岡山市東区浦間896−2 [営業時間]11時〜15時 [定休日]月火水他 (お店のinstagramを見てね) [駐車場]あり※各組(一席)一台 [その他]完全予約制 _______________ 「ここ行きたい!」と思ったら
DViYz5FkmvG	hosihanabi	ChIJx_VYfgD9ImARyvsZDyrCxQc	星花火	千葉県香取市野田４０８−１ 麺屋星花灯	ig_business_discovery	chiba.gourmet2021	https://www.instagram.com/reel/DViYz5FkmvG/	合う! 雲呑も肉がたっぷりと入っており、これまた絶品! 千葉市からは場所が少し遠いですが、頻繁に通いたくなるほど旨かったです♪ ~頼んだ品~ ・特製醤油ラーメン 1,250円 ・美味たまチャーシュー丼 350円 店名:星花灯(ほしはなび) hosihanabi 📍千葉県香取市野田408-1 🚃小見川駅から車で5分 ⏰10:00~20:30 🗓️水曜日定休 🚙駐車場あり —————— ※情報は撮影時のものになりますので、現在は変わっている可能性もございます。その点はご了承ください。 ——————— #千葉グルメ #千
DVxilQxoA4i	okatte.work	ChIJ5-zNwCuMGGARAURlz6q7q9o	OKATTE	東京都台東区谷中１丁目１−３１	ig_business_discovery	baisen.kanematsu.coffee	https://www.instagram.com/p/DVxilQxoA4i/	3/20(金祝) okatte さんとのコラボ🌸 10:00-15:00 上野桜木あたり「みんなのざしき」テラス okatte.work uenosakuragiatari 「みんなのざしき」テラスにて コーヒー(テイクアウト)他 コーヒー豆・粉・ドリップバッグを 販売いたします☕ 「みんなのざしき」では okatte さんの新鮮な野菜を使った 日替わりランチ☀️🍴健康的です❗ ご予約していただくのがおすすめです🎵 ランチの際、コーヒーをご注文いただくと 店内でお召し上がりいただけます🩷 桜の写真はokatte さ
DW8m9uVhtpW	attraente_saga	ChIJpxgpTojLQTURbkuOAgf3Hyw	Attraente	2 Chome-1-15 Tenjin	ig_business_discovery	saga_select	https://www.instagram.com/reel/DW8m9uVhtpW/	行きたいと思ったら「😍」とコメントしてね! 【attraente / アトラエンテ】 attraente_saga おしゃれな韓国風カフェの雰囲気を楽しみながら 本格的な麻辣湯(マーラータン)を味わえるお店 ・極太春雨のマーラータン 辛さ、痺れなどを自分好みに選べる本格的な麻辣湯 極太春雨のモチモチとした食感がたまりません 旨辛スープがしっかりと絡んで美味しいです ・塩麹チキンと玄米ごはん ヘルシー志向の方におすすめのメニュー 塩麹の優しい旨味が鶏肉の美味しさを引き立てている一皿 小型犬の同伴もokなので、愛犬家に
DWGVGlTj9Oc	shokudou_owan	ChIJ-6czCACRQTURYPbmv1GhjXw	食堂 おわん	1F, 9-20 Reisenmachi	ig_business_discovery	fukuoka_channel	https://www.instagram.com/reel/DWGVGlTj9Oc/	くご紹介📚 ✿毎日を楽しみたい女性の「知りたい」をお届け🎁 福岡チャンネル リポストさせていただきます kagawa_gurume04 • kagawa_gurume04 ⁡ 📍【お菜~osai~】 🏷️ shokudou_osai 🏷️ shokudou_owan 🏷️ keisuke__morimoto_ ⟡.· ⎯⎯⎯⎯⎯⎯⎯⎯⎯⎯⎯⎯ ⟡.· 🍽 博多明太子食べ比べ御膳(2700) 🍽特上 お菜御膳 博多明太子食べ比べと出汁巻き玉子~ゴマサバカンパチ~ (3500) ⟡.· ⎯⎯⎯⎯⎯⎯⎯⎯⎯⎯⎯⎯ ⟡.·
DWJA85MScwu	dragon_coffee_ryuoh	ChIJTwL_gyH3G2AR-K7ATSFR_QQ	Dragon Coffee	山梨県甲斐市竜王新町２２７６−１０	ig_business_discovery	yamanashi_select	https://www.instagram.com/reel/DWJA85MScwu/	行きたいと思ったら「☕」とコメントしてね! 【dragon coffee】 dragon_coffee_ryuoh 赤坂台総合公園(ドラゴンパーク)から車で約1分🚗 ふらっと立ち寄りたくなる、 センス抜群のスタイリッシュカフェ。 今回のオーダーは... ●ドーナツ(ハニーグレイズ) ●アイスカフェラテ ドーナツは外はほんのりサクッと中はモッチモチ🤤 優しい甘さのハニーグレイズがたまらない...! アイスラテはたっぷりサイズで満足感もしっかり◎ ゆったりカフェタイムにぴったり。 店内は2人がけテーブルやソファ席があっ
DWTG9z_j0Gd	musasiza	ChIJU-HAnpaRQTURwxqU4EbTMYg	すみ劇場　むさし坐	福岡県福岡市中央区渡辺通五丁目５番１２号	ig_business_discovery	tokyo_highcosper_gourmet	https://www.instagram.com/reel/DWTG9z_j0Gd/	 パフォーマンスもさることながら お店の活気、料理の味、スタッフさんの接客に笑顔 全てむっっちゃ良いお店だった!! ☆他にもプロフィールページに多数オススメ店掲載☆ tokyo_highcosper_gourmet 【すみ劇場 むさし坐】 musasiza 📍福岡県福岡市中央区渡辺通5-5-12 🚶‍♀️天神南駅から徒歩3分 📲 050-5597-7133 ☆神奈川のおすすめグルメはこちら☆ kanagawa_gourmet1 ☆関西のおすすめグルメはこちら☆ osaka_gourmet1 #福岡グルメ #博多グル
DW_HYpJD8G1	sendai.ramenbig	ChIJPaYA1bQpil8RPonMXfhAYhI	横浜家系 ラーメン ビッグ 仙台駅前中央店	青葉区中央1-7-41	ig_business_discovery	sendai_gurume2022	https://www.instagram.com/reel/DW_HYpJD8G1/	↓店舗詳細はこちらをご覧下さい↓�sendai_gurume2022 ←他の投稿はココ! ラーメンビック仙台郡山店さん sendai.ramenbig 🍜メニュー ・豚骨醤油ラーメン 1,300円 ・半ライス 100円 ※上記税込価格となります。 ⏰営業時間 11:00~深夜0時 💤定休日 なし 📍住所 仙台市太白区郡山籠ノ瀬 5-1 🚶アクセス 仙台駅から車で約20分 🚗駐車場�あり 💰お支払い方法 現金 🚭喫煙可否 禁煙 ※撮影・掲載許可を得ております。 ※実費で食事をしておりタイアップ投稿ではございません。 
DWa9YrzEQ2s	kometsumugi	ChIJJWHKU8rfGmARKOmCs9iQkvk	土鍋炊きごはん定食屋米つむぎ	中央区入野町824-1	ig_business_discovery	harapeko_mi_29	https://www.instagram.com/p/DWa9YrzEQ2s/	.。.:*☆ 静岡県浜松市中央区入野町824−1の 【土鍋炊きごはん定食屋 米つむぎ】さん✨ kometsumugi ■たっぷりタルタル 海老カツと海老フライ定食 2728円 ほんやま自然薯+385円 あやのが見つけてくれたお店で夜ご飯 最初に決めていた海老カツと海老フライ 自然薯もつけたよ タルタルもたっぷりで嬉しいし 土鍋で炊いた美味しいご飯が おかわりできちゃう 自然薯頼んだからご飯足りなくなったから おかわりしちゃった✨ 店員さんもみんな感じがいいし よく見ていて大満足👍 席数は割とあるけど 大人気のようで
DWkJY-9k0zP	hamanoyaparlor	ChIJpd9cdUaJGGARlhKht3T1tRE	はまの屋パーラー 日本橋本店	日本橋室町1-7-2	ig_business_discovery	subaru.uma	https://www.instagram.com/p/DWkJY-9k0zP/	はまの屋パーラー 日本橋本店 hamanoyaparlor で、ちょっと一息ついてきました💕 日本橋のビル地下にひっそりと構える喫茶店。 階段を降りた先に広がる空間は、外のオフィス街の空気とは少し切り離されていて、時間の流れは緩やか。 選んだのはハーフアンドハーフのサンド。 玉子とハムというシンプルな組み合わせだけど、この店らしさがよく出ている。 玉子はふんわりと焼き上げられた玉子焼きタイプで、やさしく整った味わい。 そこにハムのほどよい塩気が重なることで、全体がぐっと引き締まります。 そしてプリンは、ホイップクリ
DXJRPEtmDdW	tonkotsu_butata	ChIJA3NAAZ3VA2ARGHjWFUFE784	とんこつらーめん 豚太	滋賀県彦根市小泉町１０２５−６	ig_business_discovery	marutto_shiga	https://www.instagram.com/p/DXJRPEtmDdW/	marutto_shiga👈他の投稿はこちら ⁡ 今回は 「〜part 3〜\春のおでかけ!/3月新店舗 5選」 をご紹介✨ ⁡ 1 とんこつラーメン 豚太 近江八幡店 tonkotsu_butata 📍 滋賀県近江八幡市江頭町480-1 photo by とんこつラーメン 豚太 近江八幡店 hp(公式) ⁡ 2 近江茶丸吉 日吉坂本店 oumichamaruyoshi_sakamoto 📍滋賀県大津市坂本3-10-28 photo by oumichamaruyoshi_sakamoto (公式) ⁡ 3 bre
DXMAERNEaXe	maison_de_biere	ChIJUyjbjYPrUzURQS3kxBdov1s	Maison de Biere	香川県高松市百間町４−８	ig_business_discovery	kagawa_select	https://www.instagram.com/reel/DXMAERNEaXe/	行ったことある人・知ってる人は感想や意見をコメントで教えてね! 【メゾンドゥビエール】 maison_de_biere 香川県民は知らないともったいない! 片原町駅から徒歩2分🚶 商店街を抜けて 一本路地に入った先にあるここ! 正直ここのエリア お高めの店が多くて入りにくい... って思ってたんだけど 実際行ってみたら全然ちがった...!👀✨ 店内は20代の女性のお客さんも多くて一人でも入りやすい空間◎ しかも👇 ビールが苦手でも 店主さんに好みを伝えると 料理に合う一杯を提案してくれるから初心者でも楽しめるのが魅
DXeAfCSCVwY	themingeringdiner	ChIJN8TWjBdVUTUR9as_SQk58Aw	The Mingering Diner	岡山県総社市井手１１２５−４	ig_business_discovery	okayamagourmet.keyturn	https://www.instagram.com/reel/DXeAfCSCVwY/	のもので、現在のものと異なる場合がございます。あくまでご参考までに... — 営業時間や定休日 場所などの詳細は 訪問時と異なることがあるので お店のアカウントを 参考にしていただけたら幸いです 「the mingering diner」 themingeringdiner -———————— どもども、 きーたんです 2012年から岡山の食べ歩きを始めて 現在訪問件数は2,800件以上 岡山の美味しいお店を たくさんの人に もっと知ってもらえたら嬉しいなと思う 1,000円以内から10,000円以上のお店まで 県
DXjEyQMlDcq	nikunokura	ChIJ7zRFTurePjURz-eesFUZCIg	Nikunokura	鹿児島県曽於市末吉町深川61-2	ig_business_discovery	mana07nama	https://www.instagram.com/p/DXjEyQMlDcq/	質が良すぎて噛むと出てくる脂が甘くて美味しい。そして柔らかすぎる。豚頭肉のこりっと食感もいい。ここのランチを知ったら他のところではなかなか食べられない。贅沢な悩みだ。ここはまた行こう。〈day260〉 ⁡ ナンチク直売店・レストラン肉の蔵 nikunokura 営業時間:ナンチク直売店9:30〜18:30(土日〜17:30) レストラン肉の蔵11:00〜14:00〈ランチ限定〉 定休日:水+不定休有 場所:鹿児島県曽於市末吉町深川61-2 ⁡ #ナンチク #レストラン肉の蔵 #鹿児島ランチ #鹿児島ランチ巡り #鹿
DXjIG7gTHl8	chayama_ya	ChIJP2YYT--9QzURbrZg4CvUxlA	焼肉酒場ちゃやまや	山口県下関市豊前田町２丁目４−１４	ig_business_discovery	moguohunter	https://www.instagram.com/reel/DXjIG7gTHl8/	unter をタグ付けしてくれたフォロワーさんの投稿もご紹介しています😋 『このお店紹介してほしい!』という方は moguohunter をタグ付けしてシェアしてね!!️👨‍🍳 / 今日ご紹介するのは... \ ■インスタアカウント(@) chayama_ya ■店舗名 焼肉酒場ちゃやまや ■住所 山口県下関市豊前田町2-4-14 ■アクセス jr山陽本線(岩国~門司) / 下関駅 徒歩6分(410m) ■営業時間 🌙ディナー [月・金・土・祝・祝前] 18:00〜23:00(l.o.22:00) [火〜木] 18
DXly4gxktSo	unamatsu_kusatsu	ChIJQSwrJP9tAWARHfIMM9bzofY	近江鰻処 うな松	野路8-22-6	ig_business_discovery	shiga.meshi	https://www.instagram.com/reel/DXly4gxktSo/	クアウトどちらもok🙆🏻🙆🏻‍♀️ ☑️利用期限は5/31まで🍀 正直、10%offはヤバい..😭✨ クーポン使ってお得に味わってみてね〜😆!!️ ⿻*──────────────⿻* 【店舗情報】 🏡店名 ⇨近江鰻処 うな松 📱sns ⇨unamatsu_kusatsu 📍住所 ⇨草津市野路8丁目22-6 ⏰️時間 ⇨11:00〜14:00(lo13:30) 🚙駐車場⇨あり 🍀定休日⇨不定休 📞電話 ⇨077-516-4013 💰️決済 ⇨現金・クレカ・qr・id 💵予算 ⇨2000〜3400円ほど 🪑席 ⇨テー
DXwlsw-hV7x	suisyun_tsurumi	ChIJmzOKcUfgAGAR-KeVPsBjn9A	スイシュン カフェ	大阪府大阪市鶴見区緑地公園１−３７	ig_business_discovery	osakagourmet4	https://www.instagram.com/reel/DXwlsw-hV7x/	"詳細↓【毎日投稿】👆フォローしてね 💡他の投稿はこちら→osakagourmet4この店行きたい!と思ったら右の「...」から保存 📍 鶴見緑地湯元水春 suisyun_tsurumi 【所在地】 鶴見区緑地公園1-37 〒538-0036 大阪府大阪市 【最寄駅】 地下鉄(大阪metro)鶴見緑 地線 鶴見緑地駅より徒歩2分 2026年4月22日 鶴見緑地の大人気スーパー銭湯水春が大規模リニューアル! たったの1100円で最大20時間ダラダラできる温泉テーマパーク! 男性浴室には""瞑想サウナ""が新登場! セルフロ"
DY3nXasCdlk	haagendazs_jp	ChIJ1xlIF991GWAR7wJzMTteZBY	Häagen-Dazs	静岡県御殿場市深沢１３１２	ig_business_discovery	049diner	https://www.instagram.com/p/DY3nXasCdlk/	6月1日から patisserieluffret のパフェが始まります! haagendazs_jp のアイスをつかったパフェになります! 河越抹茶 桃 マンゴーの3種類になります! ハーゲンダッツパフェ1100円! 6月5日からは kei.flower_light.shop の向日葵とライトのブースが始まります! パフェ、ブース共、期間限定となりますのでよろしくお願いします! #049diner #ハーゲンダッツ #バフェ 写真は smile.to.blue.sky にとっていただきました!
DYHbnIxykQw	porto_haus	ChIJDVVI0k69QzURxseyTrrEOVA	PORTO HAUS	山口県下関市南部町26-15	ig_business_discovery	chippachapus	https://www.instagram.com/reel/DYHbnIxykQw/	☀️🍞唐戸市場から車で2分!モーニングも楽しめる!ぷるしゅわ「極厚フレンチトースト」やパリもち「クレープ」🍞☀️ 山口・下関にある【porto haus(porto_haus)】さん . ︎︎︎︎︎︎︎︎☑︎クレープ ・プレスシュガーバター/650円 ※クリームトッピングは+120円 ・抹茶レモンシュガーバター/1,100円 ※5/11から ︎︎︎︎☑︎フレンチトースト/1,100円 ︎︎︎︎☑︎レモンフレンチトースト/1,200円 ※5/11から ︎︎︎︎☑︎いちごパフェ氷/1,900円 ※5/11から 《モーニ
DYSxyqNzlbF	stand_sobajyu2025	ChIJlSY1d_oHVDUR06e5Yjq-vcg	STAND ソバージュ	岡山県岡山市北区南方二丁目8番4号	ig_business_discovery	okayamafood77	https://www.instagram.com/reel/DYSxyqNzlbF/	▶︎▶︎standソバージュ stand_sobajyu2025 baz_k0513 📍岡山県岡山市北区南方2丁目8-4 🅿︎駐車場 あり ✳︎冷名物肉そば ¥1400- ✳︎冷旨辛ミンチそば ¥1200- ✳︎冷牛すじカレーつけそば ¥1200- #岡山#岡山グルメ#岡山そば#岡山昼飲み#ソバージュ
DYbygbQzjvC	coral_kitchen_at_cove	ChIJo06QY4jyAGARmELzd11AGuQ	Coral Kitchen	兵庫県西宮市西波止町１−２	tavily		https://www.instagram.com/reel/DYbygbQzjvC/	coral_kitchen_at_cove 【 西宮グルメバーガー 】 迷ったらコレ 肉 ... とろけるチーズがパティに絡む満足度の高い王道バーガー はじめての方にもおすすめの一品です ーーーーーーーーー. coral kitchen at cove
DYo3FefnbbT	the__circus	ChIJ1WMJzYVTGGARfviJtHBAcfE	The Circus	神奈川県茅ヶ崎市東海岸北１丁目２−４	ig_business_discovery	mash_foodstagram	https://www.instagram.com/p/DYo3FefnbbT/	⁡ 「とろけるカマンベールチーズケーキ🧀」 ———————————— 🏠(店 名) ザ サーカス 📲(店舗ig) the__circus 🚃(最寄駅) 茅ヶ崎 🍴(料理名) カマンベールチーズケーキ 👛(価 格) 1,045円 ———————————— ⁡ 茅ヶ崎に店を構える『ザ サーカス』さん。 ⁡ チーズケーキ&タルト専門店である同店の 人気メニューは2種類の『チーズケーキ』。 ⁡ 『ゴルゴンゾーラチーズケーキ』と 『カマンベールチーズケーキ』の2種類 あって今回はカマンベールの方にしました。 ⁡ カマンベール
DYthulHyBsl	toraku_kobesweets	ChIJXQmXYp2NAGAR2BcO0DNII9o	トーラク	兵庫県神戸市東灘区向洋町西５丁目５	ig_business_discovery	hiro3_ch	https://www.instagram.com/p/DYthulHyBsl/	* おやつきろく♡ toraku_kobesweets 神戸プリンでとっても有名で定評のある トーラクさんより🍮 ⚪︎昔ながらのかためプリン🍮 昔ながらの喫茶店風、卵だけでしっかりと固めた シンプルなカスタードプリン🍮💕 竹串で周りを一周して、お皿にポン𓌉◯𓇋 ‎ パッケージもレトロ感あって可愛いですが、 これだけで特別感が増します✨️ #hiro_おやつきろく #トーラク#濃厚カスタードプリン#ロイヤルカスタードプリン
DYtkjeSz_2B	okamoto_chez_damour	ChIJaXOQ4sYOQDURJmTHggZGmWI	オカモト・シェ・ダムール	長崎県雲仙市小浜町マリーナ１８−１	ig_business_discovery	nagasaki_shoku_tabi	https://www.instagram.com/reel/DYtkjeSz_2B/	! 今回の夜カフェは... お昼と違った新しい顔で楽しめるの間違いなし♨️ 友達や家族で行くのももちろんありだけど... 個人的にカップルや夫婦で行くのがおすすめ🚗 詳しくはお店のinstagramをチェック☑️ 👉🏻instagram: okamoto_chez_damour ⁡ #pr #長崎グルメ
DYx4DmNBkif	cafekoukoan	ChIJDVSg99t5AWARXOabG24c1vI	江湖庵	滋賀県近江八幡市為心町元７	ig_business_discovery	shiga_select	https://www.instagram.com/reel/DYx4DmNBkif/	行きたいと思ったら「🖌️」とコメントしてね! 江湖庵 カフェのあるハンコ屋さん ▷ cafekoukoan 滋賀県近江八幡市の八幡堀近くにあるカフェのあるハンコ屋さんに行って来たよ😋 工房が入り口にあって、一瞬ギャラリーだと思って通り過ぎてしまうカフェ。 身体思いの野菜たっぷりランチプレートは、人気のキッシュかお肉から選べて両方とものったよくばりプレートもあります。 ランチだけでなくカフェタイムもスイーツとドリンクでまったりしてね。 奥には個室もあるので女子会にもオススメですよ♪ 人気店なので予約すると安心😆 オリ
DZA2GcxEsc1	aloft_official	ChIJPaL4vD2jWjURPCl2In7WNC8	ALOFT 大手町店	中区大手町2-8-5	ig_business_discovery	hiro3_ch	https://www.instagram.com/p/DZA2GcxEsc1/	* パンきろく♡ aloft_official aloft_official2 アロフト大手町店限定✨ ライ麦生地を使ったリュスティックサンドやピザが登場🍕 ライ麦生地ならではの香ばしさと、外はカリッと中はもっちりとした食感が楽しめます♡ 🥪リュスティックサンド〜ハニーマスタード〜 ジューシーな唐揚げに、甘みと酸味のバランスが絶妙な自家製ハニーマスタードソースを合わせた一品。ライ麦生地の香ばしさと相性抜群で、食べ応えも◎ 🥪リュスティックサンド〜カプレーゼ〜 みずみずしいトマトにまろやかなチーズ、生ハムの旨みが重な
DZACaU1BRMu	clip.ontakesan	ChIJvY1Y18H1GGARyj9XWWj4NQ4	CLIP	北嶺町8-10	ig_business_discovery	hiromame27	https://www.instagram.com/reel/DZACaU1BRMu/	・ 御嶽山「clip」 clip.ontakesan *ベリー&モクレーヌ 1480円(税込) *トロピカーナ&モクレーヌ 1480円(税込) *羊マフィン 1050円(税込) *アイスコーヒー 300円(税込)セット価格 綿菓子でできた雲の妖精「モクレーヌ」がのったレモンフィズ🍋 天井からモクレーヌをめがけて、ふわりと浮かぶ本物の雲のような特別演出もあって、とにかくめちゃめちゃ可愛い💕 羊の🐑マフィンもこのクオリティ✨ テンション爆上がりで楽しかったー😆❗️ もちろん防カビ剤不使用のレモンに、きび砂糖と蜂蜜のコク
DZCK4UWzh-N	island_nagasaki	ChIJS9Tm_MNPFTURwt5pXEozeiU	SEASIDE BBQ	伊王島町1-3277-7 エリア: 長崎市	ig_business_discovery	nagasaki_shoku_tabi	https://www.instagram.com/reel/DZCK4UWzh-N/	入りに行こうや前回行ってなかったら今回ココで楽しもうってワクワク💡 そして今回は今年オープンしたグランピングも満喫してきました!! うん!控えめに最高だったよ! 気になる方はwebで【アイランドナガサキ】って検索してみてください🔍 #pr island_nagasaki #長崎観光
DZnBp7WJAu2	jurinsgeo	ChIJZYW_6GnKHmARudc0YXJTpNU	Jurin's Geo	埼玉県秩父市上影森６７３−１	ig_business_discovery	saitama_bongurume	https://www.instagram.com/reel/DZnBp7WJAu2/	雪 【待ち時間】 平日12時穴場🙆‍♂️ ※休日は混み合う可能性あり 【雰囲気】 オープンエアで爽やかな風感じる開放的空間✨ 【座席】 カウンター席や小上がり席あり 【客層】 観光客 コーヒー愛好者 カップル ファミリー 【公式インスタ】 jurinsgeo 【店舗情報】 🕐 9時30分~16時30分(ラストオーダー16時) ※夏季無休 水曜定休(祝日の場合営業) 📍 埼玉県秩父市上影森673-1(秩父巡礼札所橋立堂境内) 🅿️ 駐車場 20台(無料) ○ 公式hp・公式instagram参照 #埼玉 #秩父カフェ
DZtQ6fKTCBT	tanjofarm_kitchen	ChIJn-JfFyeEImARqaA_PBWoqvg	タンジョウ ファーム キッチン	千葉県千葉市花見川区大日町１３９９−２	ig_business_discovery	floury_cat	https://www.instagram.com/reel/DZtQ6fKTCBT/	稲毛 の小さなパン🍞屋さん 国産小麦 の風味 大切にして 梅雨の晴れ間 空見上げて お願いしています 6月19日(日曜日)11時半~ 花見川区大日町 タンジョウファーム さん ( tanjofarm_kitchen ) お久しぶりのパンと焼き菓子並べます 販売するパン 優しい風味を楽しめる マーブル系 いろいろはさんで◎ シンプル系 などなど ラインアップ ■塩パン(2個入) ---450円 ■イングリッシュマフィン(2個入) ---400円 ■キタノカオリ全粒粉のバンズ (2個入) ---450円 ■シナモンロー
Da-q69iSkyQ	bongouter2011	ChIJR83CgPK8WjURZBwRZBXOUTM	ボングーテ	広島県広島市佐伯区八幡東３丁目１０−１４	ig_business_discovery	kosei.nishimoto	https://www.instagram.com/reel/Da-q69iSkyQ/	表面はカリッ、中はじゅわっと広がるバターの風味に、甘じょっぱい味わいがクセになる一品です。 口コミでも人気のキャラメルラスクも要チェック! 焼きたてを狙うなら11時30分頃の来店がおすすめです🙌 【店名】 クイニーアマン専門店 ボングーテ bongouter2011 【電話番号】 082-533-7622 【住所】 広島県広島市佐伯区八幡東3丁目10-14 【アクセス】 jr五日市駅から車で約10分 【営業時間】 9:00〜16:00 【定休日】 木曜日 ※公式instagram・hp要確認 アツアツとひんやりを一
Da9Hi7MyZKc	cafeandbake_allonsbien	ChIJq2x8HCE7AWARTOSav2Q16FQ	Cafe&Bake Allons Bien	5 Funahashicho	ig_business_discovery	nara_select	https://www.instagram.com/reel/Da9Hi7MyZKc/	行きたいと思ったら「行きたい!」とコメントして✨ 【cafe&bake allons bien】 cafeandbake_allonsbien 奈良の船橋商店街にある、 元薬局をリノベーションしたレトロなカフェ☕️ 店内には薬局時代の面影が残り、 アンティークな家具や小物が並ぶ 落ち着いた空間が広がっています。 ショーケースにはタルトやカヌレ、 焼き菓子がずらりと並び、 どれにしようか迷ってしまうほど♡ 見た目のかわいさはもちろん、 素材の美味しさにもこだわったスイーツは、 ほっとひと息つきたいカフェタイムにぴった
Da9aZTXS1wj	norrcoffeeroasters	ChIJI7NvhLA5AWARoWYFAfNh3so	NORR coffee roasters	北半田中町16-2	ig_business_discovery	nara_select	https://www.instagram.com/reel/Da9aZTXS1wj/	行きたいと思ったら「行きたい!」とコメントしてね✨ 【norr coffee roasters】 norrcoffeeroasters 奈良・きたまちの住宅街にひっそり佇む、知る人ぞ知るスペシャルティコーヒー専門店☕ 世界中からコーヒー好きが訪れる人気店で、一杯ずつ丁寧に淹れるコーヒーを楽しめます。 暑い季節におすすめなのがコーヒーフロート。 すっきりとした飲み口の中にコーヒーの豊かな香りが広がり、最後の一口まで美味しく味わえます✨ 焼き菓子との相性も抜群で、店内ではアート作品の展示も楽しめるので、ゆったりとした時
DaNjjE-Tf6u	nambaribon	ChIJm-PZgyfnAGARdjx0Za5hjuY	ナンバリボン	青森県青森市浜館１丁目１７−１１	ig_business_discovery	akane.h.0430	https://www.instagram.com/reel/DaNjjE-Tf6u/	‎🍹大阪*なんば🍹 ⁡ ⁡ ナンバリボン.⋆θρ nambaribon 大阪市浪速区難波中1-17-11 lunch 11:30-15:00 l.o. dinner 15:00-22:30 (l.o.22:00) 🌟お席の予約可能 ⁡ ⁡ お店のなまえが可愛くて ずっと気になってた洋食カフェさんで レトロカフェデート🍝🍹 ⁡ ⁡ お目当ての洋食プレートには ハンバーグ・エビフライ・ナポリタンとか わたしの大好物しかのってない🙈💕 ⁡ ⁡ 楽しみにしてた食後の クリームソーダが想像を遥かに超えた bigサイズで圧巻😳
DahmnRqEgI7	gekko.rydeen	ChIJeSq4iqqAiV8RF6geeSlnFwg	魔界ラーメン月光	青葉区中山8-22-18	ig_business_discovery	sendai_miyagi_tsumugi	https://www.instagram.com/p/DahmnRqEgI7/	味いのよ。 お腹いっぱいだったからアレだけど 天かすを白米にのせてかっこんだら、絶対に美味い。 食べてないけど美味いに決まってる🍚 にんにくも無料でいただけるので 最初から入れたり味変に入れたりしても良き🧄✨️ みんなもぜひ行ってみてね🌟 gekko.rydeen ────────── ⁡ #仙台グルメ #仙台ラーメン #宮城グルメ #宮城ランチ #宮城ラーメン⁡
Dam38G9hWIG	dondontei_yakiniku	ChIJ2z5n64z9UzURyCqeT1D0G44	どんどん亭加須山店	岡山県倉敷市加須山２４５−１	ig_business_discovery	marugoto_okayama	https://www.instagram.com/reel/Dam38G9hWIG/	張りフェア」開催中で、 こちらもメニューがとにかく豪華でテンション上がります!🥹 3世代で行きたくなる老舗焼肉店でした。 ごちそうさまでした😋💓 【店舗情報】 店名:焼肉どんどん亭 岡山大元店 住所: 岡山県岡山市北区西古松252−105 dondontei_yakiniku ※店舗によってメニューが異なります ※訪問時の情報なので、現在のメニューとは異なる場合があります。 営業時間や定休日等は変更の可能性があるので、最新の情報は店舗にご確認ください。 #岡山グルメ ⁡
DapVYyyEaqP	blumenooka	ChIJPQGTb3nfA2AR6eAWI7G964g	ブルーメの丘地ビールとソーセージ屋台	西大路864-1	ig_business_discovery	marutto_shiga	https://www.instagram.com/p/DapVYyyEaqP/	八幡市大中町510 photo by dainaka.marche(公式) ⁡ 4 山梶農園 yamakaji_farm 📍滋賀県東近江市野口町410 photo by yamakaji_farm(公式) ⁡ 5 滋賀農業公園ブルーメの丘 blumenooka 📍滋賀県蒲生郡日野町西大路843 photo by blumenooka(公式) ⁡ 素敵な写真を提供してくださった皆さま ありがとうございます♡ ⁡ ★掲載スポットの最新の情報については 公式hpやsnsをご確認ください ⁡ ✈︎ーーーーーーーーーーーーー
Dar9q4wkoZa	gekko.rydeen	ChIJeSq4iqqAiV8RF6geeSlnFwg	魔界ラーメン月光	青葉区中山8-22-18	ig_business_discovery	sendai_miyagi_tsumugi	https://www.instagram.com/p/Dar9q4wkoZa/	かりー伊藤市郎商店 soupcurry_itoichiroshoten 03 仙台牛タン焼肉 横綱 gyutan_yokozuna 04 ユートミヤ(富谷市複合図書館) tomiya_city_official 05 東日本ラーメン研究所 gekko.rydeen 06 山形肉そば 雨カ天晴 (ウカテンセイ) nikusoba_ukatensei 07 caldo 仙台 (カルド仙台) caldo.sendai ────────── ⁡ #仙台グルメ #仙台ラーメン #仙台ランチ #宮城グルメ #宮城ラーメン
DaxVmtpiQlL	aocho_oden.official	ChIJ735sUT-dGGARPjp7uWA5NZk	あおちょ	柏2-2-5	ig_business_discovery	sakuraisama_hungry	https://www.instagram.com/reel/DaxVmtpiQlL/	【おでん食べ放題がまさかの500円🍢】 aocho_oden.official 錦糸町駅徒歩1分の「あおちょ」が コスパ最強すぎた...! なんとおでん食べ放題が500円✨ 定番の大根や玉子はもちろん、 出汁がしっかり染み込んでいてお酒との相性も抜群◎ さらに個室完備だから 友達同士や飲み会にも使いやすい! 店員さんも優しくて居心地が良すぎるので、 これは間違いなくリピ確🥹 「安くて美味しいお店ないかな?」 って時に覚えておいてほしい一軒です! 📍あおちょ 🚃錦糸町駅徒歩1分 気になったら保存して行ってみてね! ⁡
Db5RqZCE0Hk	yakinikuyakenchan	ChIJkyuRqw6hA2AR3qKZ_HckZ74	焼肉家 けんちゃん	愛知県一宮市森本１丁目２−１６	ig_business_discovery	nagoya.m	https://www.instagram.com/p/Db5RqZCE0Hk/	コスパバグってる!!️ 焼肉家けんちゃん yakinikuyakenchan 私が知ってる中でも 1番くらいの安さ🥺✨最近安いって言ってもそんなに安くなかったりする中 ここはまだカルビが768円!!️しかもおいしいのよ!笑 けんちゃんのカルビ私好きなんです🥺✨ 聞いたらカルビは質良くてこの価格で提供できるのは 業者さんが頑張ってくれてるって言ってた🙌 ここきたらタンとカルビ👍 タンは薄切りのタンが平日ディナー限定で 今なら半額なの!!️半額で約500円くらいなの!!️ これが3人前だから1500えんくらいよ!!️ 
DbE5ZeCvkSf	takeo_detente	ChIJFy3dRhQpQDURifhZV27JB74	菓子職人の丘デタント	佐賀県武雄市朝日町大字甘久１４４４−２	ig_business_discovery	saga_select	https://www.instagram.com/reel/DbE5ZeCvkSf/	行きたいと思ったら「行きたい!」とコメントしてね✨ 【デタント】  takeo_detente 武雄温泉駅から車で約8分🚗 白を基調とした落ち着いた店内には、ショーケースいっぱいに並ぶ色とりどりのケーキや焼き菓子がずらり。 今回紹介したのは、プリンとショートケーキを一度に楽しめる「鍋焼きプリン」🍮  見た目のかわいさはもちろん、思わず写真を撮りたくなるユニークなスイーツです。 店内にはイートインスペースもあり、ゆっくりとしたカフェタイムにもぴったり。 かわいくラッピングされた焼き菓子は、手土産や贈り物にもおすすめで
DbFuCT-k12j	bonelesstebasakky	ChIJweYbBQArC18RTuVR6Y3tG3Y	ケンタのホネなし手羽サッキィ	白石区北郷4条3-5-25	ig_business_discovery	takuyuri_fukushima	https://www.instagram.com/p/DbFuCT-k12j/	bangkok_ya 【健太のホネなし手羽サッキィ いわきエブリア店】 📍住所:いわき市鹿島町米田日渡5いわきエブリア駐車場内 ⏰営業時間:11:00〜20:00(売り切れ次第終了) 🛑定休日:なし 🚗駐車場:エブリア駐車場 📱アカウント:bonelesstebasakky 【郡山中華そば たもや 分店】 📍住所:郡山市駅前2-1-5 ⏰営業時間:11:30〜14:30 18:00〜売り切れ次第終了 🛑定休日:日曜 🚗駐車場:なし 📱アカウント:tamoya.bunten 【本格純手打 高まるうどん】 📍住所:郡山
DbbAzgIj2py	naminootobrewing	ChIJ4QZLwRKjVDUR1NwJCFoD92Y	Nami No Oto Brewing	714-1 Matsuhokotsuro	ig_business_discovery	andcurry.official	https://www.instagram.com/p/DbbAzgIj2py/	るのか?! いいなー、わたしも飲みたいなー 今桃の収穫時期で農家も頑張るわたしたち。 実った桃たちは、 windformind ちなつさんや、 farmstudio_a ゆうこさんが美しいジャムにしてくださっています。 そしてそして... naminootobrewing 河野さんが桃ビール🍺🍑を醸造中。早く飲みたい!!収穫した桃たちがそれぞれに姿を変えて、またわたしたちのところに戻ってきてくれたり、東京のお客様の元へ向かうのはなんだか感慨深いですね。農家一年目にして烏滸がましいですが、そんなこんなで淡路島の夏を過
Dbf5oqRxnnk	cafe_de_fanfan	ChIJnyJcL02_QzURiYGoG5Na-WA	Cafe de Fan Fan	福岡県北九州市小倉北区京町１丁目２−８	ig_business_discovery	moshimoshi.kameyo	https://www.instagram.com/reel/Dbf5oqRxnnk/	れます😋 老若男女に愛されている人気店 あと、 店内奥の扉から中庭に出れるんですけど、 秘密基地みたいでわくわく♡ ...実は、喫煙スペース🚬 —————[店舗情報]————— cafe de fanfan (カフェドファンファン) ▶︎ cafe_de_fanfan 📍 福岡県北九州市小倉北区京町1-2-8 🚃 jr/小倉駅から徒歩5分 ☎️ 093-551-4817 営 8:00〜20:00 ◽️モーニング 8:00~11:00 ◽️ランチ 11:00~15:00 休 : 火曜 🪑 テーブル席/カウンター席 🚩
DbfPz5RztQs	chunshuitang.jp	ChIJl-o5Vr5TGGARuszzkC8NJB0	春水堂 藤沢湘南台店	菖蒲沢947番	ig_business_discovery	yutoral_fukuoka	https://www.instagram.com/reel/DbfPz5RztQs/	多 地下1f ✓jr博多駅から徒歩1分 ✓月〜金 10:00-22:00/土・日 9:00-22:00(l.o. 料理21:30・ドリンク22:00)不定休 暑さがピークの日のために、保存しておいてね🥭 お店の最新情報は公式アカウントから chunshuitang.jp 福岡愛が止まらない夫婦が 年間100日巡ったスポットを紹介♡ ↓ ↓ ↓ yutoral_fukuoka ◁今すぐ覗いてみる! #春水堂 #博多グルメ #博多駅グルメ #福岡グルメ #福岡カフェ
DbfnmF1PKoA	cepo.bluemate	ChIJQ6F_0a3YAGARlcRmRWfzQs0	Une Noix	大阪府八尾市植松町５丁目７−１２	ig_business_discovery	cepo_akashi	https://www.instagram.com/p/DbfnmF1PKoA/	tops no:#ccc-0072 color:off2 size:m price:¥6, 930 pants no:ccc-0001 color:jc size:m price:¥9,790 イイね❤️コメント💬お待ちしております! cepo.bluemate ⁡ height:156cm ⁡ #cepo #セポ #cepostatice #セポスターチス cepostaffsnap bluemate ブルーメイト newarrival 新作商品
DbkoiRdksf0	syofuen	ChIJF8EoFzpp5TQR7qNYQUvpkF4	松風苑	沖縄県島尻郡南風原町津嘉山１３８４	ig_business_discovery	okinawagurumeakaunto	https://www.instagram.com/p/DbkoiRdksf0/	念日はここで決まり! okinawagurumeakaunt ↑ 沖縄中南部を中心に幅広いジャンルのグルメ情報発信中! ストーリー限定の秘️情報が多いので、是非フォローしてね♪ こんにちは😃 今回紹介するのは... \ \ 松風苑 // (syofuen ) です! 以前お食い初めでも利用した『松風苑』 昨年甥っ子のタンカーユーエーで利用したとき とっっても良かったので、息子も今回 タンカーユーエーで利用させていただきました👶🌺 今回もお部屋に入った瞬間テンション爆上がり⤴️ 360度ハッピーバースデーなどの飾り付
DcCwNlGE-YB	cidernaut_shibuya	ChIJ5yrw5SGNGGARsRMKxms3Cy8	Cidernaut	東京都渋谷区神山町１６−４	ig_business_discovery	burari_ntv	https://www.instagram.com/p/DcCwNlGE-YB/	( studio_2525 ) ◆銀座フルーツ( ginza.fruits ) ◆tida flower( tokyofantastic ) libertas labo any( any_official___ ) ◆cidernaut( cidernaut_shibuya ) 来週8月22日(土)は、 太川陽介さんと都営浅草線でぶらり旅! お楽しみに! #ぶらり途中下車の旅 #ぶらりおでかけ #ぶらり千代田線 #studio2525 #望月理恵 さん
DcN0Q6Gh-tW	twendy1998	ChIJNdiK1PTK9F8R0S4C7kotvc4	ウェンディ	新潟県新潟市東区向陽１丁目８−１６	ig_business_discovery	niigata_gourmet1	https://www.instagram.com/reel/DcN0Q6Gh-tW/	行ったことある人『😋』行きたいと思った人『🤤』でコメントしてね🤩 👇店舗詳細👇 🍬他の投稿はこっち niigata_gourmet1 ココ行きたい!と思ったら右の『...』から保存で後で見返せるよ! 🎈手作りパン工房wendy twendy1998 🏠新潟市東区向陽1-8-16 ☎️025-272-1887 ⏰7:00〜18:30 定休日:月・火曜日 ※営業時間およびメニュー内容や記載の価格が変更される場合があります。事前に公式hpやsns等のご確認をお願いします。 手頃だから毎日通いたい。老舗パン屋を紹介するね。
DcczCEyzpGB	tanjofarm_kitchen	ChIJn-JfFyeEImARqaA_PBWoqvg	タンジョウ ファーム キッチン	千葉県千葉市花見川区大日町１３９９−２	ig_business_discovery	floury_cat	https://www.instagram.com/reel/DcczCEyzpGB/	#稲毛 の小さなパン🍞屋さん #国産小麦 の風味 大切にして 季節の変化 夜 秋の虫 鳴きはじめました 8月28日(金曜日)11時半~ 花見川区大日町 タンジョウファーム さん ( tanjofarm_kitchen ) イエローハウス にお邪魔して パンと焼き菓子 並べます 販売するパン 優しい風味を楽しめる マーブル系 いろいろはさんで◎ シンプル系 などなど ラインアップ アイスコーヒーやこだわりレモネードも お持ちします お野菜のお買い上げがてら 素敵なランチタイムのあと お立ち寄りいただけると 嬉しいです
DcenS9gEsJG	mizutakinagano	ChIJ2-iVse2RQTURWBn-38CPmtI	水たき長野	福岡県福岡市博多区対馬小路１−６	ig_business_discovery	nagoya.spa	https://www.instagram.com/p/DcenS9gEsJG/	と自家製の酢醤油も素晴らしく 追加したミンチセットに野菜まで大満足。 ⁡ 残念ながら〆のちゃんぽんはありませんが おじやも丁寧に作ってくれて絶品でした。 ⁡ 最高の昼飲みができて楽しかったです。 ごちそうさまでした。 ⁡ 【水たき 長野】 mizutakinagano ——•——•——•——•——•——•——•——•—— 📍福岡県福岡市博多区対馬小路1-6 💰予算 8,000円 🍽食べログ☆3.61 ——•——•——•——•——•——•——•——•—— ⁡ #水たき長野 #水炊き #福岡グルメ #博多グルメ #mi
DchfvPfSSjZ	kanokuracharaku	ChIJPw70x1IpAmARS6Ck2CPiRC0	ちゃらく	滋賀県長浜市大戌亥町１２８４	ig_business_discovery	shiga_select	https://www.instagram.com/reel/DchfvPfSSjZ/	行きたいと思ったら「行きたい!」とコメントしてね✨ 【かのくら ちゃらく】 kanokuracharaku 滋賀県長浜市で、ほっこり和菓子時間🍵 店内のショーケースには、定番から季節限定まで、いろんな和菓子がずらり。 注目は、和菓子屋さんが作る「和三盆シュー」。 和三盆糖を使い、なめらかになるまで丁寧に炊き上げたカスタードがぎっしり。 まろやかな甘さと香ばしいシュー生地が相性抜群✨ 焼きたての「もちパイ」もおすすめ。 外はパリッ、中はもっちりとした食感が楽しめる。 店内にはイートインスペースもあり、選んだ和菓子と一
DciYwnJn4yq	naughtybyburger	ChIJc7pDWpaNGGARUlvASq7kXj0	ノーティバイバーガー	Otsuka, 3 Chome−8−5 パレドール文京第三 1F	tavily		https://www.instagram.com/p/DciYwnJn4yq/	# この日は台東区へ https://hamburger-jp.seesaa.net/article ... イタリア街 #craftburger. 【 naughty by burger 】 @naughtybyburger. strand burgers 📍千駄木駅から徒歩3分 4位 秋田旬野菜バーガー ノーティバイバー
DcjLNpOBZr-	miyoshi2.344	ChIJ5ewJRQPEGGAR1ntHdEL6gPs	餃子とラーメンの旨い店 みよし	埼玉県さいたま市北区日進町１丁目３５４	tavily		https://www.instagram.com/p/DcjLNpOBZr-/	さいたま市 #リニューアルオープン10周年記念イベント祝️ ## no comments yet. start the conversation. 34 log in to like or comment. more posts from miyoshi2.344 [...] photo by 餃子とラーメンの旨い店みよし on august 20, 2026. may be an image of bread, pie and text that says 'リニューアルオープン 10周年記念イベント祝 おかげさ
DcqC94wkXAE	cafe3tempo	ChIJ04cW9kd3A2ARfxCwg2mExEk	3tempo	1 Chome-576 Noda	ig_business_discovery	harapeko_mi_29	https://www.instagram.com/p/DcqC94wkXAE/	.。.:*☆ 名古屋市中川区野田1丁目576の 【cafe3tempo】さん✨ cafe3tempo ■ももと紅茶パフェ 2805円 (紅茶メレンゲ.紅茶ラングドゥシャ. アールグレイ.紅茶クリーム.もも. ミルクティーカシスアイス.ももソルベ. くるみフロランタン.カスタード.ももソース. 北海道生クリーム.紅茶プリン. アールグレイティー) 桃は白桃か黄桃選べた白桃にした 盛りだくさんの内容で 好きなものがたくさん入った 美味しいなぁって思ったパフェ✨ 何年振りか?で 当日予約できるから めぐちゃんがしてくれた
DcujP8uj_Jo	nekomedou_official	ChIJjSpiPA_jGGARVcMp7-wXWvk	猫目堂茶店	東京都日野市多摩平２丁目１２−３	ig_business_discovery	365.aoki	https://www.instagram.com/reel/DcujP8uj_Jo/	 ごま油・練りごま・ごまだれなども ご購入いただけます。 食べて終わりではなく、 翌日の食卓にも「ごま」を😊 📅 9月23日(水・祝) ⏰ 11:00〜15:00 📍猫目堂茶店 東京都日野市多摩平2-12-3 jr中央線「豊田駅」徒歩3分 nekomedou_official 【ご予約】 調味料ラボinstagramへdm または ☎ 050-3717-9625(猫目堂茶店さん) ご予約お待ちしています!
