あじの開き 札幌市			
うどん 札幌市			
おでん 札幌市			
お好み焼き 札幌市			
かき氷 札幌市			
さば塩焼き 札幌市			
しゃぶしゃぶ 札幌市			
すき焼き 札幌市			
そば 札幌市			
たこ焼き 札幌市			
ちゃんぽん 札幌市			
つけ麺 札幌市			
とんかつ 札幌市			
まぜそば 札幌市			
もつ鍋 札幌市			
もんじゃ焼き 札幌市			
やきとん 札幌市			
アイスクリーム 札幌市			
アクアパッツア 札幌市			
アサイーボウル 札幌市			
アフタヌーン 札幌市			
イタリアン 札幌市			
インドカレー 札幌市			
ウナギ 札幌市			
エッグベネディクト 札幌市			
エビチリ 札幌市			
エビフライ 札幌市			
エビマヨ 札幌市			
オムライス 札幌市			
カツ丼 札幌市			
カフェ 札幌市			
カルパッチョ 札幌市			
カルボナーラ 札幌市			
カレー 札幌市			
カレーうどん 札幌市			
キッシュ 札幌市			
キムチチゲ 札幌市			
キーマカレー 札幌市			
クリームシチュー 札幌市			
クレープ 札幌市			
グラタン 札幌市			
ケーキ 札幌市			
サラダボウル 札幌市			
サンドイッチ 札幌市			
ショートケーキ 札幌市			
ジェラート 札幌市			
ステーキ 札幌市			
スペイン料理 札幌市			
スンドゥブ 札幌市			
ソフトクリーム 札幌市			
タイ料理 札幌市			
タコライス 札幌市			
タルト 札幌市			
チキン南蛮 札幌市			
チャーハン 札幌市			
チンジャオロース 札幌市			
チーズケーキ 札幌市			
チーズタッカルビ 札幌市			
チーズバーガー 札幌市			
トースト 札幌市			
ドリア 札幌市			
ナポリタン 札幌市			
ハヤシライス 札幌市			
ハンバーガー 札幌市			
ハンバーグ 札幌市			
パエリア 札幌市			
パスタ 札幌市			
パフェ 札幌市			
パンケーキ 札幌市			
ビビンバ 札幌市			
ビーフシチュー 札幌市			
ピザ 札幌市			
ピラフ 札幌市			
フォー 札幌市			
フライドチキン 札幌市			
フルーツサンド 札幌市			
フレンチ 札幌市			
フレンチトースト 札幌市			
プリンアラモード 札幌市			
ベトナム料理 札幌市			
ペペロンチーノ 札幌市			
ホットドッグ 札幌市			
ホルモン焼き 札幌市			
ラーメン 札幌市			
リゾット 札幌市			
ワッフル 札幌市			
中華料理 札幌市			
串カツ 札幌市			
冷やし中華 札幌市			
刺身定食 札幌市			
刺身盛り合わせ 札幌市			
味噌ラーメン 札幌市			
和食 札幌市			
唐揚げ 札幌市			
四川料理 札幌市			
回鍋肉 札幌市			
塩ラーメン 札幌市			
天ぷら 札幌市			
天丼 札幌市			
天津飯 札幌市			
定食 札幌市			
寿司 札幌市			
居酒屋 札幌市			
懐石料理 札幌市			
手羽先唐揚げ 札幌市			
担担麺 札幌市			
沖縄料理 札幌市			
油そば 札幌市			
油淋鶏 札幌市			
海鮮丼 札幌市			
海鮮料理 札幌市			
火鍋 札幌市			
焼きそば 札幌市			
焼き魚定食 札幌市			
焼き鳥 札幌市			
焼肉 札幌市			
牛すじ煮込み 札幌市			
牛タン焼き 札幌市			
牛丼 札幌市			
牡蠣料理 札幌市			
生姜焼き 札幌市			
素麺 札幌市			
蟹料理 札幌市			
親子丼 札幌市			
豚骨ラーメン 札幌市			
酢豚 札幌市			
釜飯 札幌市			
鉄板焼き 札幌市			
鍋料理 札幌市			
韓国フライドチキン 札幌市			
韓国料理 札幌市			
餃子 札幌市			
鰹のタタキ 札幌市			
麻婆豆腐 札幌市			
あじの開き 仙台市			
うどん 仙台市			
おでん 仙台市			
お好み焼き 仙台市			
かき氷 仙台市			
さば塩焼き 仙台市			
しゃぶしゃぶ 仙台市			
すき焼き 仙台市			
そば 仙台市			
たこ焼き 仙台市			
ちゃんぽん 仙台市			
つけ麺 仙台市			
とんかつ 仙台市			
まぜそば 仙台市			
もつ鍋 仙台市			
もんじゃ焼き 仙台市			
やきとん 仙台市			
アイスクリーム 仙台市			
アクアパッツア 仙台市			
アサイーボウル 仙台市			
アフタヌーン 仙台市			
イタリアン 仙台市			
インドカレー 仙台市			
ウナギ 仙台市			
エッグベネディクト 仙台市			
エビチリ 仙台市			
エビフライ 仙台市			
エビマヨ 仙台市			
オムライス 仙台市			
カツ丼 仙台市			
カフェ 仙台市			
カルパッチョ 仙台市			
カルボナーラ 仙台市			
カレー 仙台市			
カレーうどん 仙台市			
キッシュ 仙台市			
キムチチゲ 仙台市			
キーマカレー 仙台市			
クリームシチュー 仙台市			
クレープ 仙台市			
グラタン 仙台市			
ケーキ 仙台市			
サラダボウル 仙台市			
サンドイッチ 仙台市			
ショートケーキ 仙台市			
ジェラート 仙台市			
ステーキ 仙台市			
スペイン料理 仙台市			
スンドゥブ 仙台市			
ソフトクリーム 仙台市			
タイ料理 仙台市			
タコライス 仙台市			
タルト 仙台市			
チキン南蛮 仙台市			
チャーハン 仙台市			
チンジャオロース 仙台市			
チーズケーキ 仙台市			
チーズタッカルビ 仙台市			
チーズバーガー 仙台市			
トースト 仙台市			
ドリア 仙台市			
ナポリタン 仙台市			
ハヤシライス 仙台市			
ハンバーガー 仙台市			
ハンバーグ 仙台市			
パエリア 仙台市			
パスタ 仙台市			
パフェ 仙台市			
パンケーキ 仙台市			
ビビンバ 仙台市			
ビーフシチュー 仙台市			
ピザ 仙台市			
ピラフ 仙台市			
フォー 仙台市			
フライドチキン 仙台市			
フルーツサンド 仙台市			
フレンチ 仙台市			
フレンチトースト 仙台市			
プリンアラモード 仙台市			
ベトナム料理 仙台市			
ペペロンチーノ 仙台市			
ホットドッグ 仙台市			
ホルモン焼き 仙台市			
ラーメン 仙台市			
リゾット 仙台市			
ワッフル 仙台市			
中華料理 仙台市			
串カツ 仙台市			
冷やし中華 仙台市			
刺身定食 仙台市			
刺身盛り合わせ 仙台市			
味噌ラーメン 仙台市			
和食 仙台市			
唐揚げ 仙台市			
四川料理 仙台市			
回鍋肉 仙台市			
塩ラーメン 仙台市			
天ぷら 仙台市			
天丼 仙台市			
天津飯 仙台市			
定食 仙台市			
寿司 仙台市			
居酒屋 仙台市			
懐石料理 仙台市			
手羽先唐揚げ 仙台市			
担担麺 仙台市			
沖縄料理 仙台市			
油そば 仙台市			
油淋鶏 仙台市			
海鮮丼 仙台市			
海鮮料理 仙台市			
火鍋 仙台市			
焼きそば 仙台市			
焼き魚定食 仙台市			
焼き鳥 仙台市			
焼肉 仙台市			
牛すじ煮込み 仙台市			
牛タン焼き 仙台市			
牛丼 仙台市			
牡蠣料理 仙台市			
生姜焼き 仙台市			
素麺 仙台市			
蟹料理 仙台市			
親子丼 仙台市			
豚骨ラーメン 仙台市			
酢豚 仙台市			
釜飯 仙台市			
鉄板焼き 仙台市			
鍋料理 仙台市			
韓国フライドチキン 仙台市			
韓国料理 仙台市			
餃子 仙台市			
鰹のタタキ 仙台市			
麻婆豆腐 仙台市			
あじの開き さいたま市			
うどん さいたま市			
おでん さいたま市			
お好み焼き さいたま市			
かき氷 さいたま市			
さば塩焼き さいたま市			
しゃぶしゃぶ さいたま市			
すき焼き さいたま市			
そば さいたま市			
たこ焼き さいたま市			
ちゃんぽん さいたま市			
つけ麺 さいたま市			
とんかつ さいたま市			
まぜそば さいたま市			
もつ鍋 さいたま市			
もんじゃ焼き さいたま市			
やきとん さいたま市			
アイスクリーム さいたま市			
アクアパッツア さいたま市			
アサイーボウル さいたま市			
アフタヌーン さいたま市			
イタリアン さいたま市			
インドカレー さいたま市			
ウナギ さいたま市			
エッグベネディクト さいたま市			
エビチリ さいたま市			
エビフライ さいたま市			
エビマヨ さいたま市			
オムライス さいたま市			
カツ丼 さいたま市			
カフェ さいたま市			
カルパッチョ さいたま市			
カルボナーラ さいたま市			
カレー さいたま市			
カレーうどん さいたま市			
キッシュ さいたま市			
キムチチゲ さいたま市			
キーマカレー さいたま市			
クリームシチュー さいたま市			
クレープ さいたま市			
グラタン さいたま市			
ケーキ さいたま市			
サラダボウル さいたま市			
サンドイッチ さいたま市			
ショートケーキ さいたま市			
ジェラート さいたま市			
ステーキ さいたま市			
スペイン料理 さいたま市			
スンドゥブ さいたま市			
ソフトクリーム さいたま市			
タイ料理 さいたま市			
タコライス さいたま市			
タルト さいたま市			
チキン南蛮 さいたま市			
チャーハン さいたま市			
チンジャオロース さいたま市			
チーズケーキ さいたま市			
チーズタッカルビ さいたま市			
チーズバーガー さいたま市			
トースト さいたま市			
ドリア さいたま市			
ナポリタン さいたま市			
ハヤシライス さいたま市			
ハンバーガー さいたま市			
ハンバーグ さいたま市			
パエリア さいたま市			
パスタ さいたま市			
パフェ さいたま市			
パンケーキ さいたま市			
ビビンバ さいたま市			
ビーフシチュー さいたま市			
ピザ さいたま市			
ピラフ さいたま市			
フォー さいたま市			
フライドチキン さいたま市			
フルーツサンド さいたま市			
フレンチ さいたま市			
フレンチトースト さいたま市			
プリンアラモード さいたま市			
ベトナム料理 さいたま市			
ペペロンチーノ さいたま市			
ホットドッグ さいたま市			
ホルモン焼き さいたま市			
ラーメン さいたま市			
リゾット さいたま市			
ワッフル さいたま市			
中華料理 さいたま市			
串カツ さいたま市			
冷やし中華 さいたま市			
刺身定食 さいたま市			
刺身盛り合わせ さいたま市			
味噌ラーメン さいたま市			
和食 さいたま市			
唐揚げ さいたま市			
四川料理 さいたま市			
回鍋肉 さいたま市			
塩ラーメン さいたま市			
天ぷら さいたま市			
天丼 さいたま市			
天津飯 さいたま市			
定食 さいたま市			
寿司 さいたま市			
居酒屋 さいたま市			
懐石料理 さいたま市			
手羽先唐揚げ さいたま市			
担担麺 さいたま市			
沖縄料理 さいたま市			
油そば さいたま市			
油淋鶏 さいたま市			
海鮮丼 さいたま市			
海鮮料理 さいたま市			
火鍋 さいたま市			
焼きそば さいたま市			
焼き魚定食 さいたま市			
焼き鳥 さいたま市			
焼肉 さいたま市			
牛すじ煮込み さいたま市			
牛タン焼き さいたま市			
牛丼 さいたま市			
牡蠣料理 さいたま市			
生姜焼き さいたま市			
素麺 さいたま市			
蟹料理 さいたま市			
親子丼 さいたま市			
豚骨ラーメン さいたま市			
酢豚 さいたま市			
釜飯 さいたま市			
鉄板焼き さいたま市			
鍋料理 さいたま市			
韓国フライドチキン さいたま市			
韓国料理 さいたま市			
餃子 さいたま市			
鰹のタタキ さいたま市			
麻婆豆腐 さいたま市			
あじの開き 千葉市			
うどん 千葉市			
おでん 千葉市			
お好み焼き 千葉市			
かき氷 千葉市			
さば塩焼き 千葉市			
しゃぶしゃぶ 千葉市			
すき焼き 千葉市			
そば 千葉市			
たこ焼き 千葉市			
ちゃんぽん 千葉市			
つけ麺 千葉市			
とんかつ 千葉市			
まぜそば 千葉市			
もつ鍋 千葉市			
もんじゃ焼き 千葉市			
やきとん 千葉市			
アイスクリーム 千葉市			
アクアパッツア 千葉市			
アサイーボウル 千葉市			
アフタヌーン 千葉市			
イタリアン 千葉市			
インドカレー 千葉市			
ウナギ 千葉市			
エッグベネディクト 千葉市			
エビチリ 千葉市			
エビフライ 千葉市			
エビマヨ 千葉市			
オムライス 千葉市			
カツ丼 千葉市			
カフェ 千葉市			
カルパッチョ 千葉市			
カルボナーラ 千葉市			
カレー 千葉市			
カレーうどん 千葉市			
キッシュ 千葉市			
キムチチゲ 千葉市			
キーマカレー 千葉市			
クリームシチュー 千葉市			
クレープ 千葉市			
グラタン 千葉市			
ケーキ 千葉市			
サラダボウル 千葉市			
サンドイッチ 千葉市			
ショートケーキ 千葉市			
ジェラート 千葉市			
ステーキ 千葉市			
スペイン料理 千葉市			
スンドゥブ 千葉市			
ソフトクリーム 千葉市			
タイ料理 千葉市			
タコライス 千葉市			
タルト 千葉市			
チキン南蛮 千葉市			
チャーハン 千葉市			
チンジャオロース 千葉市			
チーズケーキ 千葉市			
チーズタッカルビ 千葉市			
チーズバーガー 千葉市			
トースト 千葉市			
ドリア 千葉市			
ナポリタン 千葉市			
ハヤシライス 千葉市			
ハンバーガー 千葉市			
ハンバーグ 千葉市			
パエリア 千葉市			
パスタ 千葉市			
パフェ 千葉市			
パンケーキ 千葉市			
ビビンバ 千葉市			
ビーフシチュー 千葉市			
ピザ 千葉市			
ピラフ 千葉市			
フォー 千葉市			
フライドチキン 千葉市			
フルーツサンド 千葉市			
フレンチ 千葉市			
フレンチトースト 千葉市			
プリンアラモード 千葉市			
ベトナム料理 千葉市			
ペペロンチーノ 千葉市			
ホットドッグ 千葉市			
ホルモン焼き 千葉市			
ラーメン 千葉市			
リゾット 千葉市			
ワッフル 千葉市			
中華料理 千葉市			
串カツ 千葉市			
冷やし中華 千葉市			
刺身定食 千葉市			
刺身盛り合わせ 千葉市			
味噌ラーメン 千葉市			
和食 千葉市			
唐揚げ 千葉市			
四川料理 千葉市			
回鍋肉 千葉市			
塩ラーメン 千葉市			
天ぷら 千葉市			
天丼 千葉市			
天津飯 千葉市			
定食 千葉市			
寿司 千葉市			
居酒屋 千葉市			
懐石料理 千葉市			
手羽先唐揚げ 千葉市			
担担麺 千葉市			
沖縄料理 千葉市			
油そば 千葉市			
油淋鶏 千葉市			
海鮮丼 千葉市			
海鮮料理 千葉市			
火鍋 千葉市			
焼きそば 千葉市			
焼き魚定食 千葉市			
焼き鳥 千葉市			
焼肉 千葉市			
牛すじ煮込み 千葉市			
牛タン焼き 千葉市			
牛丼 千葉市			
牡蠣料理 千葉市			
生姜焼き 千葉市			
素麺 千葉市			
蟹料理 千葉市			
親子丼 千葉市			
豚骨ラーメン 千葉市			
酢豚 千葉市			
釜飯 千葉市			
鉄板焼き 千葉市			
鍋料理 千葉市			
韓国フライドチキン 千葉市			
韓国料理 千葉市			
餃子 千葉市			
鰹のタタキ 千葉市			
麻婆豆腐 千葉市			
あじの開き 新宿区			
うどん 新宿区			
おでん 新宿区			
お好み焼き 新宿区			
かき氷 新宿区			
さば塩焼き 新宿区			
しゃぶしゃぶ 新宿区			
すき焼き 新宿区			
そば 新宿区			
たこ焼き 新宿区			
ちゃんぽん 新宿区			
つけ麺 新宿区			
とんかつ 新宿区			
まぜそば 新宿区			
もつ鍋 新宿区			
もんじゃ焼き 新宿区			
やきとん 新宿区			
アイスクリーム 新宿区			
アクアパッツア 新宿区			
アサイーボウル 新宿区			
アフタヌーン 新宿区			
イタリアン 新宿区			
インドカレー 新宿区			
ウナギ 新宿区			
エッグベネディクト 新宿区			
エビチリ 新宿区			
エビフライ 新宿区			
エビマヨ 新宿区			
オムライス 新宿区			
カツ丼 新宿区			
カフェ 新宿区			
カルパッチョ 新宿区			
カルボナーラ 新宿区			
カレー 新宿区			
カレーうどん 新宿区			
キッシュ 新宿区			
キムチチゲ 新宿区			
キーマカレー 新宿区			
クリームシチュー 新宿区			
クレープ 新宿区			
グラタン 新宿区			
ケーキ 新宿区			
サラダボウル 新宿区			
サンドイッチ 新宿区			
ショートケーキ 新宿区			
ジェラート 新宿区			
ステーキ 新宿区			
スペイン料理 新宿区			
スンドゥブ 新宿区			
ソフトクリーム 新宿区			
タイ料理 新宿区			
タコライス 新宿区			
タルト 新宿区			
チキン南蛮 新宿区			
チャーハン 新宿区			
チンジャオロース 新宿区			
チーズケーキ 新宿区			
チーズタッカルビ 新宿区			
チーズバーガー 新宿区			
トースト 新宿区			
ドリア 新宿区			
ナポリタン 新宿区			
ハヤシライス 新宿区			
ハンバーガー 新宿区			
ハンバーグ 新宿区			
パエリア 新宿区			
パスタ 新宿区			
パフェ 新宿区			
パンケーキ 新宿区			
ビビンバ 新宿区			
ビーフシチュー 新宿区			
ピザ 新宿区			
ピラフ 新宿区			
フォー 新宿区			
フライドチキン 新宿区			
フルーツサンド 新宿区			
フレンチ 新宿区			
フレンチトースト 新宿区			
プリンアラモード 新宿区			
ベトナム料理 新宿区			
ペペロンチーノ 新宿区			
ホットドッグ 新宿区			
ホルモン焼き 新宿区			
ラーメン 新宿区			
リゾット 新宿区			
ワッフル 新宿区			
中華料理 新宿区			
串カツ 新宿区			
冷やし中華 新宿区			
刺身定食 新宿区			
刺身盛り合わせ 新宿区			
味噌ラーメン 新宿区			
和食 新宿区			
唐揚げ 新宿区			
四川料理 新宿区			
回鍋肉 新宿区			
塩ラーメン 新宿区			
天ぷら 新宿区			
天丼 新宿区			
天津飯 新宿区			
定食 新宿区			
寿司 新宿区			
居酒屋 新宿区			
懐石料理 新宿区			
手羽先唐揚げ 新宿区			
担担麺 新宿区			
沖縄料理 新宿区			
油そば 新宿区			
油淋鶏 新宿区			
海鮮丼 新宿区			
海鮮料理 新宿区			
火鍋 新宿区			
焼きそば 新宿区			
焼き魚定食 新宿区			
焼き鳥 新宿区			
焼肉 新宿区			
牛すじ煮込み 新宿区			
牛タン焼き 新宿区			
牛丼 新宿区			
牡蠣料理 新宿区			
生姜焼き 新宿区			
素麺 新宿区			
蟹料理 新宿区			
親子丼 新宿区			
豚骨ラーメン 新宿区			
酢豚 新宿区			
釜飯 新宿区			
鉄板焼き 新宿区			
鍋料理 新宿区			
韓国フライドチキン 新宿区			
韓国料理 新宿区			
餃子 新宿区			
鰹のタタキ 新宿区			
麻婆豆腐 新宿区			
あじの開き 横浜市			
うどん 横浜市			
おでん 横浜市			
お好み焼き 横浜市			
かき氷 横浜市			
さば塩焼き 横浜市			
しゃぶしゃぶ 横浜市			
すき焼き 横浜市			
そば 横浜市			
たこ焼き 横浜市			
ちゃんぽん 横浜市			
つけ麺 横浜市			
とんかつ 横浜市			
まぜそば 横浜市			
もつ鍋 横浜市			
もんじゃ焼き 横浜市			
やきとん 横浜市			
アイスクリーム 横浜市			
アクアパッツア 横浜市			
アサイーボウル 横浜市			
アフタヌーン 横浜市			
イタリアン 横浜市			
インドカレー 横浜市			
ウナギ 横浜市			
エッグベネディクト 横浜市			
エビチリ 横浜市			
エビフライ 横浜市			
エビマヨ 横浜市			
オムライス 横浜市			
カツ丼 横浜市			
カフェ 横浜市			
カルパッチョ 横浜市			
カルボナーラ 横浜市			
カレー 横浜市			
カレーうどん 横浜市			
キッシュ 横浜市			
キムチチゲ 横浜市			
キーマカレー 横浜市			
クリームシチュー 横浜市			
クレープ 横浜市			
グラタン 横浜市			
ケーキ 横浜市			
サラダボウル 横浜市			
サンドイッチ 横浜市			
ショートケーキ 横浜市			
ジェラート 横浜市			
ステーキ 横浜市			
スペイン料理 横浜市			
スンドゥブ 横浜市			
ソフトクリーム 横浜市			
タイ料理 横浜市			
タコライス 横浜市			
タルト 横浜市			
チキン南蛮 横浜市			
チャーハン 横浜市			
チンジャオロース 横浜市			
チーズケーキ 横浜市			
チーズタッカルビ 横浜市			
チーズバーガー 横浜市			
トースト 横浜市			
ドリア 横浜市			
ナポリタン 横浜市			
ハヤシライス 横浜市			
ハンバーガー 横浜市			
ハンバーグ 横浜市			
パエリア 横浜市			
パスタ 横浜市			
パフェ 横浜市			
パンケーキ 横浜市			
ビビンバ 横浜市			
ビーフシチュー 横浜市			
ピザ 横浜市			
ピラフ 横浜市			
フォー 横浜市			
フライドチキン 横浜市			
フルーツサンド 横浜市			
フレンチ 横浜市			
フレンチトースト 横浜市			
プリンアラモード 横浜市			
ベトナム料理 横浜市			
ペペロンチーノ 横浜市			
ホットドッグ 横浜市			
ホルモン焼き 横浜市			
ラーメン 横浜市			
リゾット 横浜市			
ワッフル 横浜市			
中華料理 横浜市			
串カツ 横浜市			
冷やし中華 横浜市			
刺身定食 横浜市			
刺身盛り合わせ 横浜市			
味噌ラーメン 横浜市			
和食 横浜市			
唐揚げ 横浜市			
四川料理 横浜市			
回鍋肉 横浜市			
塩ラーメン 横浜市			
天ぷら 横浜市			
天丼 横浜市			
天津飯 横浜市			
定食 横浜市			
寿司 横浜市			
居酒屋 横浜市			
懐石料理 横浜市			
手羽先唐揚げ 横浜市			
担担麺 横浜市			
沖縄料理 横浜市			
油そば 横浜市			
油淋鶏 横浜市			
海鮮丼 横浜市			
海鮮料理 横浜市			
火鍋 横浜市			
焼きそば 横浜市			
焼き魚定食 横浜市			
焼き鳥 横浜市			
焼肉 横浜市			
牛すじ煮込み 横浜市			
牛タン焼き 横浜市			
牛丼 横浜市			
牡蠣料理 横浜市			
生姜焼き 横浜市			
素麺 横浜市			
蟹料理 横浜市			
親子丼 横浜市			
豚骨ラーメン 横浜市			
酢豚 横浜市			
釜飯 横浜市			
鉄板焼き 横浜市			
鍋料理 横浜市			
韓国フライドチキン 横浜市			
韓国料理 横浜市			
餃子 横浜市			
鰹のタタキ 横浜市			
麻婆豆腐 横浜市			
あじの開き 名古屋市			
うどん 名古屋市			
おでん 名古屋市			
お好み焼き 名古屋市			
かき氷 名古屋市			
さば塩焼き 名古屋市			
しゃぶしゃぶ 名古屋市			
すき焼き 名古屋市			
そば 名古屋市			
たこ焼き 名古屋市			
ちゃんぽん 名古屋市			
つけ麺 名古屋市			
とんかつ 名古屋市			
まぜそば 名古屋市			
もつ鍋 名古屋市			
もんじゃ焼き 名古屋市			
やきとん 名古屋市			
アイスクリーム 名古屋市			
アクアパッツア 名古屋市			
アサイーボウル 名古屋市			
アフタヌーン 名古屋市			
イタリアン 名古屋市			
インドカレー 名古屋市			
ウナギ 名古屋市			
エッグベネディクト 名古屋市			
エビチリ 名古屋市			
エビフライ 名古屋市			
エビマヨ 名古屋市			
オムライス 名古屋市			
カツ丼 名古屋市			
カフェ 名古屋市			
カルパッチョ 名古屋市			
カルボナーラ 名古屋市			
カレー 名古屋市			
カレーうどん 名古屋市			
キッシュ 名古屋市			
キムチチゲ 名古屋市			
キーマカレー 名古屋市			
クリームシチュー 名古屋市			
クレープ 名古屋市			
グラタン 名古屋市			
ケーキ 名古屋市			
サラダボウル 名古屋市			
サンドイッチ 名古屋市			
ショートケーキ 名古屋市			
ジェラート 名古屋市			
ステーキ 名古屋市			
スペイン料理 名古屋市			
スンドゥブ 名古屋市			
ソフトクリーム 名古屋市			
タイ料理 名古屋市			
タコライス 名古屋市			
タルト 名古屋市			
チキン南蛮 名古屋市			
チャーハン 名古屋市			
チンジャオロース 名古屋市			
チーズケーキ 名古屋市			
チーズタッカルビ 名古屋市			
チーズバーガー 名古屋市			
トースト 名古屋市			
ドリア 名古屋市			
ナポリタン 名古屋市			
ハヤシライス 名古屋市			
ハンバーガー 名古屋市			
ハンバーグ 名古屋市			
パエリア 名古屋市			
パスタ 名古屋市			
パフェ 名古屋市			
パンケーキ 名古屋市			
ビビンバ 名古屋市			
ビーフシチュー 名古屋市			
ピザ 名古屋市			
ピラフ 名古屋市			
フォー 名古屋市			
フライドチキン 名古屋市			
フルーツサンド 名古屋市			
フレンチ 名古屋市			
フレンチトースト 名古屋市			
プリンアラモード 名古屋市			
ベトナム料理 名古屋市			
ペペロンチーノ 名古屋市			
ホットドッグ 名古屋市			
ホルモン焼き 名古屋市			
ラーメン 名古屋市			
リゾット 名古屋市			
ワッフル 名古屋市			
中華料理 名古屋市			
串カツ 名古屋市			
冷やし中華 名古屋市			
刺身定食 名古屋市			
刺身盛り合わせ 名古屋市			
味噌ラーメン 名古屋市			
和食 名古屋市			
唐揚げ 名古屋市			
四川料理 名古屋市			
回鍋肉 名古屋市			
塩ラーメン 名古屋市			
天ぷら 名古屋市			
天丼 名古屋市			
天津飯 名古屋市			
定食 名古屋市			
寿司 名古屋市			
居酒屋 名古屋市			
懐石料理 名古屋市			
手羽先唐揚げ 名古屋市			
担担麺 名古屋市			
沖縄料理 名古屋市			
油そば 名古屋市			
油淋鶏 名古屋市			
海鮮丼 名古屋市			
海鮮料理 名古屋市			
火鍋 名古屋市			
焼きそば 名古屋市			
焼き魚定食 名古屋市			
焼き鳥 名古屋市			
焼肉 名古屋市			
牛すじ煮込み 名古屋市			
牛タン焼き 名古屋市			
牛丼 名古屋市			
牡蠣料理 名古屋市			
生姜焼き 名古屋市			
素麺 名古屋市			
蟹料理 名古屋市			
親子丼 名古屋市			
豚骨ラーメン 名古屋市			
酢豚 名古屋市			
釜飯 名古屋市			
鉄板焼き 名古屋市			
鍋料理 名古屋市			
韓国フライドチキン 名古屋市			
韓国料理 名古屋市			
餃子 名古屋市			
鰹のタタキ 名古屋市			
麻婆豆腐 名古屋市			
あじの開き 金沢市			
うどん 金沢市			
おでん 金沢市			
お好み焼き 金沢市			
かき氷 金沢市			
さば塩焼き 金沢市			
しゃぶしゃぶ 金沢市			
すき焼き 金沢市			
そば 金沢市			
たこ焼き 金沢市			
ちゃんぽん 金沢市			
つけ麺 金沢市			
とんかつ 金沢市			
まぜそば 金沢市			
もつ鍋 金沢市			
もんじゃ焼き 金沢市			
やきとん 金沢市			
アイスクリーム 金沢市			
アクアパッツア 金沢市			
アサイーボウル 金沢市			
アフタヌーン 金沢市			
イタリアン 金沢市			
インドカレー 金沢市			
ウナギ 金沢市			
エッグベネディクト 金沢市			
エビチリ 金沢市			
エビフライ 金沢市			
エビマヨ 金沢市			
オムライス 金沢市			
カツ丼 金沢市			
カフェ 金沢市			
カルパッチョ 金沢市			
カルボナーラ 金沢市			
カレー 金沢市			
カレーうどん 金沢市			
キッシュ 金沢市			
キムチチゲ 金沢市			
キーマカレー 金沢市			
クリームシチュー 金沢市			
クレープ 金沢市			
グラタン 金沢市			
ケーキ 金沢市			
サラダボウル 金沢市			
サンドイッチ 金沢市			
ショートケーキ 金沢市			
ジェラート 金沢市			
ステーキ 金沢市			
スペイン料理 金沢市			
スンドゥブ 金沢市			
ソフトクリーム 金沢市			
タイ料理 金沢市			
タコライス 金沢市			
タルト 金沢市			
チキン南蛮 金沢市			
チャーハン 金沢市			
チンジャオロース 金沢市			
チーズケーキ 金沢市			
チーズタッカルビ 金沢市			
チーズバーガー 金沢市			
トースト 金沢市			
ドリア 金沢市			
ナポリタン 金沢市			
ハヤシライス 金沢市			
ハンバーガー 金沢市			
ハンバーグ 金沢市			
パエリア 金沢市			
パスタ 金沢市			
パフェ 金沢市			
パンケーキ 金沢市			
ビビンバ 金沢市			
ビーフシチュー 金沢市			
ピザ 金沢市			
ピラフ 金沢市			
フォー 金沢市			
フライドチキン 金沢市			
フルーツサンド 金沢市			
フレンチ 金沢市			
フレンチトースト 金沢市			
プリンアラモード 金沢市			
ベトナム料理 金沢市			
ペペロンチーノ 金沢市			
ホットドッグ 金沢市			
ホルモン焼き 金沢市			
ラーメン 金沢市			
リゾット 金沢市			
ワッフル 金沢市			
中華料理 金沢市			
串カツ 金沢市			
冷やし中華 金沢市			
刺身定食 金沢市			
刺身盛り合わせ 金沢市			
味噌ラーメン 金沢市			
和食 金沢市			
唐揚げ 金沢市			
四川料理 金沢市			
回鍋肉 金沢市			
塩ラーメン 金沢市			
天ぷら 金沢市			
天丼 金沢市			
天津飯 金沢市			
定食 金沢市			
寿司 金沢市			
居酒屋 金沢市			
懐石料理 金沢市			
手羽先唐揚げ 金沢市			
担担麺 金沢市			
沖縄料理 金沢市			
油そば 金沢市			
油淋鶏 金沢市			
海鮮丼 金沢市			
海鮮料理 金沢市			
火鍋 金沢市			
焼きそば 金沢市			
焼き魚定食 金沢市			
焼き鳥 金沢市			
焼肉 金沢市			
牛すじ煮込み 金沢市			
牛タン焼き 金沢市			
牛丼 金沢市			
牡蠣料理 金沢市			
生姜焼き 金沢市			
素麺 金沢市			
蟹料理 金沢市			
親子丼 金沢市			
豚骨ラーメン 金沢市			
酢豚 金沢市			
釜飯 金沢市			
鉄板焼き 金沢市			
鍋料理 金沢市			
韓国フライドチキン 金沢市			
韓国料理 金沢市			
餃子 金沢市			
鰹のタタキ 金沢市			
麻婆豆腐 金沢市			
あじの開き 京都市			
うどん 京都市			
おでん 京都市			
お好み焼き 京都市			
かき氷 京都市			
さば塩焼き 京都市			
しゃぶしゃぶ 京都市			
すき焼き 京都市			
そば 京都市			
たこ焼き 京都市			
ちゃんぽん 京都市			
つけ麺 京都市			
とんかつ 京都市			
まぜそば 京都市			
もつ鍋 京都市			
もんじゃ焼き 京都市			
やきとん 京都市			
アイスクリーム 京都市			
アクアパッツア 京都市			
アサイーボウル 京都市			
アフタヌーン 京都市			
イタリアン 京都市			
インドカレー 京都市			
ウナギ 京都市			
エッグベネディクト 京都市			
エビチリ 京都市			
エビフライ 京都市			
エビマヨ 京都市			
オムライス 京都市			
カツ丼 京都市			
カフェ 京都市			
カルパッチョ 京都市			
カルボナーラ 京都市			
カレー 京都市			
カレーうどん 京都市			
キッシュ 京都市			
キムチチゲ 京都市			
キーマカレー 京都市			
クリームシチュー 京都市			
クレープ 京都市			
グラタン 京都市			
ケーキ 京都市			
サラダボウル 京都市			
サンドイッチ 京都市			
ショートケーキ 京都市			
ジェラート 京都市			
ステーキ 京都市			
スペイン料理 京都市			
スンドゥブ 京都市			
ソフトクリーム 京都市			
タイ料理 京都市			
タコライス 京都市			
タルト 京都市			
チキン南蛮 京都市			
チャーハン 京都市			
チンジャオロース 京都市			
チーズケーキ 京都市			
チーズタッカルビ 京都市			
チーズバーガー 京都市			
トースト 京都市			
ドリア 京都市			
ナポリタン 京都市			
ハヤシライス 京都市			
ハンバーガー 京都市			
ハンバーグ 京都市			
パエリア 京都市			
パスタ 京都市			
パフェ 京都市			
パンケーキ 京都市			
ビビンバ 京都市			
ビーフシチュー 京都市			
ピザ 京都市			
ピラフ 京都市			
フォー 京都市			
フライドチキン 京都市			
フルーツサンド 京都市			
フレンチ 京都市			
フレンチトースト 京都市			
プリンアラモード 京都市			
ベトナム料理 京都市			
ペペロンチーノ 京都市			
ホットドッグ 京都市			
ホルモン焼き 京都市			
ラーメン 京都市			
リゾット 京都市			
ワッフル 京都市			
中華料理 京都市			
串カツ 京都市			
冷やし中華 京都市			
刺身定食 京都市			
刺身盛り合わせ 京都市			
味噌ラーメン 京都市			
和食 京都市			
唐揚げ 京都市			
四川料理 京都市			
回鍋肉 京都市			
塩ラーメン 京都市			
天ぷら 京都市			
天丼 京都市			
天津飯 京都市			
定食 京都市			
寿司 京都市			
居酒屋 京都市			
懐石料理 京都市			
手羽先唐揚げ 京都市			
担担麺 京都市			
沖縄料理 京都市			
油そば 京都市			
油淋鶏 京都市			
海鮮丼 京都市			
海鮮料理 京都市			
火鍋 京都市			
焼きそば 京都市			
焼き魚定食 京都市			
焼き鳥 京都市			
焼肉 京都市			
牛すじ煮込み 京都市			
牛タン焼き 京都市			
牛丼 京都市			
牡蠣料理 京都市			
生姜焼き 京都市			
素麺 京都市			
蟹料理 京都市			
親子丼 京都市			
豚骨ラーメン 京都市			
酢豚 京都市			
釜飯 京都市			
鉄板焼き 京都市			
鍋料理 京都市			
韓国フライドチキン 京都市			
韓国料理 京都市			
餃子 京都市			
鰹のタタキ 京都市			
麻婆豆腐 京都市			
あじの開き 大阪市			
うどん 大阪市			
おでん 大阪市			
お好み焼き 大阪市			
かき氷 大阪市			
さば塩焼き 大阪市			
しゃぶしゃぶ 大阪市			
すき焼き 大阪市			
そば 大阪市			
たこ焼き 大阪市			
ちゃんぽん 大阪市			
つけ麺 大阪市			
とんかつ 大阪市			
まぜそば 大阪市			
もつ鍋 大阪市			
もんじゃ焼き 大阪市			
やきとん 大阪市			
アイスクリーム 大阪市			
アクアパッツア 大阪市			
アサイーボウル 大阪市			
アフタヌーン 大阪市			
イタリアン 大阪市			
インドカレー 大阪市			
ウナギ 大阪市			
エッグベネディクト 大阪市			
エビチリ 大阪市			
エビフライ 大阪市			
エビマヨ 大阪市			
オムライス 大阪市			
カツ丼 大阪市			
カフェ 大阪市			
カルパッチョ 大阪市			
カルボナーラ 大阪市			
カレー 大阪市			
カレーうどん 大阪市			
キッシュ 大阪市			
キムチチゲ 大阪市			
キーマカレー 大阪市			
クリームシチュー 大阪市			
クレープ 大阪市			
グラタン 大阪市			
ケーキ 大阪市			
サラダボウル 大阪市			
サンドイッチ 大阪市			
ショートケーキ 大阪市			
ジェラート 大阪市			
ステーキ 大阪市			
スペイン料理 大阪市			
スンドゥブ 大阪市			
ソフトクリーム 大阪市			
タイ料理 大阪市			
タコライス 大阪市			
タルト 大阪市			
チキン南蛮 大阪市			
チャーハン 大阪市			
チンジャオロース 大阪市			
チーズケーキ 大阪市			
チーズタッカルビ 大阪市			
チーズバーガー 大阪市			
トースト 大阪市			
ドリア 大阪市			
ナポリタン 大阪市			
ハヤシライス 大阪市			
ハンバーガー 大阪市			
ハンバーグ 大阪市			
パエリア 大阪市			
パスタ 大阪市			
パフェ 大阪市			
パンケーキ 大阪市			
ビビンバ 大阪市			
ビーフシチュー 大阪市			
ピザ 大阪市			
ピラフ 大阪市			
フォー 大阪市			
フライドチキン 大阪市			
フルーツサンド 大阪市			
フレンチ 大阪市			
フレンチトースト 大阪市			
プリンアラモード 大阪市			
ベトナム料理 大阪市			
ペペロンチーノ 大阪市			
ホットドッグ 大阪市			
ホルモン焼き 大阪市			
ラーメン 大阪市			
リゾット 大阪市			
ワッフル 大阪市			
中華料理 大阪市			
串カツ 大阪市			
冷やし中華 大阪市			
刺身定食 大阪市			
刺身盛り合わせ 大阪市			
味噌ラーメン 大阪市			
和食 大阪市			
唐揚げ 大阪市			
四川料理 大阪市			
回鍋肉 大阪市			
塩ラーメン 大阪市			
天ぷら 大阪市			
天丼 大阪市			
天津飯 大阪市			
定食 大阪市			
寿司 大阪市			
居酒屋 大阪市			
懐石料理 大阪市			
手羽先唐揚げ 大阪市			
担担麺 大阪市			
沖縄料理 大阪市			
油そば 大阪市			
油淋鶏 大阪市			
海鮮丼 大阪市			
海鮮料理 大阪市			
火鍋 大阪市			
焼きそば 大阪市			
焼き魚定食 大阪市			
焼き鳥 大阪市			
焼肉 大阪市			
牛すじ煮込み 大阪市			
牛タン焼き 大阪市			
牛丼 大阪市			
牡蠣料理 大阪市			
生姜焼き 大阪市			
素麺 大阪市			
蟹料理 大阪市			
親子丼 大阪市			
豚骨ラーメン 大阪市			
酢豚 大阪市			
釜飯 大阪市			
鉄板焼き 大阪市			
鍋料理 大阪市			
韓国フライドチキン 大阪市			
韓国料理 大阪市			
餃子 大阪市			
鰹のタタキ 大阪市			
麻婆豆腐 大阪市			
あじの開き 神戸市			
うどん 神戸市			
おでん 神戸市			
お好み焼き 神戸市			
かき氷 神戸市			
さば塩焼き 神戸市			
しゃぶしゃぶ 神戸市			
すき焼き 神戸市			
そば 神戸市			
たこ焼き 神戸市			
ちゃんぽん 神戸市			
つけ麺 神戸市			
とんかつ 神戸市			
まぜそば 神戸市			
もつ鍋 神戸市			
もんじゃ焼き 神戸市			
やきとん 神戸市			
アイスクリーム 神戸市			
アクアパッツア 神戸市			
アサイーボウル 神戸市			
アフタヌーン 神戸市			
イタリアン 神戸市			
インドカレー 神戸市			
ウナギ 神戸市			
エッグベネディクト 神戸市			
エビチリ 神戸市			
エビフライ 神戸市			
エビマヨ 神戸市			
オムライス 神戸市			
カツ丼 神戸市			
カフェ 神戸市			
カルパッチョ 神戸市			
カルボナーラ 神戸市			
カレー 神戸市			
カレーうどん 神戸市			
キッシュ 神戸市			
キムチチゲ 神戸市			
キーマカレー 神戸市			
クリームシチュー 神戸市			
クレープ 神戸市			
グラタン 神戸市			
ケーキ 神戸市			
サラダボウル 神戸市			
サンドイッチ 神戸市			
ショートケーキ 神戸市			
ジェラート 神戸市			
ステーキ 神戸市			
スペイン料理 神戸市			
スンドゥブ 神戸市			
ソフトクリーム 神戸市			
タイ料理 神戸市			
タコライス 神戸市			
タルト 神戸市			
チキン南蛮 神戸市			
チャーハン 神戸市			
チンジャオロース 神戸市			
チーズケーキ 神戸市			
チーズタッカルビ 神戸市			
チーズバーガー 神戸市			
トースト 神戸市			
ドリア 神戸市			
ナポリタン 神戸市			
ハヤシライス 神戸市			
ハンバーガー 神戸市			
ハンバーグ 神戸市			
パエリア 神戸市			
パスタ 神戸市			
パフェ 神戸市			
パンケーキ 神戸市			
ビビンバ 神戸市			
ビーフシチュー 神戸市			
ピザ 神戸市			
ピラフ 神戸市			
フォー 神戸市			
フライドチキン 神戸市			
フルーツサンド 神戸市			
フレンチ 神戸市			
フレンチトースト 神戸市			
プリンアラモード 神戸市			
ベトナム料理 神戸市			
ペペロンチーノ 神戸市			
ホットドッグ 神戸市			
ホルモン焼き 神戸市			
ラーメン 神戸市			
リゾット 神戸市			
ワッフル 神戸市			
中華料理 神戸市			
串カツ 神戸市			
冷やし中華 神戸市			
刺身定食 神戸市			
刺身盛り合わせ 神戸市			
味噌ラーメン 神戸市			
和食 神戸市			
唐揚げ 神戸市			
四川料理 神戸市			
回鍋肉 神戸市			
塩ラーメン 神戸市			
天ぷら 神戸市			
天丼 神戸市			
天津飯 神戸市			
定食 神戸市			
寿司 神戸市			
居酒屋 神戸市			
懐石料理 神戸市			
手羽先唐揚げ 神戸市			
担担麺 神戸市			
沖縄料理 神戸市			
油そば 神戸市			
油淋鶏 神戸市			
海鮮丼 神戸市			
海鮮料理 神戸市			
火鍋 神戸市			
焼きそば 神戸市			
焼き魚定食 神戸市			
焼き鳥 神戸市			
焼肉 神戸市			
牛すじ煮込み 神戸市			
牛タン焼き 神戸市			
牛丼 神戸市			
牡蠣料理 神戸市			
生姜焼き 神戸市			
素麺 神戸市			
蟹料理 神戸市			
親子丼 神戸市			
豚骨ラーメン 神戸市			
酢豚 神戸市			
釜飯 神戸市			
鉄板焼き 神戸市			
鍋料理 神戸市			
韓国フライドチキン 神戸市			
韓国料理 神戸市			
餃子 神戸市			
鰹のタタキ 神戸市			
麻婆豆腐 神戸市			
あじの開き 岡山市			
うどん 岡山市			
おでん 岡山市			
お好み焼き 岡山市			
かき氷 岡山市			
さば塩焼き 岡山市			
しゃぶしゃぶ 岡山市			
すき焼き 岡山市			
そば 岡山市			
たこ焼き 岡山市			
ちゃんぽん 岡山市			
つけ麺 岡山市			
とんかつ 岡山市			
まぜそば 岡山市			
もつ鍋 岡山市			
もんじゃ焼き 岡山市			
やきとん 岡山市			
アイスクリーム 岡山市			
アクアパッツア 岡山市			
アサイーボウル 岡山市			
アフタヌーン 岡山市			
イタリアン 岡山市			
インドカレー 岡山市			
ウナギ 岡山市			
エッグベネディクト 岡山市			
エビチリ 岡山市			
エビフライ 岡山市			
エビマヨ 岡山市			
オムライス 岡山市			
カツ丼 岡山市			
カフェ 岡山市			
カルパッチョ 岡山市			
カルボナーラ 岡山市			
カレー 岡山市			
カレーうどん 岡山市			
キッシュ 岡山市			
キムチチゲ 岡山市			
キーマカレー 岡山市			
クリームシチュー 岡山市			
クレープ 岡山市			
グラタン 岡山市			
ケーキ 岡山市			
サラダボウル 岡山市			
サンドイッチ 岡山市			
ショートケーキ 岡山市			
ジェラート 岡山市			
ステーキ 岡山市			
スペイン料理 岡山市			
スンドゥブ 岡山市			
ソフトクリーム 岡山市			
タイ料理 岡山市			
タコライス 岡山市			
タルト 岡山市			
チキン南蛮 岡山市			
チャーハン 岡山市			
チンジャオロース 岡山市			
チーズケーキ 岡山市			
チーズタッカルビ 岡山市			
チーズバーガー 岡山市			
トースト 岡山市			
ドリア 岡山市			
ナポリタン 岡山市			
ハヤシライス 岡山市			
ハンバーガー 岡山市			
ハンバーグ 岡山市			
パエリア 岡山市			
パスタ 岡山市			
パフェ 岡山市			
パンケーキ 岡山市			
ビビンバ 岡山市			
ビーフシチュー 岡山市			
ピザ 岡山市			
ピラフ 岡山市			
フォー 岡山市			
フライドチキン 岡山市			
フルーツサンド 岡山市			
フレンチ 岡山市			
フレンチトースト 岡山市			
プリンアラモード 岡山市			
ベトナム料理 岡山市			
ペペロンチーノ 岡山市			
ホットドッグ 岡山市			
ホルモン焼き 岡山市			
ラーメン 岡山市			
リゾット 岡山市			
ワッフル 岡山市			
中華料理 岡山市			
串カツ 岡山市			
冷やし中華 岡山市			
刺身定食 岡山市			
刺身盛り合わせ 岡山市			
味噌ラーメン 岡山市			
和食 岡山市			
唐揚げ 岡山市			
四川料理 岡山市			
回鍋肉 岡山市			
塩ラーメン 岡山市			
天ぷら 岡山市			
天丼 岡山市			
天津飯 岡山市			
定食 岡山市			
寿司 岡山市			
居酒屋 岡山市			
懐石料理 岡山市			
手羽先唐揚げ 岡山市			
担担麺 岡山市			
沖縄料理 岡山市			
油そば 岡山市			
油淋鶏 岡山市			
海鮮丼 岡山市			
海鮮料理 岡山市			
火鍋 岡山市			
焼きそば 岡山市			
焼き魚定食 岡山市			
焼き鳥 岡山市			
焼肉 岡山市			
牛すじ煮込み 岡山市			
牛タン焼き 岡山市			
牛丼 岡山市			
牡蠣料理 岡山市			
生姜焼き 岡山市			
素麺 岡山市			
蟹料理 岡山市			
親子丼 岡山市			
豚骨ラーメン 岡山市			
酢豚 岡山市			
釜飯 岡山市			
鉄板焼き 岡山市			
鍋料理 岡山市			
韓国フライドチキン 岡山市			
韓国料理 岡山市			
餃子 岡山市			
鰹のタタキ 岡山市			
麻婆豆腐 岡山市			
あじの開き 広島市			
うどん 広島市			
おでん 広島市			
お好み焼き 広島市			
かき氷 広島市			
さば塩焼き 広島市			
しゃぶしゃぶ 広島市			
すき焼き 広島市			
そば 広島市			
たこ焼き 広島市			
ちゃんぽん 広島市			
つけ麺 広島市			
とんかつ 広島市			
まぜそば 広島市			
もつ鍋 広島市			
もんじゃ焼き 広島市			
やきとん 広島市			
アイスクリーム 広島市			
アクアパッツア 広島市			
アサイーボウル 広島市			
アフタヌーン 広島市			
イタリアン 広島市			
インドカレー 広島市			
ウナギ 広島市			
エッグベネディクト 広島市			
エビチリ 広島市			
エビフライ 広島市			
エビマヨ 広島市			
オムライス 広島市			
カツ丼 広島市			
カフェ 広島市			
カルパッチョ 広島市			
カルボナーラ 広島市			
カレー 広島市			
カレーうどん 広島市			
キッシュ 広島市			
キムチチゲ 広島市			
キーマカレー 広島市			
クリームシチュー 広島市			
クレープ 広島市			
グラタン 広島市			
ケーキ 広島市			
サラダボウル 広島市			
サンドイッチ 広島市			
ショートケーキ 広島市			
ジェラート 広島市			
ステーキ 広島市			
スペイン料理 広島市			
スンドゥブ 広島市			
ソフトクリーム 広島市			
タイ料理 広島市			
タコライス 広島市			
タルト 広島市			
チキン南蛮 広島市			
チャーハン 広島市			
チンジャオロース 広島市			
チーズケーキ 広島市			
チーズタッカルビ 広島市			
チーズバーガー 広島市			
トースト 広島市			
ドリア 広島市			
ナポリタン 広島市			
ハヤシライス 広島市			
ハンバーガー 広島市			
ハンバーグ 広島市			
パエリア 広島市			
パスタ 広島市			
パフェ 広島市			
パンケーキ 広島市			
ビビンバ 広島市			
ビーフシチュー 広島市			
ピザ 広島市			
ピラフ 広島市			
フォー 広島市			
フライドチキン 広島市			
フルーツサンド 広島市			
フレンチ 広島市			
フレンチトースト 広島市			
プリンアラモード 広島市			
ベトナム料理 広島市			
ペペロンチーノ 広島市			
ホットドッグ 広島市			
ホルモン焼き 広島市			
ラーメン 広島市			
リゾット 広島市			
ワッフル 広島市			
中華料理 広島市			
串カツ 広島市			
冷やし中華 広島市			
刺身定食 広島市			
刺身盛り合わせ 広島市			
味噌ラーメン 広島市			
和食 広島市			
唐揚げ 広島市			
四川料理 広島市			
回鍋肉 広島市			
塩ラーメン 広島市			
天ぷら 広島市			
天丼 広島市			
天津飯 広島市			
定食 広島市			
寿司 広島市			
居酒屋 広島市			
懐石料理 広島市			
手羽先唐揚げ 広島市			
担担麺 広島市			
沖縄料理 広島市			
油そば 広島市			
油淋鶏 広島市			
海鮮丼 広島市			
海鮮料理 広島市			
火鍋 広島市			
焼きそば 広島市			
焼き魚定食 広島市			
焼き鳥 広島市			
焼肉 広島市			
牛すじ煮込み 広島市			
牛タン焼き 広島市			
牛丼 広島市			
牡蠣料理 広島市			
生姜焼き 広島市			
素麺 広島市			
蟹料理 広島市			
親子丼 広島市			
豚骨ラーメン 広島市			
酢豚 広島市			
釜飯 広島市			
鉄板焼き 広島市			
鍋料理 広島市			
韓国フライドチキン 広島市			
韓国料理 広島市			
餃子 広島市			
鰹のタタキ 広島市			
麻婆豆腐 広島市			
あじの開き 高松市			
うどん 高松市			
おでん 高松市			
お好み焼き 高松市			
かき氷 高松市			
さば塩焼き 高松市			
しゃぶしゃぶ 高松市			
すき焼き 高松市			
そば 高松市			
たこ焼き 高松市			
ちゃんぽん 高松市			
つけ麺 高松市			
とんかつ 高松市			
まぜそば 高松市			
もつ鍋 高松市			
もんじゃ焼き 高松市			
やきとん 高松市			
アイスクリーム 高松市			
アクアパッツア 高松市			
アサイーボウル 高松市			
アフタヌーン 高松市			
イタリアン 高松市			
インドカレー 高松市			
ウナギ 高松市			
エッグベネディクト 高松市			
エビチリ 高松市			
エビフライ 高松市			
エビマヨ 高松市			
オムライス 高松市			
カツ丼 高松市			
カフェ 高松市			
カルパッチョ 高松市			
カルボナーラ 高松市			
カレー 高松市			
カレーうどん 高松市			
キッシュ 高松市			
キムチチゲ 高松市			
キーマカレー 高松市			
クリームシチュー 高松市			
クレープ 高松市			
グラタン 高松市			
ケーキ 高松市			
サラダボウル 高松市			
サンドイッチ 高松市			
ショートケーキ 高松市			
ジェラート 高松市			
ステーキ 高松市			
スペイン料理 高松市			
スンドゥブ 高松市			
ソフトクリーム 高松市			
タイ料理 高松市			
タコライス 高松市			
タルト 高松市			
チキン南蛮 高松市			
チャーハン 高松市			
チンジャオロース 高松市			
チーズケーキ 高松市			
チーズタッカルビ 高松市			
チーズバーガー 高松市			
トースト 高松市			
ドリア 高松市			
ナポリタン 高松市			
ハヤシライス 高松市			
ハンバーガー 高松市			
ハンバーグ 高松市			
パエリア 高松市			
パスタ 高松市			
パフェ 高松市			
パンケーキ 高松市			
ビビンバ 高松市			
ビーフシチュー 高松市			
ピザ 高松市			
ピラフ 高松市			
フォー 高松市			
フライドチキン 高松市			
フルーツサンド 高松市			
フレンチ 高松市			
フレンチトースト 高松市			
プリンアラモード 高松市			
ベトナム料理 高松市			
ペペロンチーノ 高松市			
ホットドッグ 高松市			
ホルモン焼き 高松市			
ラーメン 高松市			
リゾット 高松市			
ワッフル 高松市			
中華料理 高松市			
串カツ 高松市			
冷やし中華 高松市			
刺身定食 高松市			
刺身盛り合わせ 高松市			
味噌ラーメン 高松市			
和食 高松市			
唐揚げ 高松市			
四川料理 高松市			
回鍋肉 高松市			
塩ラーメン 高松市			
天ぷら 高松市			
天丼 高松市			
天津飯 高松市			
定食 高松市			
寿司 高松市			
居酒屋 高松市			
懐石料理 高松市			
手羽先唐揚げ 高松市			
担担麺 高松市			
沖縄料理 高松市			
油そば 高松市			
油淋鶏 高松市			
海鮮丼 高松市			
海鮮料理 高松市			
火鍋 高松市			
焼きそば 高松市			
焼き魚定食 高松市			
焼き鳥 高松市			
焼肉 高松市			
牛すじ煮込み 高松市			
牛タン焼き 高松市			
牛丼 高松市			
牡蠣料理 高松市			
生姜焼き 高松市			
素麺 高松市			
蟹料理 高松市			
親子丼 高松市			
豚骨ラーメン 高松市			
酢豚 高松市			
釜飯 高松市			
鉄板焼き 高松市			
鍋料理 高松市			
韓国フライドチキン 高松市			
韓国料理 高松市			
餃子 高松市			
鰹のタタキ 高松市			
麻婆豆腐 高松市			
あじの開き 福岡市			
うどん 福岡市			
おでん 福岡市			
お好み焼き 福岡市			
かき氷 福岡市			
さば塩焼き 福岡市			
しゃぶしゃぶ 福岡市			
すき焼き 福岡市			
そば 福岡市			
たこ焼き 福岡市			
ちゃんぽん 福岡市			
つけ麺 福岡市			
とんかつ 福岡市			
まぜそば 福岡市			
もつ鍋 福岡市			
もんじゃ焼き 福岡市			
やきとん 福岡市			
アイスクリーム 福岡市			
アクアパッツア 福岡市			
アサイーボウル 福岡市			
アフタヌーン 福岡市			
イタリアン 福岡市			
インドカレー 福岡市			
ウナギ 福岡市			
エッグベネディクト 福岡市			
エビチリ 福岡市			
エビフライ 福岡市			
エビマヨ 福岡市			
オムライス 福岡市			
カツ丼 福岡市			
カフェ 福岡市			
カルパッチョ 福岡市			
カルボナーラ 福岡市			
カレー 福岡市			
カレーうどん 福岡市			
キッシュ 福岡市			
キムチチゲ 福岡市			
キーマカレー 福岡市			
クリームシチュー 福岡市			
クレープ 福岡市			
グラタン 福岡市			
ケーキ 福岡市			
サラダボウル 福岡市			
サンドイッチ 福岡市			
ショートケーキ 福岡市			
ジェラート 福岡市			
ステーキ 福岡市			
スペイン料理 福岡市			
スンドゥブ 福岡市			
ソフトクリーム 福岡市			
タイ料理 福岡市			
タコライス 福岡市			
タルト 福岡市			
チキン南蛮 福岡市			
チャーハン 福岡市			
チンジャオロース 福岡市			
チーズケーキ 福岡市			
チーズタッカルビ 福岡市			
チーズバーガー 福岡市			
トースト 福岡市			
ドリア 福岡市			
ナポリタン 福岡市			
ハヤシライス 福岡市			
ハンバーガー 福岡市			
ハンバーグ 福岡市			
パエリア 福岡市			
パスタ 福岡市			
パフェ 福岡市			
パンケーキ 福岡市			
ビビンバ 福岡市			
ビーフシチュー 福岡市			
ピザ 福岡市			
ピラフ 福岡市			
フォー 福岡市			
フライドチキン 福岡市			
フルーツサンド 福岡市			
フレンチ 福岡市			
フレンチトースト 福岡市			
プリンアラモード 福岡市			
ベトナム料理 福岡市			
ペペロンチーノ 福岡市			
ホットドッグ 福岡市			
ホルモン焼き 福岡市			
ラーメン 福岡市			
リゾット 福岡市			
ワッフル 福岡市			
中華料理 福岡市			
串カツ 福岡市			
冷やし中華 福岡市			
刺身定食 福岡市			
刺身盛り合わせ 福岡市			
味噌ラーメン 福岡市			
和食 福岡市			
唐揚げ 福岡市			
四川料理 福岡市			
回鍋肉 福岡市			
塩ラーメン 福岡市			
天ぷら 福岡市			
天丼 福岡市			
天津飯 福岡市			
定食 福岡市			
寿司 福岡市			
居酒屋 福岡市			
懐石料理 福岡市			
手羽先唐揚げ 福岡市			
担担麺 福岡市			
沖縄料理 福岡市			
油そば 福岡市			
油淋鶏 福岡市			
海鮮丼 福岡市			
海鮮料理 福岡市			
火鍋 福岡市			
焼きそば 福岡市			
焼き魚定食 福岡市			
焼き鳥 福岡市			
焼肉 福岡市			
牛すじ煮込み 福岡市			
牛タン焼き 福岡市			
牛丼 福岡市			
牡蠣料理 福岡市			
生姜焼き 福岡市			
素麺 福岡市			
蟹料理 福岡市			
親子丼 福岡市			
豚骨ラーメン 福岡市			
酢豚 福岡市			
釜飯 福岡市			
鉄板焼き 福岡市			
鍋料理 福岡市			
韓国フライドチキン 福岡市			
韓国料理 福岡市			
餃子 福岡市			
鰹のタタキ 福岡市			
麻婆豆腐 福岡市			
あじの開き 熊本市			
うどん 熊本市			
おでん 熊本市			
お好み焼き 熊本市			
かき氷 熊本市			
さば塩焼き 熊本市			
しゃぶしゃぶ 熊本市			
すき焼き 熊本市			
そば 熊本市			
たこ焼き 熊本市			
ちゃんぽん 熊本市			
つけ麺 熊本市			
とんかつ 熊本市			
まぜそば 熊本市			
もつ鍋 熊本市			
もんじゃ焼き 熊本市			
やきとん 熊本市			
アイスクリーム 熊本市			
アクアパッツア 熊本市			
アサイーボウル 熊本市			
アフタヌーン 熊本市			
イタリアン 熊本市			
インドカレー 熊本市			
ウナギ 熊本市			
エッグベネディクト 熊本市			
エビチリ 熊本市			
エビフライ 熊本市			
エビマヨ 熊本市			
オムライス 熊本市			
カツ丼 熊本市			
カフェ 熊本市			
カルパッチョ 熊本市			
カルボナーラ 熊本市			
カレー 熊本市			
カレーうどん 熊本市			
キッシュ 熊本市			
キムチチゲ 熊本市			
キーマカレー 熊本市			
クリームシチュー 熊本市			
クレープ 熊本市			
グラタン 熊本市			
ケーキ 熊本市			
サラダボウル 熊本市			
サンドイッチ 熊本市			
ショートケーキ 熊本市			
ジェラート 熊本市			
ステーキ 熊本市			
スペイン料理 熊本市			
スンドゥブ 熊本市			
ソフトクリーム 熊本市			
タイ料理 熊本市			
タコライス 熊本市			
タルト 熊本市			
チキン南蛮 熊本市			
チャーハン 熊本市			
チンジャオロース 熊本市			
チーズケーキ 熊本市			
チーズタッカルビ 熊本市			
チーズバーガー 熊本市			
トースト 熊本市			
ドリア 熊本市			
ナポリタン 熊本市			
ハヤシライス 熊本市			
ハンバーガー 熊本市			
ハンバーグ 熊本市			
パエリア 熊本市			
パスタ 熊本市			
パフェ 熊本市			
パンケーキ 熊本市			
ビビンバ 熊本市			
ビーフシチュー 熊本市			
ピザ 熊本市			
ピラフ 熊本市			
フォー 熊本市			
フライドチキン 熊本市			
フルーツサンド 熊本市			
フレンチ 熊本市			
フレンチトースト 熊本市			
プリンアラモード 熊本市			
ベトナム料理 熊本市			
ペペロンチーノ 熊本市			
ホットドッグ 熊本市			
ホルモン焼き 熊本市			
ラーメン 熊本市			
リゾット 熊本市			
ワッフル 熊本市			
中華料理 熊本市			
串カツ 熊本市			
冷やし中華 熊本市			
刺身定食 熊本市			
刺身盛り合わせ 熊本市			
味噌ラーメン 熊本市			
和食 熊本市			
唐揚げ 熊本市			
四川料理 熊本市			
回鍋肉 熊本市			
塩ラーメン 熊本市			
天ぷら 熊本市			
天丼 熊本市			
天津飯 熊本市			
定食 熊本市			
寿司 熊本市			
居酒屋 熊本市			
懐石料理 熊本市			
手羽先唐揚げ 熊本市			
担担麺 熊本市			
沖縄料理 熊本市			
油そば 熊本市			
油淋鶏 熊本市			
海鮮丼 熊本市			
海鮮料理 熊本市			
火鍋 熊本市			
焼きそば 熊本市			
焼き魚定食 熊本市			
焼き鳥 熊本市			
焼肉 熊本市			
牛すじ煮込み 熊本市			
牛タン焼き 熊本市			
牛丼 熊本市			
牡蠣料理 熊本市			
生姜焼き 熊本市			
素麺 熊本市			
蟹料理 熊本市			
親子丼 熊本市			
豚骨ラーメン 熊本市			
酢豚 熊本市			
釜飯 熊本市			
鉄板焼き 熊本市			
鍋料理 熊本市			
韓国フライドチキン 熊本市			
韓国料理 熊本市			
餃子 熊本市			
鰹のタタキ 熊本市			
麻婆豆腐 熊本市			
あじの開き 那覇市			
うどん 那覇市			
おでん 那覇市			
お好み焼き 那覇市			
かき氷 那覇市			
さば塩焼き 那覇市			
しゃぶしゃぶ 那覇市			
すき焼き 那覇市			
そば 那覇市			
たこ焼き 那覇市			
ちゃんぽん 那覇市			
つけ麺 那覇市			
とんかつ 那覇市			
まぜそば 那覇市			
もつ鍋 那覇市			
もんじゃ焼き 那覇市			
やきとん 那覇市			
アイスクリーム 那覇市			
アクアパッツア 那覇市			
アサイーボウル 那覇市			
アフタヌーン 那覇市			
イタリアン 那覇市			
インドカレー 那覇市			
ウナギ 那覇市			
エッグベネディクト 那覇市			
エビチリ 那覇市			
エビフライ 那覇市			
エビマヨ 那覇市			
オムライス 那覇市			
カツ丼 那覇市			
カフェ 那覇市			
カルパッチョ 那覇市			
カルボナーラ 那覇市			
カレー 那覇市			
カレーうどん 那覇市			
キッシュ 那覇市			
キムチチゲ 那覇市			
キーマカレー 那覇市			
クリームシチュー 那覇市			
クレープ 那覇市			
グラタン 那覇市			
ケーキ 那覇市			
サラダボウル 那覇市			
サンドイッチ 那覇市			
ショートケーキ 那覇市			
ジェラート 那覇市			
ステーキ 那覇市			
スペイン料理 那覇市			
スンドゥブ 那覇市			
ソフトクリーム 那覇市			
タイ料理 那覇市			
タコライス 那覇市			
タルト 那覇市			
チキン南蛮 那覇市			
チャーハン 那覇市			
チンジャオロース 那覇市			
チーズケーキ 那覇市			
チーズタッカルビ 那覇市			
チーズバーガー 那覇市			
トースト 那覇市			
ドリア 那覇市			
ナポリタン 那覇市			
ハヤシライス 那覇市			
ハンバーガー 那覇市			
ハンバーグ 那覇市			
パエリア 那覇市			
パスタ 那覇市			
パフェ 那覇市			
パンケーキ 那覇市			
ビビンバ 那覇市			
ビーフシチュー 那覇市			
ピザ 那覇市			
ピラフ 那覇市			
フォー 那覇市			
フライドチキン 那覇市			
フルーツサンド 那覇市			
フレンチ 那覇市			
フレンチトースト 那覇市			
プリンアラモード 那覇市			
ベトナム料理 那覇市			
ペペロンチーノ 那覇市			
ホットドッグ 那覇市			
ホルモン焼き 那覇市			
ラーメン 那覇市			
リゾット 那覇市			
ワッフル 那覇市			
中華料理 那覇市			
串カツ 那覇市			
冷やし中華 那覇市			
刺身定食 那覇市			
刺身盛り合わせ 那覇市			
味噌ラーメン 那覇市			
和食 那覇市			
唐揚げ 那覇市			
四川料理 那覇市			
回鍋肉 那覇市			
塩ラーメン 那覇市			
天ぷら 那覇市			
天丼 那覇市			
天津飯 那覇市			
定食 那覇市			
寿司 那覇市			
居酒屋 那覇市			
懐石料理 那覇市			
手羽先唐揚げ 那覇市			
担担麺 那覇市			
沖縄料理 那覇市			
油そば 那覇市			
油淋鶏 那覇市			
海鮮丼 那覇市			
海鮮料理 那覇市			
火鍋 那覇市			
焼きそば 那覇市			
焼き魚定食 那覇市			
焼き鳥 那覇市			
焼肉 那覇市			
牛すじ煮込み 那覇市			
牛タン焼き 那覇市			
牛丼 那覇市			
牡蠣料理 那覇市			
生姜焼き 那覇市			
素麺 那覇市			
蟹料理 那覇市			
親子丼 那覇市			
豚骨ラーメン 那覇市			
酢豚 那覇市			
釜飯 那覇市			
鉄板焼き 那覇市			
鍋料理 那覇市			
韓国フライドチキン 那覇市			
韓国料理 那覇市			
餃子 那覇市			
鰹のタタキ 那覇市			
麻婆豆腐 那覇市			
あじの開き 新潟市			
うどん 新潟市			
おでん 新潟市			
お好み焼き 新潟市			
かき氷 新潟市			
さば塩焼き 新潟市			
しゃぶしゃぶ 新潟市			
すき焼き 新潟市			
そば 新潟市			
たこ焼き 新潟市			
ちゃんぽん 新潟市			
つけ麺 新潟市			
とんかつ 新潟市			
まぜそば 新潟市			
もつ鍋 新潟市			
もんじゃ焼き 新潟市			
やきとん 新潟市			
アイスクリーム 新潟市			
アクアパッツア 新潟市			
アサイーボウル 新潟市			
アフタヌーン 新潟市			
イタリアン 新潟市			
インドカレー 新潟市			
ウナギ 新潟市			
エッグベネディクト 新潟市			
エビチリ 新潟市			
エビフライ 新潟市			
エビマヨ 新潟市			
オムライス 新潟市			
カツ丼 新潟市			
カフェ 新潟市			
カルパッチョ 新潟市			
カルボナーラ 新潟市			
カレー 新潟市			
カレーうどん 新潟市			
キッシュ 新潟市			
キムチチゲ 新潟市			
キーマカレー 新潟市			
クリームシチュー 新潟市			
クレープ 新潟市			
グラタン 新潟市			
ケーキ 新潟市			
サラダボウル 新潟市			
サンドイッチ 新潟市			
ショートケーキ 新潟市			
ジェラート 新潟市			
ステーキ 新潟市			
スペイン料理 新潟市			
スンドゥブ 新潟市			
ソフトクリーム 新潟市			
タイ料理 新潟市			
タコライス 新潟市			
タルト 新潟市			
チキン南蛮 新潟市			
チャーハン 新潟市			
チンジャオロース 新潟市			
チーズケーキ 新潟市			
チーズタッカルビ 新潟市			
チーズバーガー 新潟市			
トースト 新潟市			
ドリア 新潟市			
ナポリタン 新潟市			
ハヤシライス 新潟市			
ハンバーガー 新潟市			
ハンバーグ 新潟市			
パエリア 新潟市			
パスタ 新潟市			
パフェ 新潟市			
パンケーキ 新潟市			
ビビンバ 新潟市			
ビーフシチュー 新潟市			
ピザ 新潟市			
ピラフ 新潟市			
フォー 新潟市			
フライドチキン 新潟市			
フルーツサンド 新潟市			
フレンチ 新潟市			
フレンチトースト 新潟市			
プリンアラモード 新潟市			
ベトナム料理 新潟市			
ペペロンチーノ 新潟市			
ホットドッグ 新潟市			
ホルモン焼き 新潟市			
ラーメン 新潟市			
リゾット 新潟市			
ワッフル 新潟市			
中華料理 新潟市			
串カツ 新潟市			
冷やし中華 新潟市			
刺身定食 新潟市			
刺身盛り合わせ 新潟市			
味噌ラーメン 新潟市			
和食 新潟市			
唐揚げ 新潟市			
四川料理 新潟市			
回鍋肉 新潟市			
塩ラーメン 新潟市			
天ぷら 新潟市			
天丼 新潟市			
天津飯 新潟市			
定食 新潟市			
寿司 新潟市			
居酒屋 新潟市			
懐石料理 新潟市			
手羽先唐揚げ 新潟市			
担担麺 新潟市			
沖縄料理 新潟市			
油そば 新潟市			
油淋鶏 新潟市			
海鮮丼 新潟市			
海鮮料理 新潟市			
火鍋 新潟市			
焼きそば 新潟市			
焼き魚定食 新潟市			
焼き鳥 新潟市			
焼肉 新潟市			
牛すじ煮込み 新潟市			
牛タン焼き 新潟市			
牛丼 新潟市			
牡蠣料理 新潟市			
生姜焼き 新潟市			
素麺 新潟市			
蟹料理 新潟市			
親子丼 新潟市			
豚骨ラーメン 新潟市			
酢豚 新潟市			
釜飯 新潟市			
鉄板焼き 新潟市			
鍋料理 新潟市			
韓国フライドチキン 新潟市			
韓国料理 新潟市			
餃子 新潟市			
鰹のタタキ 新潟市			
麻婆豆腐 新潟市			
