region	city	category_label	category_qid	candidate_stores	of_which_ig_handle_known
三重県	伊勢市	うどん	Q471861	4	0
三重県	四日市	中華料理	Q10876842	1	0
三重県	松阪市	かき氷	Q7491078	1	1
三重県	松阪市	ケーキ	Q13276	1	0
三重県	津市	ラーメン	Q234646	3	1
三重県	鈴鹿市	ラーメン	Q234646	8	3
京都府	亀岡市	カフェ	Q30022	8	1
京都府	京都市	しゃぶしゃぶ	Q1061856	3	0
京都府	京都市	ステーキ	Q10859394	16	2
京都府	京都市	パンケーキ	Q44541	1	1
佐賀県	佐賀市	ハンバーグ	Q16983167	2	0
佐賀県	佐賀市	ラーメン	Q234646	12	4
佐賀県	唐津市	寿司	Q46383	6	0
兵庫県	宝塚市	カフェ	Q30022	4	0
兵庫県	尼崎市	パスタ	Q178	2	1
兵庫県	明石市	アイスクリーム	Q13233	1	1
兵庫県	淡路市	寿司	Q46383	3	0
兵庫県	神戸市	唐揚げ	Q1104399	1	0
兵庫県	神戸市	餃子	Q107014807	27	2
兵庫県	神戸市	餃子	Q640769	27	2
兵庫県	西宮市	ピザ	Q177	4	3
兵庫県	西宮市	焼肉	Q2431975	16	2
兵庫県	赤穂市	カフェ	Q30022	2	1
北海道	帯広市	ラーメン	Q234646	8	0
北海道	帯広市	居酒屋	Q1193068	12	0
北海道	札幌市	かき氷	Q905204	1	0
北海道	札幌市	しゃぶしゃぶ	Q1061856	9	3
北海道	札幌市	ピザ	Q177	7	1
北海道	江別市	カフェ	Q30022	6	1
千葉県	千葉市	うどん	Q471861	4	1
千葉県	君津市	ラーメン	Q234646	9	0
千葉県	松戸市	とんかつ	Q1142841	1	1
千葉県	松戸市	パスタ	Q178	2	0
千葉県	松戸市	寿司	Q46383	11	5
千葉県	柏市	カフェ	Q30022	19	1
千葉県	流山市	カフェ	Q30022	8	1
千葉県	船橋市	そば	Q753910	8	1
千葉県	船橋市	カフェ	Q30022	23	1
和歌山県	西牟婁郡白浜町	カフェ	Q30022	3	0
埼玉県	さいたま市	イタリアン	Q192786	4	1
埼玉県	さいたま市	ラーメン	Q234646	34	6
埼玉県	川口市	焼肉	Q2431975	21	2
埼玉県	志木市	カフェ	Q30022	1	0
埼玉県	新座市	うどん	Q471861	2	1
埼玉県	春日部市	カフェ	Q30022	5	1
埼玉県	熊谷市	定食	Q117231375	1	0
大分県	別府市	ラーメン	Q234646	8	0
大分県	別府市	寿司	Q46383	4	0
大分県	別府市	居酒屋	Q1193068	15	0
大分県	大分市	お好み焼き	Q701075	2	0
大分県	大分市	とんかつ	Q1142841	2	0
大分県	大分市	ケーキ	Q13276	2	0
大分県	大分市	和食	Q234138	4	0
大阪府	八尾市	和食	Q234138	5	0
大阪府	大阪市	ハンバーガー	Q6663	2	1
大阪府	大阪市	フレンチトースト	Q197973	1	0
大阪府	大阪市	海鮮丼	Q1394677	1	1
大阪府	大阪市	鉄板焼き	Q431640	11	0
大阪府	東大阪市	ラーメン	Q234646	17	4
大阪府	泉大津市	カフェ	Q30022	2	0
大阪府	豊中市	カフェ	Q30022	7	0
大阪府	高槻市	カレー	Q164606	4	0
奈良県	奈良市	イタリアン	Q192786	1	0
奈良県	奈良市	ケーキ	Q13276	1	1
奈良県	橿原市	ラーメン	Q234646	4	1
宮城県	仙台市	ナポリタン	Q65241114	1	0
宮城県	仙台市	油そば	Q96095589	3	1
宮城県	仙台市	韓国料理	Q647500	1	0
宮城県	仙台市	餃子	Q107014807	11	1
宮崎県	宮崎市	うどん	Q471861	22	1
富山県	富山市	イタリアン	Q192786	2	1
富山県	富山市	パスタ	Q178	1	0
富山県	富山市	焼き鳥	Q483163	1	0
富山県	射水市	居酒屋	Q1193068	5	0
山口県	下関市	寿司	Q46383	12	1
山形県	天童市	そば	Q753910	8	0
山形県	山形市	焼き鳥	Q483163	3	0
山形県	鶴岡市	カフェ	Q30022	3	1
山梨県	南都留郡富士河口湖町	カフェ	Q30022	6	0
山梨県	甲府市	カレー	Q164606	4	2
山梨県	甲府市	和食	Q234138	2	0
山梨県	甲府市	定食	Q117231375	2	0
岐阜県	各務原市	カフェ	Q30022	7	1
岐阜県	岐阜市	そば	Q753910	10	0
岐阜県	岐阜市	とんかつ	Q1142841	1	0
岐阜県	岐阜市	イタリアン	Q192786	2	0
岐阜県	岐阜市	焼肉	Q2431975	22	6
岡山県	倉敷市	とんかつ	Q1142841	1	1
岡山県	倉敷市	アイスクリーム	Q13233	2	1
岡山県	倉敷市	イタリアン	Q192786	1	0
岡山県	倉敷市	カレー	Q164606	3	2
岡山県	岡山市	サンドイッチ	Q111836983	1	0
岡山県	玉野市	カフェ	Q30022	5	0
岩手県	一関市	カフェ	Q30022	8	0
岩手県	滝沢市	カフェ	Q30022	1	0
岩手県	盛岡市	うどん	Q471861	3	1
岩手県	盛岡市	ハンバーグ	Q16983167	2	0
岩手県	盛岡市	寿司	Q46383	15	1
岩手県	紫波郡矢巾町	カフェ	Q30022	1	0
岩手県	花巻市	カフェ	Q30022	3	1
島根県	松江市	カフェ	Q30022	14	0
広島県	尾道市	ラーメン	Q234646	10	0
広島県	広島市	しゃぶしゃぶ	Q1061856	3	1
広島県	広島市	つけ麺	Q17605220	11	2
広島県	広島市	ピザ	Q177	5	2
広島県	広島市	天ぷら	Q328709	6	0
広島県	広島市	焼き鳥	Q483163	4	1
広島県	広島市	焼肉	Q844466	61	2
広島県	広島市	韓国料理	Q647500	3	0
広島県	東広島市	焼肉	Q2431975	10	1
広島県	福山市	ラーメン	Q234646	29	2
徳島県	徳島市	寿司	Q46383	4	0
徳島県	阿南市	カフェ	Q30022	4	0
愛媛県	東温市	カフェ	Q30022	5	0
愛媛県	松山市	ピザ	Q177	10	1
愛媛県	松山市	焼き鳥	Q483163	6	0
愛媛県	松山市	焼肉	Q844466	36	2
愛知県	名古屋市	かき氷	Q905204	1	0
愛知県	名古屋市	つけ麺	Q17605220	7	1
愛知県	名古屋市	アイスクリーム	Q13233	7	6
愛知県	岡崎市	ステーキ	Q10859394	2	1
愛知県	岡崎市	唐揚げ	Q1104399	1	1
愛知県	岡崎市	居酒屋	Q1193068	5	2
愛知県	日進市	カフェ	Q30022	2	0
愛知県	豊明市	カフェ	Q30022	3	0
東京都	世田谷区	クレープ	Q12200	2	1
東京都	世田谷区	ステーキ	Q10859394	6	2
東京都	世田谷区	ピザ	Q177	10	8
東京都	中央区	イタリアン	Q192786	5	0
東京都	中野区	アイスクリーム	Q13233	1	0
東京都	中野区	焼肉	Q2431975	14	0
東京都	八王子市	おでん	Q655040	1	0
東京都	八王子市	パスタ	Q178	3	1
東京都	八王子市	定食	Q117231375	1	0
東京都	千代田区	寿司	Q46383	19	7
東京都	千代田区	焼き鳥	Q483163	3	1
東京都	台東区	ケーキ	Q13276	2	0
東京都	台東区	和食	Q234138	6	1
東京都	台東区	寿司	Q46383	20	2
東京都	品川区	寿司	Q46383	13	3
東京都	品川区	居酒屋	Q1193068	32	2
東京都	国分寺市	カフェ	Q30022	9	6
東京都	墨田区	寿司	Q46383	11	1
東京都	小平市	カフェ	Q30022	6	2
東京都	新宿区	うどん	Q471861	10	5
東京都	杉並区	パスタ	Q178	1	1
東京都	武蔵野市	パンケーキ	Q44541	1	1
東京都	江戸川区	居酒屋	Q1193068	26	1
東京都	江東区	焼肉	Q2431975	22	4
東京都	渋谷区	タイ料理	Q841984	2	1
東京都	渋谷区	ハンバーグ	Q16983167	4	0
東京都	渋谷区	焼き鳥	Q483163	5	0
東京都	港区	ハンバーグ	Q16983167	3	1
東京都	港区	寿司	Q46383	38	6
東京都	目黒区	ステーキ	Q10859394	6	0
東京都	目黒区	パスタ	Q178	2	1
東京都	目黒区	ラーメン	Q234646	6	0
東京都	立川市	居酒屋	Q1193068	13	0
東京都	練馬区	カフェ	Q30022	18	1
東京都	葛飾区	カフェ	Q30022	14	1
東京都	豊島区	アイスクリーム	Q13233	1	1
東京都	豊島区	ラーメン	Q234646	20	2
東京都	豊島区	焼肉	Q2431975	31	3
栃木県	宇都宮市	居酒屋	Q1193068	49	1
栃木県	日光市	カフェ	Q30022	9	2
栃木県	栃木市	カフェ	Q30022	5	0
栃木県	足利市	カフェ	Q30022	4	0
栃木県	那須塩原市	ラーメン	Q234646	7	0
沖縄県	南城市	カフェ	Q30022	1	1
沖縄県	沖縄市	定食	Q117231375	1	0
沖縄県	浦添市	ラーメン	Q234646	2	1
沖縄県	那覇市	寿司	Q46383	9	0
滋賀県	草津市	焼肉	Q844466	3	0
滋賀県	近江八幡市	カフェ	Q30022	2	2
滋賀県	近江八幡市	居酒屋	Q1193068	1	0
熊本県	熊本市	うどん	Q471861	9	1
熊本県	熊本市	お好み焼き	Q701075	4	0
熊本県	熊本市	アイスクリーム	Q13233	5	2
熊本県	熊本市	カレー	Q164606	6	0
熊本県	熊本市	焼き鳥	Q483163	4	0
石川県	白山市	そば	Q753910	3	1
石川県	金沢市	うどん	Q471861	5	2
石川県	金沢市	パスタ	Q178	2	0
石川県	金沢市	天ぷら	Q328709	1	0
神奈川県	厚木市	ラーメン	Q234646	9	3
神奈川県	大和市	カフェ	Q30022	3	1
神奈川県	大和市	居酒屋	Q1193068	13	0
神奈川県	川崎市	アイスクリーム	Q13233	1	0
神奈川県	川崎市	パスタ	Q178	2	0
神奈川県	川崎市	寿司	Q46383	42	8
神奈川県	川崎市	焼き鳥	Q483163	5	0
神奈川県	横浜市	うどん	Q471861	11	1
神奈川県	横浜市	かき氷	Q7491078	1	0
神奈川県	横浜市	とんかつ	Q1142841	18	1
神奈川県	横浜市	フレンチ	Q6661	1	1
神奈川県	横浜市	寿司	Q46383	91	19
神奈川県	横須賀市	ケーキ	Q13276	2	0
神奈川県	横須賀市	ラーメン	Q234646	16	0
神奈川県	秦野市	カフェ	Q30022	3	0
神奈川県	藤沢市	ラーメン	Q234646	13	2
福井県	福井市	カレー	Q164606	2	0
福井県	福井市	ステーキ	Q10859394	3	0
福井県	越前市	カフェ	Q30022	5	1
福岡県	久留米市	うどん	Q471861	18	2
福岡県	久留米市	ラーメン	Q234646	36	4
福岡県	北九州市	ケーキ	Q13276	4	1
福岡県	北九州市	唐揚げ	Q1104399	3	0
福岡県	北九州市	焼き鳥	Q483163	16	0
福岡県	北九州市	焼肉	Q844466	74	12
福岡県	北九州市	韓国料理	Q647500	2	0
福岡県	宗像市	寿司	Q46383	2	0
福岡県	福岡市	ジェラート	Q1362405	2	1
福岡県	福岡市	串カツ	Q1185709	5	5
福岡県	福岡市	天丼	Q1045248	1	1
福岡県	福岡市	麻婆豆腐	Q1298577	1	0
福岡県	糸島市	カフェ	Q30022	4	0
福島県	いわき市	カフェ	Q30022	16	4
秋田県	由利本荘市	カフェ	Q30022	4	0
秋田県	秋田市	ケーキ	Q13276	2	0
秋田県	秋田市	パスタ	Q178	1	1
秋田県	秋田市	焼肉	Q2431975	11	3
群馬県	前橋市	ケーキ	Q13276	1	0
群馬県	前橋市	ラーメン	Q234646	15	1
群馬県	前橋市	寿司	Q46383	11	2
群馬県	太田市	居酒屋	Q1193068	14	0
群馬県	高崎市	うどん	Q471861	10	2
群馬県	高崎市	ハンバーグ	Q16983167	1	0
群馬県	高崎市	居酒屋	Q1193068	21	2
茨城県	日立市	カフェ	Q30022	5	1
長崎県	大村	カフェ	Q30022	2	0
長崎県	長崎市	イタリアン	Q192786	4	0
長崎県	長崎市	サンドイッチ	Q111836983	1	0
長崎県	長崎市	ラーメン	Q234646	14	0
長野県	松本市	パスタ	Q178	1	1
長野県	松本市	居酒屋	Q1193068	18	0
長野県	諏訪市	カフェ	Q30022	3	1
青森県	むつ市	ラーメン	Q234646	2	0
青森県	八戸市	カフェ	Q30022	7	1
青森県	十和田市	ラーメン	Q234646	3	0
静岡県	富士市	カフェ	Q30022	9	4
静岡県	沼津市	居酒屋	Q1193068	8	0
静岡県	沼津市	餃子	Q107014807	1	0
静岡県	浜松市	和食	Q234138	6	1
静岡県	浜松市	餃子	Q107014807	9	2
静岡県	湖西市	カフェ	Q30022	1	0
静岡県	静岡市	そば	Q753910	41	1
香川県	観音寺市	カフェ	Q30022	4	0
香川県	高松市	寿司	Q46383	10	2
高知県	高知市	パスタ	Q178	2	0
高知県	高知市	ラーメン	Q234646	15	3
鳥取県	鳥取市	ラーメン	Q234646	6	0
鳥取県	鳥取市	焼肉	Q2431975	15	2
鳥取県	鳥取市	焼肉	Q844466	15	2
鹿児島県	鹿児島市	アイスクリーム	Q13233	2	2
鹿児島県	鹿児島市	中華料理	Q10876842	2	0
鹿児島県	鹿児島市	焼き鳥	Q483163	1	0
