seed_id,name,name_query,address_query,address_quality,latitude,longitude,postcode,freeform,locality,basic_category,confidence,websites
neg:634a0f36-138f-4163-ab11-16e25e2c2843:2ce0a549-1d6d-440c-a01f-4771b08714a3,麺屋時茂,麺屋時茂,〒869-2235 熊本県,prefecture_and_postcode,32.94831085205078,131.009033203125,869-2235,熊本県,阿蘇市,cafe,0.7910774946212769,
neg:78107c76-4ecc-4c2d-b05e-c961bc655e25:ba8a2380-6ac8-40dd-a27f-6af3b2fa0259,や台ずし 湊川町,や台ずし 湊川町,〒156-0044 赤堤5-31-3,postcode_and_partial,35.66542625427246,139.6385726928711,156-0044,赤堤5-31-3,世田谷区,bar,0.983468645811081,
neg:0cbb16fa-e0ff-4cd1-aa14-be16ba6f8301:13b7a32b-57e7-4c94-9003-fe8604abe922,伊吹そば,伊吹そば,〒001-0014 北海道札幌市北区北14条西3丁目1−17,prefecture_and_postcode,43.07735252380371,141.34796905517578,001-0014,北海道札幌市北区北１４条西３丁目１−１７,札幌市北区,restaurant,0.9447154998779297,
neg:e6cebe29-09e0-4e92-9da2-327b87550582:9b6e7047-0137-4a86-a1ae-9b02a09b777f,Roi et Reine,Roi et Reine,埼玉県さいたま市見沼区東新井294−1,prefecture_only,35.90893363952637,139.67008209228516,,埼玉県さいたま市見沼区東新井２９４−１,さいたま市見沼区,restaurant,0.9683570849895478,
neg:1aab5874-5ecb-4545-a454-d087a5fd103b:6ea10109-50cf-4667-b797-c8ae060ff94a,VIN Lazo（ヴィンラーソ）,VIN Lazo(ヴィンラーソ),〒891-0102 2 Chome-64-7 Hoshigamine,postcode_and_partial,31.57380485534668,130.4949722290039,891-0102,2 Chome-64-7 Hoshigamine,鹿児島市,restaurant,0.9034789800643921,
neg:aa5231b5-c8be-431d-a412-df5b0b432352:0e571dd0-2cfd-41f0-91f1-e65022f893ec,地鶏専門店 マルエ 天5店,地鶏専門店 マルエ 天5店,〒104-0061 東京都中央区銀座6丁目8−7,prefecture_and_postcode,35.67008399963379,139.76278686523438,104-0061,東京都中央区銀座６丁目８−７,中央区,restaurant,0.44987767934799194,
neg:fdf5a092-42b5-4f2a-a28e-abf2eaf6b9e4:94654737-fda8-49e6-a59d-c0c5f22f022b,銀座アスター 伊勢丹松戸店,銀座アスター 伊勢丹松戸店,〒165-0032 東京都中野区鷺宮3丁目15−12,prefecture_and_postcode,35.72268867492676,139.6394271850586,165-0032,東京都中野区鷺宮３丁目１５−１２,中野区,restaurant,0.9505295753479004,
neg:407039fe-558a-4ef2-beba-e2cb90dc3949:09ac85cd-4a8c-4510-b95b-3dfe655fe16e,Domaine De Mikuni,Domaine De Mikuni,〒116-0013 116-0013東京都荒川区西日暮里2-16-2LIMビル B1F,prefecture_and_postcode,35.73330116271973,139.78299713134766,116-0013, 116-0013東京都荒川区西日暮里2-16-2ＬＩＭビル B1F,荒川区,restaurant,0.6116218566894531,
neg:183f0099-e7fb-4b3a-ba14-ac2fc5d6d3f1:86aa39bf-6d23-4888-b8ff-d568c5887aa1,CAFE くるみの木,CAFE くるみの木,〒956-0027 秋葉区美善2-4-6,postcode_and_partial,37.805511474609375,139.11536407470703,956-0027,秋葉区美善2-4-6,新潟市秋葉区,casual_eatery,0.7670544981956482,
neg:80cbcf43-3548-4f00-b87d-70e57319b2b4:11d4b880-041a-4557-8fa4-8a918a3c4ab4,コーヒースポットなかむら,コーヒースポットなかむら,〒250-0004 神奈川県小田原市浜町1丁目6−46,prefecture_and_postcode,35.25380516052246,139.1624298095703,250-0004,神奈川県小田原市浜町１丁目６−４６,小田原市,restaurant,0.673037588596344,
neg:4734d195-e5bc-4d32-a86d-c1b8e4f78041:1a078b22-9594-42f2-8f0d-847dedab06ae,秋葉らーめん 松風,秋葉らーめん 松風,〒389-1226 川上2755-345,postcode_and_partial,36.74481201171875,138.18892669677734,389-1226,川上2755-345,飯綱町,restaurant,0.77,
neg:9f471eab-5864-4777-bc36-c50c6123db01:8467d982-2980-490b-b6ed-5ebe21f0fc4e,徳本まんじゅう本舗,徳本まんじゅう本舗,〒190-0012 東京都立川市曙町2丁目5−1,prefecture_and_postcode,35.69991493225098,139.413330078125,190-0012,東京都立川市曙町２丁目５−１,立川市,casual_eatery,0.995034287571907,
neg:0efab31d-264e-4cba-9b04-f4665cb3c3c3:e7d9ebce-c2d6-4249-ab63-3a57d22df04d,スパイステーブル,スパイステーブル,〒731-0137 広島県広島市安佐南区山本2丁目13−18,prefecture_and_postcode,34.437368392944336,132.4548568725586,731-0137,広島県広島市安佐南区山本２丁目１３−１８,広島市安佐南区,coffee_shop,0.2955581247806549,
neg:a612b7ec-798b-4118-9be4-23da33dc17ec:23d00e14-f854-411e-a56c-f582d96d911b,Birthday Bar,Birthday Bar,〒277-0053 千葉県柏市酒井根397−3,prefecture_and_postcode,35.82529830932617,139.94998168945312,277-0053,千葉県柏市酒井根３９７−３,柏市,restaurant,0.9895765781402588,
neg:4350da35-9ca3-422b-a88e-3ff58e8d1667:b5c5d90e-41a8-415b-9b36-c4ff34a7cc52,京香園,京香園,〒994-0034 山形県天童市本町1丁目1−2,prefecture_and_postcode,38.35972785949707,140.3699188232422,994-0034,山形県天童市本町１丁目１−２,天童市,restaurant,0.9359261989593506,
neg:0fd4cfb7-57b4-4ebe-95e6-ba439821a097:a9e1faf8-c949-4747-b951-c4f147cd8f03,完全個室焼肉すだく浮世亭,完全個室焼肉すだく浮世亭,〒810-8578 福岡県福岡市中央区大名2丁目4−30,prefecture_and_postcode,33.58891487121582,130.39122772216797,810-8578,福岡県福岡市中央区大名２丁目４−３０,福岡市中央区,restaurant,0.6442840099334717,
neg:ab458254-26a2-4c50-b273-7e1a58e774b1:7853fa90-1cbc-4332-b3c8-2f505b50c1b0,酒肆 あま乃,酒肆 あま乃,"〒465-0032 松坂屋ストア, 1F, 171 Fujigaoka",postcode_and_partial,35.182085037231445,137.02249908447266,465-0032,"松坂屋ストア, 1F, 171 Fujigaoka",名古屋市名東区,restaurant,0.6644233465194702,
neg:0cdf23db-1248-4bdf-bb77-4004f8da48a9:42c76b1e-6cf3-4d80-ba55-705be7cbbbcf,il conne,il conne,〒270-1421 千葉県白井市白井423,prefecture_and_postcode,35.80006980895996,140.06598663330078,270-1421,千葉県白井市白井４２３,白井市,casual_eatery,0.8834909796714783,
neg:0c84d8f1-90de-466c-956d-bb225e000854:a125f47e-7010-4710-a264-bd6f86df6ae7,Bar NOW & THEN,Bar NOW & THEN,〒047-0024 北海道小樽市花園1丁目8−8,prefecture_and_postcode,43.191524505615234,141.00057220458984,047-0024,北海道小樽市花園１丁目８−８,小樽市,restaurant,0.9362078905105591,
neg:f045c8c4-b66d-49e2-a23a-b77329b718c0:26370ee8-2b6a-4548-ac50-e9a2859ce70f,グルメ回転すし 函太郎,グルメ回転すし 函太郎,〒803-0801 3-18 Nishiminatomachi,postcode_and_partial,33.895477294921875,130.86363983154297,803-0801,3-18 Nishiminatomachi,北九州市小倉北区,restaurant,0.9804415702819824,
neg:56bf40e5-5af7-4d12-9523-7a743aae032e:821554bd-0fba-491e-8e92-2a7f2f62713f,居酒屋・元ちゃん,居酒屋・元ちゃん,〒102-0071 東京都千代田区富士見2丁目3−1,prefecture_and_postcode,35.7000617980957,139.74556732177734,102-0071,東京都千代田区富士見２丁目３−１,千代田区,restaurant,0.6600176692008972,
neg:2aaa9f47-9794-429c-8466-0897639e599c:9d3f2818-11c3-45e8-986f-608b364812ab,トンキーモンキー,トンキーモンキー,〒532-0002 大阪府大阪市淀川区東三国5丁目13−15,prefecture_and_postcode,34.74187660217285,135.49327850341797,532-0002,大阪府大阪市淀川区東三国５丁目１３−１５,大阪市淀川区,restaurant,0.36889904737472534,
neg:216e0b33-a4ee-4660-9de6-6f30d8ad8612:a80a6524-c8c8-4212-86ad-aac9d8e13391,Baskin-Robbins,Baskin-Robbins,〒333-0801 埼玉県川口市東川口3丁目8−12,prefecture_and_postcode,35.879220962524414,139.74468231201172,333-0801,埼玉県川口市東川口３丁目８−１２,川口市,restaurant,0.3306073546409607,
neg:5d1bb5fa-1fbc-4ba1-8076-79e4f1651dbc:a1fb0968-7472-4340-8873-81ba0b26a4c6,ガスト,ガスト,〒532-0011 大阪府大阪市淀川区西中島5丁目16−1,prefecture_and_postcode,34.73312187194824,135.50000762939453,532-0011,大阪府大阪市淀川区西中島５丁目１６−１,大阪市淀川区,restaurant,0.9935636335611343,
neg:e5e95275-ca69-4a84-a04c-b87ae5fad4dd:c3f3dec3-b818-40e3-a432-a19afbfebfe8,スパゲッティーのパンチョ,スパゲッティーのパンチョ,〒516-0804 三重県伊勢市御薗町長屋3039,prefecture_and_postcode,34.50451469421387,136.70731353759766,516-0804,三重県伊勢市御薗町長屋３０３９,伊勢市,cafe,0.9952395397424698,
neg:38188f1b-6322-4158-ad2e-7ca950563757:1cc65a53-8d71-4bc1-a095-57ccd92b0fb3,とんかつ 新宿さぼてん 池尻大橋玉川通り店,とんかつ 新宿さぼてん 池尻大橋玉川通り店,〒503-0805 岐阜県大垣市鶴見町207−2,prefecture_and_postcode,35.361337661743164,136.63489532470703,503-0805,岐阜県大垣市鶴見町２０７−２,大垣市,restaurant,0.7299251556396484,
neg:aa507d3e-7a98-4019-9a07-5d64f1844881:a80a6524-c8c8-4212-86ad-aac9d8e13391,Baskin-Robbins,Baskin-Robbins,〒730-0029 広島県広島市中区三川町2−3,prefecture_and_postcode,34.39071083068848,132.46227264404297,730-0029,広島県広島市中区三川町２−３,広島市中区,bar,0.19440583884716034,
neg:b7371b20-eed1-415e-ad20-99741a2b7f23:39d2dec7-7b5d-4ae1-ba0b-a8b6e161944f,カントリー,カントリー,〒371-0018 群馬県前橋市三俣町2丁目9−2,prefecture_and_postcode,36.39913368225098,139.08665466308594,371-0018,群馬県前橋市三俣町２丁目９−２,前橋市,restaurant,0.9606754142045975,
neg:717acb6a-7a02-4534-a1f1-1b8f2349a11d:1b815b7d-b24f-4e48-85f7-cd1c70e0860e,麺屋天王上野店,麺屋天王上野店,〒562-0013 大阪府箕面市坊島3丁目20−8,prefecture_and_postcode,34.83565330505371,135.4839096069336,562-0013,大阪府箕面市坊島３丁目２０−８,箕面市,bar,0.9791918396949768,
neg:9ea3921d-f1a5-4f8f-a1d2-c926de611af7:cb5e3307-266c-493e-bc37-133a7cf9c331,すし松蒲田,すし松蒲田,〒670-0904 兵庫県姫路市塩町163,prefecture_and_postcode,34.831764221191406,134.68648529052734,670-0904,兵庫県姫路市塩町１６３,姫路市,bar,0.8883744478225708,
neg:1025cb78-1e8e-4938-8be5-238d12d4a430:a57f818c-7f3f-47ea-86ac-b4aff3f6d14f,京たこ立川南口店,京たこ立川南口店,〒042-0952 高松町511 2F,postcode_and_partial,41.775482177734375,140.81572723388672,042-0952,高松町511 2F,函館市,casual_eatery,0.77,
neg:0f15f916-b792-4157-8985-307a4846d2f1:b134f62d-f097-4123-ba43-efcb87a70235,からつバーガー 天神店,からつバーガー 天神店,〒150-0001 神宮前5-10-1 GYRE B1F HAY TOKYO内,postcode_and_partial,35.66737747192383,139.70690155029297,150-0001,神宮前5-10-1  GYRE B1F HAY TOKYO内,渋谷区,casual_eatery,0.9535990953445435,
neg:3df37936-2f98-44e0-8b22-3228b8b5fe20:9031aea6-8401-4168-95c1-ac3abdb84e67,焼肉 味人 西麻布,焼肉 味人 西麻布,〒661-0043 兵庫県尼崎市武庫元町1丁目26−8,prefecture_and_postcode,34.758352279663086,135.3818588256836,661-0043,兵庫県尼崎市武庫元町１丁目２６−８,尼崎市,cafe,0.9905812740325928,
neg:c369895b-ab11-4ec2-9a76-630d0825ab8a:9ab999cf-63df-43fd-9c7c-7204d837bc21,鳥MASA,鳥MASA,〒922-0014 石川県加賀市中代町ホ1−1,prefecture_and_postcode,36.305349349975586,136.34844207763672,922-0014,石川県加賀市中代町ホ１−１,加賀市,coffee_shop,0.9548270297050476,
neg:858e1075-582b-4190-9d6e-9e69a844259c:dbd997d6-2e2e-4c57-81ae-24b11631de4a,ステーキハウスパスチャー,ステーキハウスパスチャー,〒439-0031 静岡県菊川市加茂5601,prefecture_and_postcode,34.744327545166016,138.08776092529297,439-0031,静岡県菊川市加茂５６０１,菊川市,restaurant,0.9278271794319153,
neg:5ea234d9-e268-4ab9-b2a5-dc0fbb674d94:8b49effc-cba8-446f-8463-584f3d4a3ca7,くいもの屋わん荻窪店,くいもの屋わん荻窪店,〒273-0105 鎌ケ谷2丁目19-25,postcode_and_partial,35.7710018157959,139.9943084716797,273-0105,鎌ケ谷2丁目19-25,鎌ケ谷市,restaurant,0.6967822313308716,
neg:ab458254-26a2-4c50-b273-7e1a58e774b1:8a85764e-e09a-4845-aa91-fc74a14c67c6,サンポッポベーカリー,サンポッポベーカリー,"〒465-0032 松坂屋ストア, 1F, 171 Fujigaoka",postcode_and_partial,35.182085037231445,137.02249908447266,465-0032,"松坂屋ストア, 1F, 171 Fujigaoka",名古屋市名東区,restaurant,0.6644233465194702,
neg:6d399067-95f3-407c-8c53-0ae63db05e95:5885e59f-75dc-4e61-919b-1b20477d3c1b,三時のおやつ,三時のおやつ,〒899-5302 鹿児島県姶良市蒲生町上久徳2588,prefecture_and_postcode,31.759567260742188,130.5733871459961,899-5302,鹿児島県姶良市蒲生町上久徳２５８８,姶良市,restaurant,0.778152585029602,
neg:4a10fc1c-6c84-4d66-862e-028df0695692:e0aa0c29-5a03-49e0-8759-de2d26b74274,小料理かげ山,小料理かげ山,〒689-3324 1424-3 Muki,postcode_and_partial,35.4733829498291,133.44632720947266,689-3324,1424-3 Muki,西伯郡大山町,casual_eatery,0.8107386231422424,
neg:dca6c9dc-a7fb-4cec-97ca-7876bda8f446:4807b030-17d4-44bd-981f-cbdadef81236,ときわ亭,ときわ亭,〒510-8027 大字茂福186-1,postcode_and_partial,35.00885200500488,136.64484405517578,510-8027,大字茂福186-1,四日市市,restaurant,0.3062559962272644,
neg:17a37af9-1ddf-41f3-8289-94caaf9a259d:a956a2b4-b2b1-464d-a175-280d138ed32a,さがの,さがの,"〒810-0023 Harvest Kego, 1 Chome-12-2 Kego",postcode_and_partial,33.5845890045166,130.39179229736328,810-0023,"Harvest Kego, 1 Chome-12-2 Kego",福岡市中央区,restaurant,0.9975081437826157,
neg:58e751b7-001e-4fc2-8c0e-91477407edcc:9971e31b-b6d2-4e4d-8bea-157e41bc91e7,すき家,すき家,〒933-0871 富山県高岡市駅南2丁目203−1,prefecture_and_postcode,36.73895835876465,137.02198028564453,933-0871,富山県高岡市駅南２丁目２０３−１,高岡市,restaurant,0.98087162733078,
neg:900dd4ed-0cf2-4482-a263-b2549a59b181:f46c8afd-ce42-40d1-81ee-2c314fcd51e0,居酒屋舞酒,居酒屋舞酒,〒020-0022 岩手県盛岡市大通3―1―30,prefecture_and_postcode,39.70302963256836,141.14437103271484,020-0022,岩手県盛岡市大通3―1―30,盛岡市,cafe,0.7833397388458252,
neg:683866dd-34d6-488c-b3ea-3fd38e0cdb45:cfa2760a-901f-445a-a779-785ffcd429bd,イチトサンブンノイチ岡崎南店,イチトサンブンノイチ岡崎南店,〒182-0024 東京都調布市布田4丁目4−1,prefecture_and_postcode,35.65214729309082,139.54447174072266,182-0024,東京都調布市布田４丁目４−１,調布市,bar,0.9933867865800857,
neg:896b5f4b-4858-4cff-a71b-084b3bd4b137:56588289-300d-442a-aa81-3c76c598c6de,季楽,季楽,〒210-0804 神奈川県川崎市川崎区藤崎1丁目23−14,prefecture_and_postcode,35.52956962585449,139.72187042236328,210-0804,神奈川県川崎市川崎区藤崎１丁目２３−１４,川崎市川崎区,casual_eatery,0.42906177043914795,
neg:afe74ac1-3926-4cbd-928f-c8695660f2e3:13b7a32b-57e7-4c94-9003-fe8604abe922,伊吹そば,伊吹そば,〒590-0101 3 Chome-1-18 Miyayamadai,postcode_and_partial,34.505605697631836,135.49759674072266,590-0101,3 Chome-1-18 Miyayamadai,堺市南区,cafe,0.9868869185447693,
neg:216e0b33-a4ee-4660-9de6-6f30d8ad8612:951bff3d-9034-4527-9f78-e32b6c6cc4e6,洋菓子リッタ,洋菓子リッタ,〒333-0801 埼玉県川口市東川口3丁目8−12,prefecture_and_postcode,35.879220962524414,139.74468231201172,333-0801,埼玉県川口市東川口３丁目８−１２,川口市,restaurant,0.3306073546409607,
neg:80cbcf43-3548-4f00-b87d-70e57319b2b4:32ed8d78-08b5-4f59-9bbe-04650253d284,天徳,天徳,〒250-0004 神奈川県小田原市浜町1丁目6−46,prefecture_and_postcode,35.25380516052246,139.1624298095703,250-0004,神奈川県小田原市浜町１丁目６−４６,小田原市,restaurant,0.673037588596344,
neg:d554f771-d1bf-4de8-af7b-bf3874ff4ff9:67fbc99d-675e-4001-a43a-051595b3be79,なると寿司,なると寿司,秋田県北秋田市本城中島75−2,prefecture_only,40.12368202209473,140.36632537841797,,秋田県北秋田市本城中島７５−２,北秋田市,bar,0.7781957983970642,
neg:2d377ffa-0acb-4e53-a991-3a368bb4a057:8e7eceff-df52-485d-afed-7a05e225eca2,活魚水産徳島紺屋町店,活魚水産徳島紺屋町店,〒101-0062 東京都千代田区神田駿河台2丁目10−3,prefecture_and_postcode,35.69894790649414,139.7642593383789,101-0062,東京都千代田区神田駿河台２丁目１０−３,千代田区,restaurant,0.29397502541542053,
neg:82b74f80-908e-4a1d-8590-41b018d3fe30:09f9ecdb-fb27-4a0e-93b3-e8fd2c53af4a,八剣伝小平駅前店,八剣伝小平駅前店,千葉県東金市田間94,prefecture_only,35.560556411743164,140.37215423583984,,千葉県東金市田間９４,,restaurant,0.8,
neg:c06186b7-bfe3-47df-a7e9-12b263a3199e:14b8b938-559e-40f2-8a5d-fdfef22fa2df,らーめん梓亭,らーめん梓亭,〒604-0915 常盤木町46-2,postcode_and_partial,35.014780044555664,135.7676010131836,604-0915,常盤木町46-2,京都市中京区,coffee_shop,0.9831807005405426,
neg:d6af520f-7407-4a40-9a5b-558b18aa2e3f:a16d8b76-8081-4696-9759-6578c083a8f6,山内農場 横浜西口駅前店,山内農場 横浜西口駅前店,〒184-0003 東京都小金井市緑町5丁目1−12,prefecture_and_postcode,35.70144081115723,139.5121307373047,184-0003,東京都小金井市緑町５丁目１−１２,小金井市,bar,0.9901046437025071,
neg:a8cd2d0f-a42b-45e8-942c-2b541c736332:dfbd167d-102d-4556-b4da-f8b2fd9b8c28,井坂菓子店,井坂菓子店,〒401-0301 船津5 165-2,postcode_and_partial,35.48504638671875,138.76131439208984,401-0301,船津５ １６５－２,南都留郡富士河口湖町,food_truck_stand,0.5806252956390381,
neg:f46c8afd-ce42-40d1-81ee-2c314fcd51e0:e66cbef0-5230-41fd-a731-d63da5e63c79,モスバーガー,モスバーガー,〒965-0034 福島県会津若松市上町1−19,prefecture_and_postcode,37.49689292907715,139.9335708618164,965-0034,福島県会津若松市上町１−１９,会津若松市,restaurant,0.9942173367738724,
neg:5ea234d9-e268-4ab9-b2a5-dc0fbb674d94:677de786-ac9a-4e87-8c2c-e1f51455543d,アデニア,アデニア,〒273-0105 鎌ケ谷2丁目19-25,postcode_and_partial,35.7710018157959,139.9943084716797,273-0105,鎌ケ谷2丁目19-25,鎌ケ谷市,restaurant,0.6967822313308716,
neg:c7146c23-25f5-449a-8633-92e5b3b2b4b2:6afb0dce-16ea-4c1f-8daf-d058338e89e0,やよい軒姫路保城店,やよい軒姫路保城店,〒980-0021 宮城県仙台市青葉区中央1丁目8−33,prefecture_and_postcode,38.26165199279785,140.88042449951172,980-0021,宮城県仙台市青葉区中央１丁目８−３３,仙台市青葉区,restaurant,0.9975769495964051,
neg:ace1d49c-0809-46d7-bacc-62cf3d05a8c0:9031aea6-8401-4168-95c1-ac3abdb84e67,焼肉 味人 西麻布,焼肉 味人 西麻布,〒243-0004 神奈川県厚木市水引2丁目6−35,prefecture_and_postcode,35.446725845336914,139.35787963867188,243-0004,神奈川県厚木市水引２丁目６−３５,厚木市,restaurant,0.4395259618759155,
neg:aa304aa0-70e1-4d19-af39-e90c183a5945:e2867373-d1e9-4ef3-acb7-9b592e59d104,広島つけ麺　かず　五日市コイン通り店,広島つけ麺 かず 五日市コイン通り店,〒178-0062 6 Chome-3-10 Oizumimachi,postcode_and_partial,35.757150650024414,139.5960235595703,178-0062,6 Chome-3-10 Oizumimachi,練馬区,restaurant,0.9887914657592773,
neg:8aa46f21-02b9-4372-883b-f52d15e741af:115e3095-a9a7-450d-841f-8b2c66d709a3,Tully's Coffee,Tully's Coffee,〒650-0012 兵庫県神戸市中央区北長狭通2丁目9−2,prefecture_and_postcode,34.69231414794922,135.1905746459961,650-0012,兵庫県神戸市中央区北長狭通２丁目９−２,神戸市中央区,restaurant,0.34153762459754944,
neg:ebefdce0-7ae0-477e-b9f7-eb876a42bb1f:1a830558-03c9-402e-a109-791dc3d4bb9d,金澤焼肉せなら,金澤焼肉せなら,〒770-0934 秋田町2-33,postcode_and_partial,34.06460380554199,134.5493392944336,770-0934,秋田町2-33,徳島市,cafe,0.9224008333683014,
neg:5163ee48-7f7a-46a7-8bb5-322e0145528e:8ca83beb-2a04-4a1c-a0f9-d0e8b12dc452,居食屋だいにんぐRyu,居食屋だいにんぐRyu,埼玉県秩父郡長瀞町本野上91−1,prefecture_only,36.112321853637695,139.11519622802734,,埼玉県秩父郡長瀞町本野上９１−１,秩父郡長瀞町,restaurant,0.9658520269393921,
neg:c782a60c-44b5-4ebf-93de-a7ce5434e43d:befa7a27-9c7b-4170-a155-6227bd110006,ドミノ・ピザ 西新宿店,ドミノ・ピザ 西新宿店,〒739-0622 晴海1丁目6-1,postcode_and_partial,34.24114799499512,132.22350311279297,739-0622,晴海1丁目6-1,大竹市,restaurant,0.77,
neg:107d575e-14cf-4992-aa0f-6b9c7d699927:0f823b78-8c32-4d42-8244-33d05e4fa712,コシャラシャント（はんちくてい）,コシャラシャント(はんちくてい),〒811-3502 福岡県宗像市江口534−2,prefecture_and_postcode,33.85187339782715,130.51280975341797,811-3502,福岡県宗像市江口５３４−２,宗像市,restaurant,0.9955025619268417,
neg:cff8b697-30c0-479f-babe-330ba4130590:c875d982-6aeb-4ca1-831b-a5f3d49917a2,きくの家,きくの家,〒550-0002 大阪府大阪市西区江戸堀1丁目13−10,prefecture_and_postcode,34.69171333312988,135.49591064453125,550-0002,大阪府大阪市西区江戸堀１丁目１３−１０,大阪市西区,restaurant,0.8392778635025024,
neg:5da1ab71-b2b2-44da-a706-a1ef4db41968:b817b624-c1fe-456c-80e7-e5d6ca022288,梅月,梅月,〒162-0825 東京都新宿区神楽坂1丁目12,prefecture_and_postcode,35.70064353942871,139.74243927001953,162-0825,東京都新宿区神楽坂１丁目１２,新宿区,coffee_shop,0.9934781301021576,
neg:aa051447-279c-4dab-93a5-d2e5d0004ec6:c3a079b1-3333-4d1d-976a-16ce65e64ffa,間借り食堂　お魚はっちゃん,間借り食堂 お魚はっちゃん,〒213-0011 神奈川県 川崎市\n高津区久本1-16-20フィオーレの森リラ館3F\n,prefecture_and_postcode,35.60626411437988,139.6673355102539,213-0011,神奈川県 川崎市\n高津区久本1-16-20フィオーレの森リラ館3F\n,目黒区,bar,0.6098252534866333,
neg:e6df46dd-a128-4dd1-9d6b-fdeced3fd4ca:88f2e4da-53f4-438c-89ae-f4738898d7fc,寿し田,寿し田,"〒101-0041 Kanda Sudacho, 1 Chome−4−6 Biz Feel KANDA 1F",postcode_and_partial,35.69474220275879,139.76803588867188,101-0041,"Kanda Sudacho, 1 Chome−4−6 Biz Feel KANDA 1F",千代田区,restaurant,0.9931158542633056,
neg:55f44eeb-6ece-4f38-a078-be0ce808e3bf:cd1f32ca-0132-4ccb-9a39-7279b7d88a71,亀代食堂,亀代食堂,〒296-0112 1708-1 Miyayama,postcode_and_partial,35.12823677062988,140.01690673828125,296-0112,1708-1 Miyayama,鴨川市,casual_eatery,0.9973945367336273,
neg:76afcfe1-5c56-4d12-ba6c-08932396c07c:f7bc50bf-92c2-4b7f-b074-9d07c1ee53d1,腸詰屋軽井沢Messe店,腸詰屋軽井沢Messe店,〒659-0064 兵庫県芦屋市精道町7−29,prefecture_and_postcode,34.7276725769043,135.30380249023438,659-0064,兵庫県芦屋市精道町７−２９,芦屋市,restaurant,0.9458664655685425,
neg:c06186b7-bfe3-47df-a7e9-12b263a3199e:6a0acdb3-1400-4f05-b24a-47118c06934e,居酒屋月天,居酒屋月天,〒604-0915 常盤木町46-2,postcode_and_partial,35.014780044555664,135.7676010131836,604-0915,常盤木町46-2,京都市中京区,coffee_shop,0.9831807005405426,
neg:06bf71df-e237-4171-9b11-d9a7dd82e3af:8b03981e-f4e3-45c6-838e-fb0e96b6f410,天心の溝上酒造株式会社,天心の溝上酒造,〒604-8422 中京区西ノ京東月光町22番地,postcode_and_partial,35.01768112182617,135.75818634033203,604-8422,中京区西ノ京東月光町２２番地,京都市中京区,restaurant,0.934977650642395,
neg:6bf79901-9203-44b8-b6be-bb3c823a511a:337e9227-7e1e-47a8-a2c0-66418cdd285a,ナイトパブ鳥屋尾,ナイトパブ鳥屋尾,〒221-0065 神奈川県横浜市神奈川区白楽100−25,prefecture_and_postcode,35.48904800415039,139.62786102294922,221-0065,神奈川県横浜市神奈川区白楽１００−２５,横浜市神奈川区,bar,0.9849625825881958,
neg:aff8e33d-59f6-4962-a183-03d8c62bc9a4:211ea146-9e8d-4f43-9f2b-b7511003498c,おしゃべりクック,おしゃべりクック,〒142-0064 東京都品川区旗の台5-2-5メゾンボア旗の台1F,prefecture_and_postcode,35.60491752624512,139.70291137695312,142-0064,東京都品川区旗の台5-2-5メゾンボア旗の台１F,川崎市川崎区,restaurant,0.6759622693061829,
neg:8f95cd7a-6055-4ebc-a580-fedf1cc2c444:0efab31d-264e-4cba-9b04-f4665cb3c3c3,ワンダーストーブ,ワンダーストーブ,〒603-8345 京都府京都市北区平野八丁柳町66−7,prefecture_and_postcode,35.03163719177246,135.73059844970703,603-8345,京都府京都市北区平野八丁柳町６６−７,京都市北区,coffee_shop,0.9709155398607254,
neg:4252aae9-ea33-4f04-80cd-e839ab7da36c:d7a78dae-a5fd-4de8-9ec3-d7ba96a0211a,イタリアン酒場 イルンゴ,イタリアン酒場 イルンゴ,〒542-0086 大阪府大阪市中央区西心斎橋2丁目3−22,prefecture_and_postcode,34.67010307312012,135.49970245361328,542-0086,大阪府大阪市中央区西心斎橋２丁目３−２２,大阪市中央区,restaurant,0.980981707572937,
neg:56588289-300d-442a-aa81-3c76c598c6de:25b0b7bf-7cd3-4ea9-8747-7bc423a00825,ハイブリット,ハイブリット,"〒943-0833 Omachi, 4 Chome−2−3 地酒・地肴季楽",postcode_and_partial,37.11526298522949,138.24637603759766,943-0833,"Omachi, 4 Chome−2−3 地酒・地肴季楽",上越市,restaurant,0.9718506932258606,
neg:d19e56a3-8288-4427-9ced-6b6facd40679:49ec91b3-213a-4ac6-b334-e146f94b18cf,秘伝越前流手打ちそば 池田のそば すいこう,秘伝越前流手打ちそば 池田のそば すいこう,〒047-0008 北海道小樽市築港8−4,prefecture_and_postcode,43.188262939453125,141.01433563232422,047-0008,北海道小樽市築港８−４,小樽市,restaurant,0.9993080101013183,
neg:78786262-ea96-45e4-b62c-fd517934791f:773dcd46-0505-47e7-8b10-60c37b73a97b,焼肉官兵衛,焼肉官兵衛,〒330-0846 さいたま市大宮区大門町2-25-2野原ビル2階,postcode_and_partial,35.70271110534668,139.74352264404297,330-0846,さいたま市大宮区大門町2-25-2野原ビル2階,新宿区,restaurant,0.9884576088190079,
neg:ff9489db-f411-4042-9505-d9295d746a44:f402ab1d-a0b7-43b2-8145-d848faaebf8f,ぱんちゃ,ぱんちゃ,〒024-0031 青柳町1丁目2-32,postcode_and_partial,39.284122467041016,141.12135314941406,024-0031,青柳町1丁目2-32,北上市,restaurant,0.9770834445953369,
neg:9031aea6-8401-4168-95c1-ac3abdb84e67:16a07b54-eec8-4c35-934c-c5e1c1c09677,マクドナルド,マクドナルド,"〒106-0031 Nishiazabu, 3 Chome−20−16 西麻布アネックス 1F",postcode_and_partial,35.660356521606445,139.7261734008789,106-0031,"Nishiazabu, 3 Chome−20−16 西麻布アネックス 1F",港区,restaurant,0.8948442339897156,
neg:3316092e-e862-40d4-9eef-260ebfd78a87:896b5f4b-4858-4cff-a71b-084b3bd4b137,くまがい,くまがい,〒520-0042 島ノ関5-11,postcode_and_partial,35.008806228637695,135.87036895751953,520-0042,島ノ関5-11,大津市,coffee_shop,0.7877911329269409,
neg:7ad5940e-5182-4848-b989-f27f3439e1fe:9ed0570e-8114-48f6-aac3-9c26dd5f6cd0,ゆう天,ゆう天,〒870-0921 萩原2丁目8-21,postcode_and_partial,33.2455997467041,131.6399154663086,870-0921,萩原2丁目8-21,大分市,restaurant,0.9634259939193726,
neg:530fea89-1e51-429d-a37f-ed3723a3c5b0:f73fbe39-562d-48e0-8ada-faa287fa6d7f,酒楽食楽,酒楽食楽,〒569-0814 富田町1−9−5,postcode_and_partial,34.833391189575195,135.5961685180664,569-0814,富田町1−9−5,高槻市,cafe,0.6013942360877991,
neg:272ebec3-7185-4580-b164-ad530b569d0f:e693cd1b-9296-425b-bd51-7a327d294f53,シェ・モア,シェ・モア,〒252-1125 神奈川県綾瀬市吉岡東5丁目3−33,prefecture_and_postcode,35.42590522766113,139.43021392822266,252-1125,神奈川県綾瀬市吉岡東５丁目３−３３,綾瀬市,restaurant,0.9327878952026367,
neg:85fcae1a-9575-45ac-945b-a5294d6ac13a:f1c30c5f-58d0-4cc5-a694-d4c21cfd6f10,Cafe Eight 青葉台,Cafe Eight 青葉台,"〒532-0003 Miyahara, 5 Chome−3−55 カーサ東三国 101",postcode_and_partial,34.73895072937012,135.4974594116211,532-0003,"Miyahara, 5 Chome−3−55 カーサ東三国 １０１",大阪市淀川区,restaurant,0.994006872177124,
neg:9f0dfa0f-8007-436c-9132-6def0ae35264:53126745-f5ea-4822-a4e2-b51428c393a0,木村家人形焼本舗,木村家人形焼本舗,〒104-0061 東京都中央区銀座5丁目9−6,prefecture_and_postcode,35.6702823638916,139.76537322998047,104-0061,東京都中央区銀座５丁目９−６,中央区,restaurant,0.9787226349115372,
neg:c9c4dc92-c55c-40dc-97e6-77fc9f92f91e:80100eaf-0c1d-4d82-aaa3-a79bfe113168,柚柚,柚柚,〒879-5102 2939-4 Yufuincho Kawakami,postcode_and_partial,33.26369285583496,131.35698699951172,879-5102,2939-4 Yufuincho Kawakami,由布市,casual_eatery,0.973196804523468,
neg:6c7aa502-0db0-4b16-87f7-6e009896f2b3:c47716ea-74b5-4e2e-9cfc-8194df1c2fd5,鯛常分店和食センター,鯛常分店和食センター,"〒184-0011 Higashicho, 4 Chome−38−26 トーケンプラザ 205",postcode_and_partial,35.699764251708984,139.52423858642578,184-0011,"Higashicho, 4 Chome−38−26 トーケンプラザ 205",小金井市,bar,0.9953041094541549,
neg:f753672b-949e-4d5e-949a-32c63517af4d:752534c0-00fd-4572-906d-c67d86465f21,金宛,金宛,〒444-2136 愛知県岡崎市上里3丁目19−1,prefecture_and_postcode,34.99137306213379,137.15824127197266,444-2136,愛知県岡崎市上里３丁目１９−１,岡崎市,restaurant,0.9993212037086486,
neg:4537e135-6042-40e7-88e4-2de0c3e8fb33:2ce0a549-1d6d-440c-a01f-4771b08714a3,麺屋時茂,麺屋時茂,〒192-0904 東京都八王子市子安町3丁目6−9,prefecture_and_postcode,35.65202331542969,139.3386459350586,192-0904,東京都八王子市子安町３丁目６−９,八王子市,restaurant,0.9977314782142639,
neg:17c2ea5d-50c4-4080-b3b0-ede372a3d09b:35bd0337-313d-433b-b35c-a0c91cd0a20c,アンテルリュード,アンテルリュード,〒047-0024 花園3丁目25-14,postcode_and_partial,43.18739318847656,141.00104522705078,047-0024,花園3丁目25-14,小樽市,restaurant,0.981743335723877,
neg:2ce0a549-1d6d-440c-a01f-4771b08714a3:4547274d-07c0-4145-8ad5-3fe70cb898e2,はるかなるカレー 名古屋,はるかなるカレー 名古屋,〒275-0011 千葉県習志野市大久保1丁目18−9,prefecture_and_postcode,35.687551498413086,140.04859924316406,275-0011,千葉県習志野市大久保１丁目１８−９,習志野市,restaurant,0.9948706561326981,
neg:bbaa1708-75c2-4a30-81ed-12b9d68f05d0:454c02df-95ed-4dd2-b4f0-5f90a1ebd0be,ラーメン　霽レ空,ラーメン 霽レ空,〒426-0061 1 Chome-23-23 Tanuma,postcode_and_partial,34.84751319885254,138.25525665283203,426-0061,1 Chome-23-23 Tanuma,藤枝市,restaurant,0.9946766591072083,
neg:032cb90d-6fc7-447a-857f-3b1ab794aae8:8d45ef4a-9fe5-4c92-aaf8-05030655e4e6,手打そば処 飯綱,手打そば処 飯綱,"〒869-0436 Jofumachi, 55",postcode_and_partial,32.681631088256836,130.65641021728516,869-0436,"Jofumachi, ５５",宇土市,cafe,0.9396449327468872,
neg:e95fcb7a-0ceb-43ac-b1cf-576720ccfedc:abfdfc47-a4d2-4de8-b45f-257142f52ff7,Anrakutei,Anrakutei,〒190-0174 東京都あきる野市乙津1262,prefecture_and_postcode,35.7255802154541,139.17798614501953,190-0174,東京都あきる野市乙津１２６２,あきる野市,coffee_shop,0.9368807899951935,
neg:38509a1d-e2f2-46d3-a9f5-dcd470110b53:4fb81e1f-f8ad-49b2-8b02-5ff2284d3e4b,すなっく真弓,すなっく真弓,〒537-0024 東成区東小橋1-1-9,postcode_and_partial,34.674116134643555,135.53374481201172,537-0024,東成区東小橋1-1-9,大阪市東成区,bar,0.989033579826355,
neg:54847ee2-8564-40de-afc0-1e1b014bb406:01532ee7-9589-481f-bf2f-36e1ba118c78,桃太郎,桃太郎,〒556-0022 大阪府大阪市浪速区桜川3丁目1−10,prefecture_and_postcode,34.66745567321777,135.48799896240234,556-0022,大阪府大阪市浪速区桜川３丁目１−１０,大阪市浪速区,restaurant,0.9915932416915894,
neg:2b430931-25d2-4b99-92e4-2e8e28352110:821554bd-0fba-491e-8e92-2a7f2f62713f,居酒屋・元ちゃん,居酒屋・元ちゃん,〒036-8192 大字鍛冶町66,postcode_and_partial,40.60015296936035,140.47077178955078,036-8192,大字鍛冶町66,弘前市,restaurant,0.6426536440849304,
neg:9b69730f-8734-4774-adf7-f3e2b92ac459:7050a786-29ed-4ece-8e45-280267283873,たいしの家,たいしの家,〒231-0023 神奈川県横浜市中区山下町188−1,prefecture_and_postcode,35.44296455383301,139.64714813232422,231-0023,神奈川県横浜市中区山下町１８８−１,横浜市中区,restaurant,0.9582263827323914,
neg:afeba4c3-968c-4dd6-92e4-58dfa5136f86:a612b7ec-798b-4118-9be4-23da33dc17ec,もがみ,もがみ,〒842-0101 吉野ヶ里町松隈203-1,postcode_and_partial,33.36973762512207,130.39981842041016,842-0101,吉野ヶ里町松隈203-1,神埼郡吉野ヶ里町,restaurant,0.9772602915763855,
neg:61a26c0f-95ed-47c7-bbbf-36bda102dba9:23fbec43-6a24-491b-a113-b72dbcb39c78,松乃家菊名店,松乃家菊名店,〒180-0004 東京都武蔵野市吉祥寺本町1丁目31−4,prefecture_and_postcode,35.7038516998291,139.58240509033203,180-0004,東京都武蔵野市吉祥寺本町１丁目３１−４,武蔵野市,restaurant,0.9982471859455109,
neg:c58410c3-f7f4-452f-9aa0-73f327ea0841:f045c8c4-b66d-49e2-a23a-b77329b718c0,すずめの涙のちゅんちゅん食堂,すずめの涙のちゅんちゅん食堂,〒510-0854 三重県四日市市塩浜本町1丁目9−5,prefecture_and_postcode,34.93010902404785,136.6249008178711,510-0854,三重県四日市市塩浜本町１丁目９−５,四日市市,fast_food_restaurant,0.9992616638541222,
neg:96531b27-5cb0-4238-8b86-3fcd54ccd04a:b12795bc-6c01-4402-8714-45a500ad2ba0,カフェ リーゾ,カフェ リーゾ,〒650-0022 兵庫県神戸市中央区元町通1丁目9−8,prefecture_and_postcode,34.68906593322754,135.18871307373047,650-0022,兵庫県神戸市中央区元町通１丁目９−８,神戸市中央区,restaurant,0.9688924551010132,
neg:bb38978a-b756-4dab-a80f-0aa4c6b00948:c1fc9f8f-d859-4108-bbfd-1b79d673a365,竹の子,竹の子,〒801-0841 門司区西海岸1-4-16,postcode_and_partial,33.94489097595215,130.96036529541016,801-0841,門司区西海岸1-4-16,北九州市,cafe,0.77,
neg:d1d972c7-9393-4a55-a3e5-416f24c7ee13:0db09d3f-e88b-47cf-9a73-f09c1f7686b1,負け犬の遠吠え,負け犬の遠吠え,宮崎県西都市南方2597−8,prefecture_only,32.1329288482666,131.39217376708984,,宮崎県西都市南方２５９７−８,西都市,restaurant,0.8060749769210815,
neg:8aa46f21-02b9-4372-883b-f52d15e741af:fc062214-a608-4b88-890b-aebdd030bc3c,香港飯店,香港飯店,〒650-0012 兵庫県神戸市中央区北長狭通2丁目9−2,prefecture_and_postcode,34.69231414794922,135.1905746459961,650-0012,兵庫県神戸市中央区北長狭通２丁目９−２,神戸市中央区,restaurant,0.34153762459754944,
neg:f3d20437-ddc0-44f6-a138-c7d468ba81c5:dca6c9dc-a7fb-4cec-97ca-7876bda8f446,丸忠回転寿司プラザ四日市富田店,丸忠回転寿司プラザ四日市富田店,〒605-0853 93-29 Hoshinocho,postcode_and_partial,34.99856948852539,135.7782211303711,605-0853,93-29 Hoshinocho,京都市東山区,cafe,0.9911793112754822,
neg:f450234d-19d2-4e5d-bf98-25011b65f827:c369895b-ab11-4ec2-9a76-630d0825ab8a,大和屋加賀店,大和屋加賀店,〒840-0811 1 Chome-4-19 Otakara,postcode_and_partial,33.257638931274414,130.3016128540039,840-0811,1 Chome-4-19 Otakara,佐賀市,restaurant,0.4076443016529083,
neg:e2bb1e93-5956-410f-96d9-38c48cf1cbf9:a1f02597-6463-40af-9b56-01096f8cac21,元祖 鴨南ばん 本家,元祖 鴨南ばん 本家,〒294-0223 洲宮1505-2,postcode_and_partial,34.95168113708496,139.83910369873047,294-0223,洲宮1505-2,館山市,restaurant,0.6948536038398743,
neg:77a6dde7-aae3-439c-9d12-18595d8b6df0:78786262-ea96-45e4-b62c-fd517934791f,讃岐うどん　川金,讃岐うどん 川金,〒154-0012 駒沢5丁目23-3,postcode_and_partial,35.626333236694336,139.65596771240234,154-0012,駒沢5丁目23-3,世田谷区,coffee_shop,0.26568880677223206,
neg:79b41c5b-8ac7-4691-99f9-5aca06f2b21f:77dff441-9620-4412-88e2-0cf983c108df,ズドコノン,ズドコノン,〒674-0067 大久保町字東原592-1,postcode_and_partial,34.67642784118652,134.95015716552734,674-0067,大久保町字東原592-1,明石市,restaurant,0.9971439075469971,
neg:1ccc5eee-1d61-4dd2-80e7-43ef311fff3c:8d273efc-ac7f-4d7c-b73d-30ea7c48776c,L'epi D'or,L'epi D'or,〒308-0825 茨城県筑西市下中山727−1,prefecture_and_postcode,36.3081111907959,139.9835433959961,308-0825,茨城県筑西市下中山７２７−１,筑西市,restaurant,0.9663012623786926,
neg:b637dd00-a19d-4868-aa0e-87c9e73d7c53:7a86b68a-42d9-4d4c-8932-5c4f87162c19,Laurasia,Laurasia,〒332-0032 埼玉県川口市中青木3丁目2−10,prefecture_and_postcode,35.813581466674805,139.7174301147461,332-0032,埼玉県川口市中青木３丁目２−１０,川口市,restaurant,0.9691436290740967,
neg:0fd4cfb7-57b4-4ebe-95e6-ba439821a097:3adea5c0-18b3-40b3-a983-97cebc989e14,餃子の王将,餃子の王将,〒810-8578 福岡県福岡市中央区大名2丁目4−30,prefecture_and_postcode,33.58891487121582,130.39122772216797,810-8578,福岡県福岡市中央区大名２丁目４−３０,福岡市中央区,restaurant,0.6442840099334717,
neg:10d5241f-39d2-4bab-b9df-adf87d52c0a9:3e8b9796-7133-4029-a4e1-9c1f0cd21191,Akamon,Akamon,〒895-0066 鹿児島県薩摩川内市五代町470,prefecture_and_postcode,31.828676223754883,130.27086639404297,895-0066,鹿児島県薩摩川内市五代町４７０,薩摩川内市,non_alcoholic_beverage_venue,0.8297358751296997,
neg:87c8ed5b-dc56-476d-b764-b32763f5d5a2:30bb9531-72f5-444f-83de-b1aeba527eca,ゆたかベーカリー,ゆたかベーカリー,〒105-0004 新橋4-31-6,postcode_and_partial,35.6646842956543,139.75342559814453,105-0004,新橋4-31-6,港区,restaurant,0.77,
neg:1f3f3105-ef40-4775-875d-95781f16629c:677de786-ac9a-4e87-8c2c-e1f51455543d,アデニア,アデニア,〒603-8233 京都府京都市北区紫野西野町9−1,prefecture_and_postcode,35.041025161743164,135.74199676513672,603-8233,京都府京都市北区紫野西野町９−１,京都市北区,cafe,0.9935487592220307,
neg:ae4345bd-3528-4b3d-920e-6ebba739de3e:0d28697e-e931-4140-b5fb-d5f7aa17fc1e,ハーベストテラス 八ケ岳,ハーベストテラス 八ケ岳,〒997-0801 山形県鶴岡市東原町25−15,prefecture_and_postcode,38.71861457824707,139.84520721435547,997-0801,山形県鶴岡市東原町２５−１５,鶴岡市,cafe,0.9733651876449585,
neg:1c296670-492e-4fe6-84f7-3726c393c984:0068ee39-2b28-4ecd-8c95-c60ff34a1316,錦鴻,錦鴻,〒412-0043 新橋1909-2,postcode_and_partial,35.299861907958984,138.93826293945312,412-0043,新橋1909-2,御殿場市,restaurant,0.9814788103103638,
neg:a61f6ad8-5b45-4795-a359-8f836ad0da1a:2ce0a549-1d6d-440c-a01f-4771b08714a3,麺屋時茂,麺屋時茂,〒518-0752 蔵持町原出2008 エリア: 名張,postcode_and_partial,34.63750648498535,136.1146011352539,518-0752,蔵持町原出2008 エリア: 名張,名張市,restaurant,0.9531547152996063,
neg:9b79af08-1a04-461e-94b8-068047aaa318:1beb8e2b-005c-471b-a829-e7d61d84cfb4,ぢどり亭布施店,ぢどり亭布施店,〒167-0054 松庵3-32-11,postcode_and_partial,35.70167922973633,139.59899139404297,167-0054,松庵3-32-11,杉並区,restaurant,0.77,
neg:6e37387e-496f-4c25-92e8-69a0fbc5b40f:b0930633-a3a9-41fc-a37f-9b87eb0e1629,マクドナルド,マクドナルド,〒808-0103 福岡県北九州市若松区二島3丁目2−6,prefecture_and_postcode,33.89403533935547,130.74182891845703,808-0103,福岡県北九州市若松区二島３丁目２−６,北九州市若松区,bar,0.7146042585372925,
neg:06f3f8e8-8df6-4e1c-b67d-9b87c20dcbec:12828a34-3207-4920-885a-c1cbd4223714,ハッピー,ハッピー,〒141-0031 東京都品川区西五反田4丁目2−3,prefecture_and_postcode,35.627655029296875,139.7131576538086,141-0031,東京都品川区西五反田４丁目２−３,品川区,restaurant,0.9981556642055511,
neg:f450234d-19d2-4e5d-bf98-25011b65f827:3e0896c5-2125-4e82-99bf-ea40cf472b8e,山和,山和,〒840-0811 1 Chome-4-19 Otakara,postcode_and_partial,33.257638931274414,130.3016128540039,840-0811,1 Chome-4-19 Otakara,佐賀市,restaurant,0.4076443016529083,
neg:b0930633-a3a9-41fc-a37f-9b87eb0e1629:72bf3064-36de-4bdd-b9c8-c8c9d634ac8b,トヨタ屋食堂本店,トヨタ屋食堂本店,〒883-0068 宮崎県日向市亀崎西1丁目21,prefecture_and_postcode,32.439191818237305,131.62720489501953,883-0068,宮崎県日向市亀崎西１丁目２１,日向市,fast_food_restaurant,0.9634879940748214,
neg:2c986eae-f13b-4a25-80c3-4d7216ae789d:b637dd00-a19d-4868-aa0e-87c9e73d7c53,あおき食堂,あおき食堂,〒578-0984 大阪府東大阪市菱江5丁目3−16,prefecture_and_postcode,34.67088508605957,135.6093978881836,578-0984,大阪府東大阪市菱江５丁目３−１６,東大阪市,restaurant,0.9865359663963318,
neg:4c3d53e3-76cc-4d5d-91a9-93422a1ad987:6a0acdb3-1400-4f05-b24a-47118c06934e,居酒屋月天,居酒屋月天,〒819-0006 福岡県福岡市西区姪浜駅南2丁目6−10,prefecture_and_postcode,33.581438064575195,130.32596588134766,819-0006,福岡県福岡市西区姪浜駅南２丁目６−１０,福岡市西区,restaurant,0.9035732746124268,
neg:ae4a4932-8734-4410-82ae-b6bb1f9a2753:6e37387e-496f-4c25-92e8-69a0fbc5b40f,希水,希水,〒810-0004 福岡県福岡市中央区渡辺通2丁目9−9,prefecture_and_postcode,33.583486557006836,130.40338897705078,810-0004,福岡県福岡市中央区渡辺通２丁目９−９,福岡市中央区,restaurant,0.9946186012029647,
neg:8ca83beb-2a04-4a1c-a0f9-d0e8b12dc452:238d53c1-9103-4c46-b8da-b917083255ae,sponge cafe,sponge cafe,〒812-0017 福岡県福岡市博多区美野島3丁目17−8,prefecture_and_postcode,33.57737159729004,130.41873931884766,812-0017,福岡県福岡市博多区美野島３丁目１７−８,福岡市博多区,restaurant,0.38179031014442444,
neg:20839aba-2d9f-455d-9fe3-ae7dac9658d7:eda2fd7c-de99-4504-a47b-a605ebf39b74,Terangbulan,Terangbulan,〒160-0022 東京都新宿区新宿3丁目35−7,prefecture_and_postcode,35.68981742858887,139.7022476196289,160-0022,東京都新宿区新宿３丁目３５−７,新宿区,restaurant,0.9792733192443848,
neg:8e21d342-f188-4fc3-a262-e8388cc79ee8:8ba0ac48-564b-4562-9197-1899bb42c34a,長岡,長岡,〒634-0007 奈良県橿原市葛本町367−17,prefecture_and_postcode,34.52621269226074,135.80443572998047,634-0007,奈良県橿原市葛本町３６７−１７,橿原市,restaurant,0.5833944082260132,
neg:8d117e24-3d2c-4e0b-9353-0a32b82b5b75:8d3f8568-55e6-4271-bcf3-a7987f91dd4d,grand cafe Jun,grand cafe Jun,〒182-0022 東京都調布市国領町2丁目5−15,prefecture_and_postcode,35.65078544616699,139.55811309814453,182-0022,東京都調布市国領町２丁目５−１５,調布市,restaurant,0.7072843313217163,
neg:5dd49221-0aee-4d7b-bc05-64bf66bf37b5:182ce5aa-1f64-4562-a667-af2ee290ec79,小樽らーめん 豆の木蒲生店,小樽らーめん 豆の木蒲生店,〒110-0015 東京都台東区東上野1丁目13−2,prefecture_and_postcode,35.70772361755371,139.77738189697266,110-0015,東京都台東区東上野１丁目１３−２,台東区,cafe,0.2339494675397873,
neg:2aaa9f47-9794-429c-8466-0897639e599c:1c296670-492e-4fe6-84f7-3726c393c984,くし焼き『亦』,くし焼き『亦』,〒532-0002 大阪府大阪市淀川区東三国5丁目13−15,prefecture_and_postcode,34.74187660217285,135.49327850341797,532-0002,大阪府大阪市淀川区東三国５丁目１３−１５,大阪市淀川区,restaurant,0.36889904737472534,
neg:d413482d-9a58-4ab7-a08f-d6f7d8c0f917:67fbc99d-675e-4001-a43a-051595b3be79,なると寿司,なると寿司,〒461-0013 名古屋市東区飯田町1,postcode_and_partial,35.17898750305176,136.9162826538086,461-0013,名古屋市東区飯田町1,名古屋市,bar,0.77,
neg:d209d765-1a41-48ae-be24-d7eee1b64204:505d3d44-3b29-4916-8093-b116d8a4f1df,BISTROT KANON,BISTROT KANON,〒584-0074 久野喜台1-18-8,postcode_and_partial,34.49948310852051,135.56108856201172,584-0074,久野喜台1-18-8,富田林市,restaurant,0.77,
neg:8cfe584e-a035-473e-b85b-8c326af736e8:e8af5747-79b6-46df-bcc9-90230801e122,芋蔵四日市店,芋蔵四日市店,〒321-0161 栃木県宇都宮市大塚町11−20,prefecture_and_postcode,36.535478591918945,139.85872650146484,321-0161,栃木県宇都宮市大塚町１１−２０,宇都宮市,restaurant,0.9637826681137085,
neg:c5d30ba6-9edb-4dbf-b8b6-c5c6a529a55c:303cec12-c24f-4096-a4cd-1108e03fb790,味ひろ,味ひろ,〒177-0041 東京都練馬区石神井町8丁目40−8,prefecture_and_postcode,35.74711227416992,139.59827423095703,177-0041,東京都練馬区石神井町８丁目４０−８,練馬区,restaurant,0.9421221017837524,
neg:9685945e-4c96-400b-ad77-5ca209f21ce3:06bf71df-e237-4171-9b11-d9a7dd82e3af,京菓子司よし廣,京菓子司よし廣,〒033-0011 青森県三沢市幸町1丁目10−9,prefecture_and_postcode,40.68619155883789,141.36702728271484,033-0011,青森県三沢市幸町１丁目１０−９,三沢市,bar,0.9814528781175613,
neg:3df37936-2f98-44e0-8b22-3228b8b5fe20:9a0fc9a5-a6fd-48f0-a0c8-5781cf00b82f,Tully's Coffee,Tully's Coffee,〒661-0043 兵庫県尼崎市武庫元町1丁目26−8,prefecture_and_postcode,34.758352279663086,135.3818588256836,661-0043,兵庫県尼崎市武庫元町１丁目２６−８,尼崎市,cafe,0.9905812740325928,
neg:6d399067-95f3-407c-8c53-0ae63db05e95:2b4dca03-3fa6-47bc-9ea4-840dcb7ef20c,佐々木六然,佐々木六然,〒899-5302 鹿児島県姶良市蒲生町上久徳2588,prefecture_and_postcode,31.759567260742188,130.5733871459961,899-5302,鹿児島県姶良市蒲生町上久徳２５８８,姶良市,restaurant,0.778152585029602,
neg:c54bc553-4d79-4569-9b1d-8af5f4177631:9e3b5778-634a-4b88-947e-2960012620db,番町茶館,番町茶館,群馬県前橋市大友町3丁目7-7,prefecture_only,36.38952827453613,139.04499053955078,,群馬県前橋市大友町３丁目７－７,,restaurant,0.954,
neg:ff5d337a-c04a-45b9-b451-55e099882f0a:079f63b7-b528-4090-a6de-b8ec7445bbbf,亀甲楼,亀甲楼,岐阜県大野郡白川村鳩谷296,prefecture_only,36.268503189086914,136.90045166015625,,岐阜県大野郡白川村鳩谷２９６,大野郡白川村,restaurant,0.9952659159898758,
neg:d55bfd60-76c9-4bfa-8ff5-7899c5501035:9a0fc9a5-a6fd-48f0-a0c8-5781cf00b82f,Tully's Coffee,Tully's Coffee,〒277-0922 大島田1丁目6-1,postcode_and_partial,35.83381462097168,140.0121841430664,277-0922,大島田1丁目6-1,柏市,restaurant,0.77,
neg:57e73f3c-99ac-445f-a9ad-af7a17367fee:b785194d-c33e-452e-9cd9-df10a6a43e60,モンキーのいるレストラン&Bar,モンキーのいるレストラン&Bar,〒402-0025 山梨県都留市法能2494−2,prefecture_and_postcode,35.55621147155762,138.9238052368164,402-0025,山梨県都留市法能２４９４−２,都留市,restaurant,0.8098962306976318,
neg:f1c30c5f-58d0-4cc5-a694-d4c21cfd6f10:1a1a5dfe-41d4-4b2f-b28e-35c716665f0f,グリーンヒル多和,グリーンヒル多和,〒153-0042 青葉台3-17-7,postcode_and_partial,35.65057563781738,139.6912841796875,153-0042,青葉台3-17-7,目黒区,restaurant,0.77,
neg:c732e7b1-5968-419d-a93d-6a07b4634c18:ed2c3889-1b90-424d-9844-dfb311d86143,鉄板焼き はまだ,鉄板焼き はまだ,〒377-0103 伊香保町水沢204,postcode_and_partial,36.47940635681152,138.94727325439453,377-0103,伊香保町水沢204,渋川市,restaurant,0.77,
neg:4f21d3b0-1aff-4f29-8e1a-8b9491ce8ca1:97aa79c8-2d4d-4904-b249-9d379fd3e7c1,炎麻堂三軒茶屋店,炎麻堂三軒茶屋店,〒210-0818 神奈川県川崎市川崎区中瀬2丁目15−11−3,prefecture_and_postcode,35.538143157958984,139.72931671142578,210-0818,神奈川県川崎市川崎区中瀬２丁目１５−１１−３,川崎市川崎区,non_alcoholic_beverage_venue,0.9511065119504929,
neg:6ea83f91-9c5c-4ff3-a949-4d077bcffafd:fde64e26-68e0-4451-ba74-b5d97acadfe8,魚光,魚光,〒730-0028 中区流川町5-31,postcode_and_partial,34.38984489440918,132.46468353271484,730-0028,中区流川町5-31,広島市中区,restaurant,0.8768829703330994,
neg:3350724f-b77d-49a6-b7c1-7ad9bc5b547c:6c090004-0e93-4232-859d-4dc0dbe042e4,喜多方ラーメン坂内東部町店,喜多方ラーメン坂内東部町店,〒720-0801 広島県福山市入船町3丁目1−25,prefecture_and_postcode,34.48630332946777,133.3777084350586,720-0801,広島県福山市入船町３丁目１−２５,福山市,coffee_shop,0.999864932090044,
neg:daeeafd4-ccb1-437b-a2bc-a2772f83c81d:4350da35-9ca3-422b-a88e-3ff58e8d1667,アリスの海,アリスの海,〒359-1116 東町11-1 グラシスタワー所沢110,postcode_and_partial,35.79021644592285,139.4698257446289,359-1116,東町11-1 グラシスタワー所沢110,所沢市,bar,0.77,
neg:9b0aa140-039f-49ac-a9db-ddbb62cb422c:9d4eaef8-c56b-4d76-8d7d-da2209222f13,天手古舞,天手古舞,〒812-0053 福岡県福岡市東区箱崎4丁目9−34,prefecture_and_postcode,33.62126922607422,130.4189682006836,812-0053,福岡県福岡市東区箱崎４丁目９−３４,福岡市東区,restaurant,0.15474502742290497,
neg:dc7ede78-31d4-428f-bc5d-03596ee384cb:91dc67bc-c336-489c-b466-036ad2f46d4f,串八丁,串八丁,〒930-0082 7-5 Sakuragicho,postcode_and_partial,36.694440841674805,137.21520233154297,930-0082,7-5 Sakuragicho,富山市,bar,0.928111732006073,
neg:64860571-f459-4a9f-9410-879e74addd48:b6ecf78e-e0b1-40b4-ad42-43f09b9446ef,Ama,Ama,〒260-0032 中央区登戸1-23-1,postcode_and_partial,35.60873222351074,140.10860443115234,260-0032,中央区登戸1-23-1,千葉市,restaurant,0.77,
neg:4350da35-9ca3-422b-a88e-3ff58e8d1667:b07fe5c5-4641-4006-afd7-7dc58b143ea8,お食事処栗山,お食事処栗山,〒994-0034 山形県天童市本町1丁目1−2,prefecture_and_postcode,38.35972785949707,140.3699188232422,994-0034,山形県天童市本町１丁目１−２,天童市,restaurant,0.9359261989593506,
neg:e568f008-e846-4f5a-9c01-9342631730c4:dfa9ab63-83d0-47f1-a552-f94c78c1b548,福田アジア食堂,福田アジア食堂,〒450-0002 愛知県名古屋市中村区名駅4丁目26−23,prefecture_and_postcode,35.16848945617676,136.8867416381836,450-0002,愛知県名古屋市中村区名駅４丁目２６−２３,名古屋市中村区,restaurant,0.8980255126953125,
neg:d55bfd60-76c9-4bfa-8ff5-7899c5501035:ee685121-8881-4160-9c6e-a4360abdb160,焼肉じゅじゅ 新潟,焼肉じゅじゅ 新潟,〒277-0922 大島田1丁目6-1,postcode_and_partial,35.83381462097168,140.0121841430664,277-0922,大島田1丁目6-1,柏市,restaurant,0.77,
neg:3c1f358d-7cbc-4666-b430-4319737127a1:e4d41dfd-74fd-4859-9c40-95b551331a0e,丸美食堂,丸美食堂,〒160-0021 東京都新宿区歌舞伎町1丁目14−3,prefecture_and_postcode,35.69449806213379,139.7020034790039,160-0021,東京都新宿区歌舞伎町１丁目１４−３,新宿区,restaurant,0.9974702107906341,
neg:471d8b7f-aa19-4d10-9551-de6adcb0fa00:e66cbef0-5230-41fd-a731-d63da5e63c79,モスバーガー,モスバーガー,〒312-0055 茨城県ひたちなか市大成町30−12,prefecture_and_postcode,36.387155532836914,140.53620147705078,312-0055,茨城県ひたちなか市大成町３０−１２,ひたちなか市,restaurant,0.9625621247291565,
neg:7a86b68a-42d9-4d4c-8932-5c4f87162c19:d1d972c7-9393-4a55-a3e5-416f24c7ee13,穂北うどん,穂北うどん,〒550-0004 大阪府大阪市西区靱本町1丁目4−20,prefecture_and_postcode,34.68446159362793,135.4971694946289,550-0004,大阪府大阪市西区靱本町１丁目４−２０,大阪市西区,bar,0.9113953709602356,
neg:e442b08a-2e33-445c-a4aa-396d84668a54:444de0ff-ba10-4553-ab9f-9c6159dc8704,RF1,RF1,〒859-3243 ハウステンボス町1-1,postcode_and_partial,33.08375358581543,129.78446197509766,859-3243,ハウステンボス町1-1,佐世保市,restaurant,0.9927565258741379,
neg:3cd1c312-9d01-4147-a2e1-c03b493f5227:97aa79c8-2d4d-4904-b249-9d379fd3e7c1,炎麻堂三軒茶屋店,炎麻堂三軒茶屋店,〒543-0052 大阪府大阪市天王寺区大道4丁目9−12,prefecture_and_postcode,34.64944267272949,135.52259063720703,543-0052,大阪府大阪市天王寺区大道４丁目９−１２,大阪市天王寺区,,0.9284969568252563,
neg:8f5cbfbb-dc0d-464a-afaf-061ff07ab6bd:6c090004-0e93-4232-859d-4dc0dbe042e4,喜多方ラーメン坂内東部町店,喜多方ラーメン坂内東部町店,〒402-0053 山梨県都留市上谷1丁目2−8,prefecture_and_postcode,35.55055046081543,138.90467071533203,402-0053,山梨県都留市上谷１丁目２−８,都留市,restaurant,0.8278042078018188,
neg:cff8b697-30c0-479f-babe-330ba4130590:08254c47-c1ad-4678-b5c0-1f78259db4fa,ほっともっと,ほっともっと,〒550-0002 大阪府大阪市西区江戸堀1丁目13−10,prefecture_and_postcode,34.69171333312988,135.49591064453125,550-0002,大阪府大阪市西区江戸堀１丁目１３−１０,大阪市西区,restaurant,0.8392778635025024,
neg:07b43b66-e255-41b6-b6ce-04b002232a96:dfeefc0d-35eb-4d49-b218-5503d316cae6,鴨南 さかな市場政富,鴨南 さかな市場政富,〒104-0061 東京都中央区銀座6丁目5−8,prefecture_and_postcode,35.67064094543457,139.76168823242188,104-0061,東京都中央区銀座６丁目５−８,中央区,restaurant,0.1748179942369461,
neg:535a164e-f5f5-4cbe-b0b9-dfe2b33cc774:8c349c42-711e-48a4-a7f8-b2be05fd0682,第二又一,第二又一,〒437-0064 静岡県袋井市川井95−2,prefecture_and_postcode,34.7473201751709,137.91431427001953,437-0064,静岡県袋井市川井９５−２,袋井市,restaurant,0.4642564058303833,
neg:4dd0cab5-f688-4a8d-a93d-274ea325cf89:3c1e2ed0-5c47-4ef6-8588-b266bb9046fb,店長のひとりごと,店長のひとりごと,〒151-0053 東京都渋谷区代々木2丁目20−15,prefecture_and_postcode,35.68630790710449,139.6969985961914,151-0053,東京都渋谷区代々木２丁目２０−１５,渋谷区,restaurant,0.8943207859992981,
neg:c63d7d73-ff59-4635-a428-221cc99a4815:aef8fd9b-d255-4fc8-8b5e-da7e4772ea16,花麒麟,花麒麟,〒154-0004 太子堂4-22-12,postcode_and_partial,35.643999099731445,139.67034149169922,154-0004,太子堂4-22-12,世田谷区,restaurant,0.77,
neg:68911e41-934f-44d4-bc32-8b328c69309e:8904e195-6a15-4979-ad09-319489642f24,ワイン食堂 たろんちゃ,ワイン食堂 たろんちゃ,〒190-0014 緑町3-1,postcode_and_partial,35.70321083068848,139.41236114501953,190-0014,緑町3-1,立川市,restaurant,0.77,
neg:e4f771f1-0b38-426d-83f9-b066a0a50785:ce159168-5130-4def-9fea-c97022302a16,珈琲日出蔵,珈琲日出蔵,〒165-0025 東京都中野区沼袋3丁目27−6,prefecture_and_postcode,35.72030830383301,139.6628646850586,165-0025,東京都中野区沼袋３丁目２７−６,中野区,bar,0.9952729624509812,
neg:6a3ec516-251c-4aac-8c04-d2efd6284829:6e7471f5-0d06-4336-8983-a81f90c41cfe,ブルズカフェ,ブルズカフェ,〒252-0001 神奈川県座間市相模が丘1丁目9−18,prefecture_and_postcode,35.50993537902832,139.4159927368164,252-0001,神奈川県座間市相模が丘１丁目９−１８,座間市,restaurant,0.9918403899669648,
neg:16a07b54-eec8-4c35-934c-c5e1c1c09677:42857f36-e101-4875-9431-81dbe93295e8,Selene,Selene,〒212-0055 神奈川県川崎市幸区南加瀬2丁目8−11,prefecture_and_postcode,35.54865074157715,139.65968322753906,212-0055,神奈川県川崎市幸区南加瀬２丁目８−１１,川崎市幸区,fast_food_restaurant,0.9967833042144776,
neg:1c296670-492e-4fe6-84f7-3726c393c984:444de0ff-ba10-4553-ab9f-9c6159dc8704,RF1,RF1,〒412-0043 新橋1909-2,postcode_and_partial,35.299861907958984,138.93826293945312,412-0043,新橋1909-2,御殿場市,restaurant,0.9814788103103638,
neg:8c021afc-78db-47f9-8893-57f54197e323:3c5d8444-dd67-479e-b962-ae277f2a5585,ラーメン クマジロウ,ラーメン クマジロウ,〒944-0042 東雲町9-19 エリア: 妙高,postcode_and_partial,37.02871513366699,138.25151824951172,944-0042,東雲町9-19 エリア: 妙高,妙高市,restaurant,0.77,
neg:66baab6f-2c4c-469e-9dbf-e859d28c5f68:3db83a64-1443-4615-b3d8-11b7cacbb3e4,さかなや道場,さかなや道場,〒162-0824 東京都新宿区揚場町1−13,prefecture_and_postcode,35.70255088806152,139.7438735961914,162-0824,東京都新宿区揚場町１−１３,新宿区,restaurant,0.9985437905490399,
neg:8d2f02b9-7174-479b-b477-0e653025eb8a:b2f960d6-a85b-435e-a21f-0d5def14236f,Ishibashi Coffee,Ishibashi Coffee,〒454-0845 愛知県名古屋市中川区馬手町2丁目121−3,prefecture_and_postcode,35.12814903259277,136.86590576171875,454-0845,愛知県名古屋市中川区馬手町２丁目１２１−３,名古屋市中川区,restaurant,0.9972529768943786,
neg:fc062214-a608-4b88-890b-aebdd030bc3c:afeba4c3-968c-4dd6-92e4-58dfa5136f86,麺食房 たけひろ,麺食房 たけひろ,〒550-0027 大阪府大阪市西区九条3丁目13−4,prefecture_and_postcode,34.677080154418945,135.47045135498047,550-0027,大阪府大阪市西区九条３丁目１３−４,大阪市西区,restaurant,0.6815180778503418,
neg:ebefdce0-7ae0-477e-b9f7-eb876a42bb1f:00d1a565-8804-4caf-b4df-c4cd078964e1,メルヘン,メルヘン,〒770-0934 秋田町2-33,postcode_and_partial,34.06460380554199,134.5493392944336,770-0934,秋田町2-33,徳島市,cafe,0.9224008333683014,
neg:8cfe584e-a035-473e-b85b-8c326af736e8:fdf5a092-42b5-4f2a-a28e-abf2eaf6b9e4,博多屋鷺宮店,博多屋鷺宮店,〒321-0161 栃木県宇都宮市大塚町11−20,prefecture_and_postcode,36.535478591918945,139.85872650146484,321-0161,栃木県宇都宮市大塚町１１−２０,宇都宮市,restaurant,0.9637826681137085,
neg:baf6afb5-764f-404b-a8c6-852047a2b648:68911e41-934f-44d4-bc32-8b328c69309e,ESOLA,ESOLA,〒951-8114 新潟県新潟市中央区営所通1番町330−2,prefecture_and_postcode,37.921377182006836,139.04187774658203,951-8114,新潟県新潟市中央区営所通１番町３３０−２,新潟市中央区,restaurant,0.9843326807022095,
neg:e2c98043-db8a-4eb1-8eee-2129ec638d49:b785194d-c33e-452e-9cd9-df10a6a43e60,モンキーのいるレストラン&Bar,モンキーのいるレストラン&Bar,〒849-0506 95 Kamioda,postcode_and_partial,33.22854423522949,130.14429473876953,849-0506,95 Kamioda,杵島郡江北町,casual_eatery,0.9499608278274536,
neg:182146f4-f9ed-4830-a5ca-f824b9f61b61:ea24967b-a69e-45cc-8a5e-a4a123453eae,Maduro,Maduro,〒810-0041 福岡県福岡市中央区大名1丁目12−56,prefecture_and_postcode,33.58834648132324,130.39583587646484,810-0041,福岡県福岡市中央区大名１丁目１２−５６,福岡市中央区,bar,0.8395353555679321,
neg:bd413c0c-80ce-4b23-8311-e29de06f2c46:22567340-d2fb-4d38-9829-5a4dc2f3202f,英 - はなぶさ,英 - はなぶさ,〒290-0062 千葉県市原市八幡997−7,prefecture_and_postcode,35.5353946685791,140.11811065673828,290-0062,千葉県市原市八幡９９７−７,市原市,restaurant,0.9946654725074768,
neg:fdf5a092-42b5-4f2a-a28e-abf2eaf6b9e4:770c6afe-cb5c-452b-98ff-af5cd03231fc,インド料理 Kalika,インド料理 Kalika,〒165-0032 東京都中野区鷺宮3丁目15−12,prefecture_and_postcode,35.72268867492676,139.6394271850586,165-0032,東京都中野区鷺宮３丁目１５−１２,中野区,restaurant,0.9505295753479004,
neg:dea72955-4b4b-4856-8edb-0d85240f80b6:cb4fc13f-b230-4bc6-b1f7-d35e82114a91,亀有酒場,亀有酒場,〒231-0014 5 Chome-59 Tokiwacho,postcode_and_partial,35.447227478027344,139.63518524169922,231-0014,5 Chome-59 Tokiwacho,横浜市中区,restaurant,0.7732216715812683,
neg:d4754dcd-5561-4036-8fbc-c4c2b2ffb4a3:3cd1c312-9d01-4147-a2e1-c03b493f5227,呑み喰い処 はちごう,呑み喰い処 はちごう,〒426-0034 静岡県藤枝市駅前2丁目8−2,prefecture_and_postcode,34.85133934020996,138.25171661376953,426-0034,静岡県藤枝市駅前２丁目８−２,藤枝市,restaurant,0.9932589083909988,
neg:8cd2c0c9-8535-4ae1-8cb0-49f0dfd99fe4:f8f1c49f-db84-4e4c-9a45-9d90093ee306,アンドリューのエッグタルト,アンドリューのエッグタルト,〒135-8707 台場1-7-1,postcode_and_partial,35.62814521789551,139.77367401123047,135-8707,台場1-7-1,港区,food_court,0.77,
neg:37b74d4c-4884-4268-9f3a-dab6eb4861ec:86aa39bf-6d23-4888-b8ff-d568c5887aa1,CAFE くるみの木,CAFE くるみの木,〒024-0051 岩手県北上市相去町中平沢7−4,prefecture_and_postcode,39.24133491516113,141.0799789428711,024-0051,岩手県北上市相去町中平沢７−４,北上市,,0.9337710738182068,
neg:dfbd167d-102d-4556-b4da-f8b2fd9b8c28:b6ecf78e-e0b1-40b4-ad42-43f09b9446ef,Ama,Ama,茨城県久慈郡大子町大子671,prefecture_only,36.77178382873535,140.35167694091797,,茨城県久慈郡大子町大子６７１,久慈郡大子町,casual_eatery,0.8911167979240417,
neg:652709f3-167e-4e6a-be74-d73fa1496335:183f0099-e7fb-4b3a-ba14-ac2fc5d6d3f1,幕明けベーカリー,幕明けベーカリー,〒543-0014 大阪府大阪市天王寺区玉造元町2−32,prefecture_and_postcode,34.67428398132324,135.53253936767578,543-0014,大阪府大阪市天王寺区玉造元町２−３２,大阪市天王寺区,restaurant,0.9809943437576294,
neg:e3df27a4-3769-44e4-9422-bdb40371910e:cde0defa-7c95-4a4e-9e44-c1662b8cb0ca,すし屋銀蔵港北東急Sc店,すし屋銀蔵港北東急Sc店,〒020-0148 前潟4-7-1,postcode_and_partial,39.70878219604492,141.10245513916016,020-0148,前潟4-7-1,盛岡市,restaurant,0.6023164987564087,
neg:7820abbc-e35d-4ed5-85e9-78257af93100:8b2727e0-d534-454b-bfa5-ce59080b4e0a,Indian and Nepali restaurant Kalpana,Indian and Nepali restaurant Kalpana,〒104-0061 銀座7-13-22,postcode_and_partial,35.66825294494629,139.76441192626953,104-0061,銀座7-13-22,中央区,restaurant,0.77,
neg:7ad5940e-5182-4848-b989-f27f3439e1fe:d2565533-9c14-4af2-a4a7-fd813c4feea2,Bistro Incontro,Bistro Incontro,〒870-0921 萩原2丁目8-21,postcode_and_partial,33.2455997467041,131.6399154663086,870-0921,萩原2丁目8-21,大分市,restaurant,0.9634259939193726,
neg:182146f4-f9ed-4830-a5ca-f824b9f61b61:cf7722ff-5430-46eb-9584-dc359a859027,ルルブ,ルルブ,〒810-0041 福岡県福岡市中央区大名1丁目12−56,prefecture_and_postcode,33.58834648132324,130.39583587646484,810-0041,福岡県福岡市中央区大名１丁目１２−５６,福岡市中央区,bar,0.8395353555679321,
neg:2f575210-38af-4f00-a9d0-aad0a7738c4e:341510ea-72b4-4a31-a99d-4ab7b98b9a88,魚常,魚常,〒790-0051 愛媛県松山市生石町153,prefecture_and_postcode,33.8314151763916,132.74393463134766,790-0051,愛媛県松山市生石町１５３,松山市,restaurant,0.9965396831035614,
neg:244751fa-ceae-4e00-b7cc-98f773770984:07b43b66-e255-41b6-b6ce-04b002232a96,ツークシュピッツェ,ツークシュピッツェ,〒557-0014 大阪府大阪市西成区天下茶屋3丁目23−22,prefecture_and_postcode,34.63649940490723,135.49742889404297,557-0014,大阪府大阪市西成区天下茶屋３丁目２３−２２,大阪市西成区,restaurant,0.9981211584806442,
neg:2ce0a549-1d6d-440c-a01f-4771b08714a3:ac0faa9c-f4fa-451d-b8f5-134349f2a970,居酒屋ほへと,居酒屋ほへと,〒275-0011 千葉県習志野市大久保1丁目18−9,prefecture_and_postcode,35.687551498413086,140.04859924316406,275-0011,千葉県習志野市大久保１丁目１８−９,習志野市,restaurant,0.9948706561326981,
neg:e4d41dfd-74fd-4859-9c40-95b551331a0e:bb9c8763-0eac-4bc5-a1fa-7ab4efaaeb01,たこまん小笠工場,たこまん小笠工場,〒089-2627 丸山通 北1丁目31,postcode_and_partial,42.29425811767578,143.3117904663086,089-2627,丸山通 北1丁目31,広尾郡広尾町,restaurant,0.9151075482368469,
neg:2b430931-25d2-4b99-92e4-2e8e28352110:b014672f-902b-46e1-932f-d1d2f76dbefe,平四郎下曽根本店,平四郎下曽根本店,〒036-8192 大字鍛冶町66,postcode_and_partial,40.60015296936035,140.47077178955078,036-8192,大字鍛冶町66,弘前市,restaurant,0.6426536440849304,
neg:e7d9ebce-c2d6-4249-ab63-3a57d22df04d:ad5c30df-df6f-4def-b6a9-320e4d2fdc97,ばんどう太郎 石岡総本店,ばんどう太郎 石岡総本店,〒810-0022 福岡県福岡市中央区薬院1丁目14−13,prefecture_and_postcode,33.5825252532959,130.39888763427734,810-0022,福岡県福岡市中央区薬院１丁目１４−１３,福岡市中央区,restaurant,0.7925792336463928,
neg:8ca83beb-2a04-4a1c-a0f9-d0e8b12dc452:bba513d5-4b27-4d7c-920b-d3eb921a38de,ジョイフル 鶴ヶ島一本松店,ジョイフル 鶴ヶ島一本松店,〒812-0017 福岡県福岡市博多区美野島3丁目17−8,prefecture_and_postcode,33.57737159729004,130.41873931884766,812-0017,福岡県福岡市博多区美野島３丁目１７−８,福岡市博多区,restaurant,0.38179031014442444,
neg:6afb0dce-16ea-4c1f-8daf-d058338e89e0:2e74c507-46d9-45af-b29e-dd11a39aaeec,ひげおばんざいバイキング,ひげおばんざいバイキング,〒670-0804 兵庫県姫路市保城654−2,prefecture_and_postcode,34.85687446594238,134.72016143798828,670-0804,兵庫県姫路市保城６５４−２,姫路市,restaurant,0.9973725610971451,
neg:9eae480e-dc36-46d9-838e-ccd96f3e380b:26273bd4-bfa3-49da-9562-8edb8d32b1a5,ハンバーグ Bingo,ハンバーグ Bingo,〒730-0034 広島PARCO新館地下1F,postcode_and_partial,34.392141342163086,132.46268463134766,730-0034,広島PARCO新館地下１F,広島市中区,cafe,0.5644474625587463,
neg:0615df0d-6050-4fac-b572-dc644ce293d3:0435f150-ef84-4d85-a3f3-dc0e9d79bb1a,ピッコロプリマベーラ,ピッコロプリマベーラ,〒056-0017 北海道日高郡新ひだか町静内御幸町2丁目5−63,prefecture_and_postcode,42.33952522277832,142.3666534423828,056-0017,北海道日高郡新ひだか町静内御幸町２丁目５−６３,日高郡新ひだか町,restaurant,0.922199010848999,
neg:e2c98043-db8a-4eb1-8eee-2129ec638d49:cf7793a9-e7cc-4d53-ac91-517636f5991f,ベッカライ　ビス・バルト,ベッカライ ビス・バルト,〒849-0506 95 Kamioda,postcode_and_partial,33.22854423522949,130.14429473876953,849-0506,95 Kamioda,杵島郡江北町,casual_eatery,0.9499608278274536,
neg:ba6e8efd-5567-4d6b-a204-58edc1afb9c3:1cc65a53-8d71-4bc1-a095-57ccd92b0fb3,とんかつ 新宿さぼてん 池尻大橋玉川通り店,とんかつ 新宿さぼてん 池尻大橋玉川通り店,〒550-0013 大阪府大阪市西区新町4丁目6−20,prefecture_and_postcode,34.676984786987305,135.48612213134766,550-0013,大阪府大阪市西区新町４丁目６−２０,大阪市西区,restaurant,0.9856835007667542,
neg:27f554a2-9cb7-40e1-ba31-d30e4e54abcf:86aa39bf-6d23-4888-b8ff-d568c5887aa1,CAFE くるみの木,CAFE くるみの木,〒070-0037 北海道旭川市7条通8丁目38−19,prefecture_and_postcode,43.77192687988281,142.36286163330078,070-0037,北海道旭川市７条通８丁目３８−１９,旭川市,coffee_shop,0.9982731646299362,
neg:f402ab1d-a0b7-43b2-8145-d848faaebf8f:3c1f358d-7cbc-4666-b430-4319737127a1,鉄板焼き 濱,鉄板焼き 濱,〒538-0044 大阪府大阪市鶴見区放出東3丁目31−28,prefecture_and_postcode,34.688371658325195,135.56468963623047,538-0044,大阪府大阪市鶴見区放出東３丁目３１−２８,大阪市鶴見区,casual_eatery,0.4439809024333954,
neg:e775143f-44a2-497f-8769-f4419e5b9eda:f4456287-3540-4f3a-bfd6-e978cb6e0f57,Flap Oven,Flap Oven,〒625-0050 京都府舞鶴市北浜町4−4,prefecture_and_postcode,35.469064712524414,135.3969497680664,625-0050,京都府舞鶴市北浜町４−４,舞鶴市,restaurant,0.9900599110126496,
neg:3fb217e1-c827-4023-b764-353ca74f0b73:07b43b66-e255-41b6-b6ce-04b002232a96,ツークシュピッツェ,ツークシュピッツェ,〒111-0032 4 Chome-8-1 Asakusa,postcode_and_partial,35.71773719787598,139.79743194580078,111-0032,4 Chome-8-1 Asakusa,台東区,coffee_shop,0.714905858039856,
neg:4c0b4757-4abc-4be4-9a50-e20ff78cb4e2:3fd1f346-438b-444d-b060-2d80056b8ec6,Quarant Quatre,Quarant Quatre,〒010-0201 Egawakamiyachi Tenno,postcode_and_partial,39.856849670410156,140.00960540771484,010-0201,Egawakamiyachi Tenno,潟上市,restaurant,0.9803701633214951,
neg:56eb5338-0f07-4bfc-bb22-b31087d5fe56:91971e8c-a355-4c9e-beaa-8b3278252332,幸楽苑 ジョイフルホンダ 千葉ニュータウン店,幸楽苑 ジョイフルホンダ 千葉ニュータウン店,〒890-0053 鹿児島県鹿児島市中央町24−20,prefecture_and_postcode,31.58078956604004,130.54227447509766,890-0053,鹿児島県鹿児島市中央町２４−２０,鹿児島市,cafe,0.8848752975463867,
neg:4734d195-e5bc-4d32-a86d-c1b8e4f78041:d6af520f-7407-4a40-9a5b-558b18aa2e3f,Shining Stage Chiemi,Shining Stage Chiemi,〒389-1226 川上2755-345,postcode_and_partial,36.74481201171875,138.18892669677734,389-1226,川上2755-345,飯綱町,restaurant,0.77,
neg:ab8957df-54c1-4f48-a669-ed88efba7084:63a95929-d7d3-471b-9afe-16f7031edc1c,コメダ珈琲杁中店,コメダ珈琲杁中店,〒155-0031 北沢2-15-5,postcode_and_partial,35.659658432006836,139.66686248779297,155-0031,北沢2-15-5,世田谷区,restaurant,0.77,
neg:4dd0cab5-f688-4a8d-a93d-274ea325cf89:9e48c8d5-dfa8-4f1e-8c05-f4c70ee8feeb,Infinity_TAKAMATSU,Infinity_TAKAMATSU,〒151-0053 東京都渋谷区代々木2丁目20−15,prefecture_and_postcode,35.68630790710449,139.6969985961914,151-0053,東京都渋谷区代々木２丁目２０−１５,渋谷区,restaurant,0.8943207859992981,
neg:821554bd-0fba-491e-8e92-2a7f2f62713f:ea24967b-a69e-45cc-8a5e-a4a123453eae,Maduro,Maduro,〒750-0025 山口県下関市竹崎町1丁目17−20,prefecture_and_postcode,33.95121765136719,130.92688751220703,750-0025,山口県下関市竹崎町１丁目１７−２０,下関市,bar,0.5176331996917725,
neg:26273bd4-bfa3-49da-9562-8edb8d32b1a5:0f823b78-8c32-4d42-8244-33d05e4fa712,コシャラシャント（はんちくてい）,コシャラシャント(はんちくてい),〒426-0045 静岡県藤枝市泉町774−6,prefecture_and_postcode,34.83261489868164,138.26657104492188,426-0045,静岡県藤枝市泉町７７４−６,藤枝市,restaurant,0.9869719982147217,
neg:fdf5a092-42b5-4f2a-a28e-abf2eaf6b9e4:d1d972c7-9393-4a55-a3e5-416f24c7ee13,穂北うどん,穂北うどん,〒165-0032 東京都中野区鷺宮3丁目15−12,prefecture_and_postcode,35.72268867492676,139.6394271850586,165-0032,東京都中野区鷺宮３丁目１５−１２,中野区,restaurant,0.9505295753479004,
neg:6bde7d3f-cb0d-46f9-8366-10d10d77934b:fb7a5cf2-c17a-48c9-b2c2-a764776652f9,漁師直営食堂 中村屋,漁師直営食堂 中村屋,〒120-0005 東京都足立区綾瀬2丁目24−4,prefecture_and_postcode,35.76139259338379,139.82634735107422,120-0005,東京都足立区綾瀬２丁目２４−４,足立区,restaurant,0.9510971903800964,
neg:8ab853be-626a-4d14-8f8b-29100f9d1834:be1c79d9-025d-40b8-8026-7813dd00ddd4,熊猫飯店,熊猫飯店,〒153-0052 東京都目黒区祐天寺2丁目3−15,prefecture_and_postcode,35.6375675201416,139.69226837158203,153-0052,東京都目黒区祐天寺２丁目３−１５,目黒区,restaurant,0.9881887465715409,
neg:aab03ef2-c7e5-40a5-91ec-b9ecd14eafa8:e5abee25-4e43-4275-8580-08ae4132b7dc,そば屋竹辰,そば屋竹辰,〒373-0055 群馬県太田市大島町401−7,prefecture_and_postcode,36.30447006225586,139.3636932373047,373-0055,群馬県太田市大島町４０１−７,太田市,restaurant,0.7270956039428711,
neg:fca33480-d706-437d-8744-b5617d252caa:97a39b14-8ea9-45d2-9ca2-1aa0fc272de0,張,張,〒811-5135 長崎県壱岐市郷ノ浦町郷ノ浦93,prefecture_and_postcode,33.745439529418945,129.69144439697266,811-5135,長崎県壱岐市郷ノ浦町郷ノ浦９３,壱岐市,restaurant,0.44009929895401,
neg:8228892f-2ae7-494c-a45c-b571c958b1f1:e7d9ebce-c2d6-4249-ab63-3a57d22df04d,スパイステーブル,スパイステーブル,〒015-0875 砂子下62-6,postcode_and_partial,39.38658332824707,140.03553009033203,015-0875,砂子下62-6,由利本荘市,fast_food_restaurant,0.77,
neg:ff9ddc59-a292-4fec-a2c5-67b6f4b3f4a8:f64fd5fe-bc2c-4189-bb72-a75cd8cbe857,都,都,鳥取県東伯郡琴浦町浦安363−1,prefecture_only,35.49344062805176,133.69231414794922,,鳥取県東伯郡琴浦町浦安３６３−１,東伯郡琴浦町,bar,0.8471782207489014,
neg:91971e8c-a355-4c9e-beaa-8b3278252332:25ff98c2-9a70-49ea-ab30-ad1bfbe38a15,Cinquecento,Cinquecento,〒270-1331 牧の原2丁目1,postcode_and_partial,35.806562423706055,140.15856170654297,270-1331,牧の原2丁目1,印西市,restaurant,0.8261899948120117,
neg:9ab999cf-63df-43fd-9c7c-7204d837bc21:2d377ffa-0acb-4e53-a991-3a368bb4a057,東京チカラめし お茶の水店,東京チカラめし お茶の水店,〒370-0042 群馬県高崎市貝沢町1274,prefecture_and_postcode,36.34014701843262,139.02532196044922,370-0042,群馬県高崎市貝沢町１２７４,高崎市,restaurant,0.9945951175689697,
neg:98b9dbb8-4aac-4683-9391-8e04c14ad918:94ebaa22-f6f8-4eb7-a224-3282989c78a4,さくら茶屋 ヤマキシ朝日店,さくら茶屋 ヤマキシ朝日店,〒152-0002 東京都目黒区目黒本町3丁目7−16,prefecture_and_postcode,35.621931076049805,139.7010955810547,152-0002,東京都目黒区目黒本町３丁目７−１６,目黒区,restaurant,0.9895144134759903,
neg:05527e33-77b7-4b11-b147-48b3cab94391:f444ac57-28b4-466f-8bf9-ec032946dddf,山本肉炭,山本肉炭,〒693-0054 浜町1665,postcode_and_partial,35.37454414367676,132.7218246459961,693-0054,浜町1665,出雲市,casual_eatery,0.77,
neg:87c7580b-0cad-4fb4-885f-d3d8333b1ec0:dbd997d6-2e2e-4c57-81ae-24b11631de4a,ステーキハウスパスチャー,ステーキハウスパスチャー,栃木県小山市羽川69−1,prefecture_only,36.350778579711914,139.82621002197266,,栃木県小山市羽川６９−１,小山市,,0.909031093120575,
neg:386d45f3-acf7-4ac6-bc2e-828f448eda18:afe74ac1-3926-4cbd-928f-c8695660f2e3,Purpose Cafe,Purpose Cafe,〒330-0061 埼玉県さいたま市浦和区常盤6丁目2−13,prefecture_and_postcode,35.86331367492676,139.64633178710938,330-0061,埼玉県さいたま市浦和区常盤６丁目２−１３,さいたま市浦和区,restaurant,0.6889734268188477,
neg:01532ee7-9589-481f-bf2f-36e1ba118c78:dbb7bb1f-ada1-4285-904c-05bf535491ef,宗右衛門町,宗右衛門町,〒752-0974 山口県下関市長府土居の内町1−17,prefecture_and_postcode,33.99844932556152,130.99060821533203,752-0974,山口県下関市長府土居の内町１−１７,下関市,restaurant,0.92719566822052,
neg:e2c98043-db8a-4eb1-8eee-2129ec638d49:2ca15a8c-c20f-4a57-a656-ad95675addc3,あび,あび,〒849-0506 95 Kamioda,postcode_and_partial,33.22854423522949,130.14429473876953,849-0506,95 Kamioda,杵島郡江北町,casual_eatery,0.9499608278274536,
neg:356f1fee-94c9-43e0-925b-11a45e9177b6:2984b1a2-9c42-48d4-b97f-586ceb19c723,みそラーメン専門店味噌次郎,みそラーメン専門店味噌次郎,〒560-0012 上野坂二丁目3-3 2F,postcode_and_partial,34.80118942260742,135.4717788696289,560-0012,上野坂二丁目3-3 2F,豊中市,bar,0.7103126645088196,
neg:8c6d4a5f-a48d-4ee9-bab1-f0c2bca7f437:b134f62d-f097-4123-ba43-efcb87a70235,からつバーガー 天神店,からつバーガー 天神店,愛媛県西条市大町1642,prefecture_only,33.91591453552246,133.18509674072266,,愛媛県西条市大町１６４２,西条市,restaurant,0.6230542063713074,
neg:cf7722ff-5430-46eb-9584-dc359a859027:2271ca9e-9056-462d-bcf7-ac8f39638835,ビストロ シエル,ビストロ シエル,〒332-0012 埼玉県川口市本町2丁目4−18,prefecture_and_postcode,35.80036735534668,139.7259750366211,332-0012,埼玉県川口市本町２丁目４−１８,川口市,bar,0.8203269243240356,
neg:a0f0bf56-1e85-4f80-859e-210fca139aa4:0fd4cfb7-57b4-4ebe-95e6-ba439821a097,生うろん 八幡,生うろん 八幡,〒462-0809 愛知県名古屋市北区上飯田西町3丁目33,prefecture_and_postcode,35.20474624633789,136.92923736572266,462-0809,愛知県名古屋市北区上飯田西町３丁目３３,名古屋市北区,restaurant,0.8445813059806824,
neg:63a95929-d7d3-471b-9afe-16f7031edc1c:c3f3dec3-b818-40e3-a432-a19afbfebfe8,スパゲッティーのパンチョ,スパゲッティーのパンチョ,〒466-0833 愛知県名古屋市昭和区隼人町6−8,prefecture_and_postcode,35.1429500579834,136.9554214477539,466-0833,愛知県名古屋市昭和区隼人町６−８,名古屋市昭和区,coffee_shop,0.9066681009531021,
neg:97aa79c8-2d4d-4904-b249-9d379fd3e7c1:9aab7d42-1a0f-4d1b-8558-963a68c03fcc,ちゃんこ力士,ちゃんこ力士,〒154-0004 東京都世田谷区太子堂4丁目22−12,prefecture_and_postcode,35.64413261413574,139.67034149169922,154-0004,東京都世田谷区太子堂４丁目２２−１２,世田谷区,restaurant,0.998159105181694,
neg:a0d349a9-6a4d-43f0-8d87-47a4f29138d8:8d2f02b9-7174-479b-b477-0e653025eb8a,長命うどん 浅井店,長命うどん 浅井店,"〒130-0013 Kinshi, 2 Chome−2−1 アルカキット錦糸町 10F",postcode_and_partial,35.697275161743164,139.81253814697266,130-0013,"Kinshi, 2 Chome−2−1 アルカキット錦糸町 10F",墨田区,restaurant,0.9572600722312927,
neg:dee64f6d-d078-45e9-a060-c0d4050d8066:dbd997d6-2e2e-4c57-81ae-24b11631de4a,ステーキハウスパスチャー,ステーキハウスパスチャー,〒107-0052 東京都港区赤坂4丁目3−10,prefecture_and_postcode,35.67416572570801,139.73583221435547,107-0052,東京都港区赤坂４丁目３−１０,港区,restaurant,0.9933217644691468,
neg:1d7f518a-00c3-4afd-b96a-e188c9c289ff:f73fbe39-562d-48e0-8ada-faa287fa6d7f,酒楽食楽,酒楽食楽,〒808-0025 若松区中川町1-30,postcode_and_partial,33.905229568481445,130.80828094482422,808-0025,若松区中川町1-30,北九州市若松区,bar,0.6251394152641296,
neg:a1fb0968-7472-4340-8873-81ba0b26a4c6:0e3fc0d7-5936-4edb-939a-803038d6b741,コルカリーノ,コルカリーノ,東京都港区麻布十番2丁目2-10 麻布十番スクエアB1F,prefecture_only,35.65546226501465,139.73563385009766,,東京都港区麻布十番２丁目２－１０　麻布十番スクエアＢ１Ｆ,,restaurant,0.954,
neg:4a10fc1c-6c84-4d66-862e-028df0695692:3adea5c0-18b3-40b3-a983-97cebc989e14,餃子の王将,餃子の王将,〒689-3324 1424-3 Muki,postcode_and_partial,35.4733829498291,133.44632720947266,689-3324,1424-3 Muki,西伯郡大山町,casual_eatery,0.8107386231422424,
neg:52824eaf-a27e-485c-9ede-fbd9b21d0e43:0a815007-a7d0-48ab-a941-70ad5503514b,二八蕎麦和み,二八蕎麦和み,〒430-0817 中央区頭陀寺町322-2,postcode_and_partial,34.69557571411133,137.75630950927734,430-0817,中央区頭陀寺町322-2,浜松市,casual_eatery,0.77,
neg:daeeafd4-ccb1-437b-a2bc-a2772f83c81d:1b87505b-5d7f-401c-872b-672f58c8a965,たこ焼専門店 ロード,たこ焼専門店 ロード,〒359-1116 東町11-1 グラシスタワー所沢110,postcode_and_partial,35.79021644592285,139.4698257446289,359-1116,東町11-1 グラシスタワー所沢110,所沢市,bar,0.77,
neg:94654737-fda8-49e6-a59d-c0c5f22f022b:8a4de53f-7adb-4939-b321-d77732a67636,プトーカフェ,プトーカフェ,〒271-8550 千葉県松戸市松戸1307−1,prefecture_and_postcode,35.78223991394043,139.8985824584961,271-8550,千葉県松戸市松戸１３０７−１,松戸市,restaurant,0.902253246307373,
neg:a2ef1824-173f-4f86-9762-98466496b663:07b43b66-e255-41b6-b6ce-04b002232a96,ツークシュピッツェ,ツークシュピッツェ,〒017-0846 秋田県大館市常盤木町11−29,prefecture_and_postcode,40.270734786987305,140.5585174560547,017-0846,秋田県大館市常盤木町１１−２９,大館市,bar,0.695233941078186,
neg:d59f2ed8-7bd6-40c9-9ba6-ddaa742912ac:fa695329-1319-4e68-bddc-982f49e81448,目黒の和食さとう,目黒の和食さとう,〒171-0051 東京都豊島区長崎4丁目12−7,prefecture_and_postcode,35.73052787780762,139.68465423583984,171-0051,東京都豊島区長崎４丁目１２−７,豊島区,restaurant,0.9248852044343948,
neg:fed12609-fefe-487a-b9f7-0dac111eccde:1025cb78-1e8e-4938-8be5-238d12d4a430,ロイズ函館空港店,ロイズ函館空港店,〒651-2273 西区糀台5-9-4 そごう西神店-5F,postcode_and_partial,34.72119331359863,135.0184555053711,651-2273,西区糀台5-9-4　そごう西神店-5F,神戸市西区,cafe,0.7146165370941162,
neg:880f21d9-e01e-4a33-a02f-0db415850919:63a95929-d7d3-471b-9afe-16f7031edc1c,コメダ珈琲杁中店,コメダ珈琲杁中店,〒330-0854 埼玉県さいたま市大宮区桜木町1丁目3−1,prefecture_and_postcode,35.90478515625,139.62329864501953,330-0854,埼玉県さいたま市大宮区桜木町１丁目３−１,さいたま市大宮区,restaurant,0.995862507224083,
neg:b07fe5c5-4641-4006-afd7-7dc58b143ea8:928b0df5-b356-439d-ac00-2356c3a30035,ケンタッキーフライドチキン,ケンタッキーフライドチキン,〒321-0515 栃木県那須烏山市曲田63−1,prefecture_and_postcode,36.63176345825195,140.10457611083984,321-0515,栃木県那須烏山市曲田６３−１,那須烏山市,restaurant,0.37766459584236145,
neg:af4dc38a-ab29-425a-a923-ca431cb47188:951bff3d-9034-4527-9f78-e32b6c6cc4e6,洋菓子リッタ,洋菓子リッタ,徳島県徳島市紺屋町5,prefecture_only,34.06674385070801,134.54952239990234,,徳島県徳島市紺屋町５,徳島市,restaurant,0.8787980675697327,
neg:3cd1c312-9d01-4147-a2e1-c03b493f5227:c63d7d73-ff59-4635-a428-221cc99a4815,ダパイダン105,ダパイダン105,〒543-0052 大阪府大阪市天王寺区大道4丁目9−12,prefecture_and_postcode,34.64944267272949,135.52259063720703,543-0052,大阪府大阪市天王寺区大道４丁目９−１２,大阪市天王寺区,,0.9284969568252563,
neg:52824eaf-a27e-485c-9ede-fbd9b21d0e43:8a4de53f-7adb-4939-b321-d77732a67636,プトーカフェ,プトーカフェ,〒430-0817 中央区頭陀寺町322-2,postcode_and_partial,34.69557571411133,137.75630950927734,430-0817,中央区頭陀寺町322-2,浜松市,casual_eatery,0.77,
neg:949577fb-954a-419d-99bc-1332f070ce3a:9b41c087-c642-4205-99ec-215691b199b4,毘膳,毘膳,〒151-0052 代々木神園町2-1,postcode_and_partial,35.66914176940918,139.70111846923828,151-0052,代々木神園町2-1,渋谷区,cafe,0.6993511319160461,
neg:e4f69711-005a-4da2-8659-fd475dd60fe3:8cd2c0c9-8535-4ae1-8cb0-49f0dfd99fe4,東京ラーメン国技館 舞,東京ラーメン国技館 舞,〒545-0052 大阪府大阪市阿倍野区阿倍野筋2丁目4−39,prefecture_and_postcode,34.64299201965332,135.5123519897461,545-0052,大阪府大阪市阿倍野区阿倍野筋２丁目４−３９,大阪市阿倍野区,restaurant,0.9823531800508499,
neg:94654737-fda8-49e6-a59d-c0c5f22f022b:49ec91b3-213a-4ac6-b334-e146f94b18cf,秘伝越前流手打ちそば 池田のそば すいこう,秘伝越前流手打ちそば 池田のそば すいこう,〒271-8550 千葉県松戸市松戸1307−1,prefecture_and_postcode,35.78223991394043,139.8985824584961,271-8550,千葉県松戸市松戸１３０７−１,松戸市,restaurant,0.902253246307373,
neg:c7cb9b25-f9bf-4249-8b20-78d6f1362b59:985858b7-d44c-4674-aabf-24c44b8d5c11,ビッグボーイ 柏増尾台店,ビッグボーイ 柏増尾台店,東京都新宿区神楽坂5丁目34,prefecture_only,35.70169258117676,139.7390899658203,,東京都新宿区神楽坂５丁目３４,新宿区,restaurant,0.6108969449996948,
neg:a1f02597-6463-40af-9b56-01096f8cac21:fa1c50f3-364d-49b6-99ec-32882b8588e6,河内の中華そば 醤,河内の中華そば 醤,〒252-0804 湘南台 2-22-17,postcode_and_partial,35.39485168457031,139.46533966064453,252-0804,湘南台 2-22-17,藤沢市,restaurant,0.77,
neg:3d2e4497-943e-4377-8f3f-3c090c254374:ebefdce0-7ae0-477e-b9f7-eb876a42bb1f,メイドLiveカフェ にゃんにゃん,メイドLiveカフェ にゃんにゃん,〒522-0063 滋賀県彦根市中央町4−2,prefecture_and_postcode,35.26983451843262,136.2546615600586,522-0063,滋賀県彦根市中央町４−２,彦根市,bar,0.6977283358573914,
neg:89061c89-e99f-4778-a1ff-636bab0673c2:272ebec3-7185-4580-b164-ad530b569d0f,大むら,大むら,〒761-8078 香川県高松市仏生山町甲322,prefecture_and_postcode,34.283037185668945,134.04296112060547,761-8078,香川県高松市仏生山町甲３２２,高松市,restaurant,0.9802539944648743,
neg:80281900-2c6e-4446-b554-65e7c535c462:229fa8e7-d93d-4709-aa21-07c76bf5155b,あ！！ponte,あ!!ponte,〒810-0001 福岡県福岡市中央区天神2丁目2−67,prefecture_and_postcode,33.58775520324707,130.4003143310547,810-0001,福岡県福岡市中央区天神２丁目２−６７,福岡市中央区,restaurant,0.7984187906235456,
neg:77a6dde7-aae3-439c-9d12-18595d8b6df0:87f5ac3a-f5a3-4f97-bcae-de61376d7f31,風来坊,風来坊,〒154-0012 駒沢5丁目23-3,postcode_and_partial,35.626333236694336,139.65596771240234,154-0012,駒沢5丁目23-3,世田谷区,coffee_shop,0.26568880677223206,
neg:5fd7e53e-f3c3-4e17-bc5b-117bf3b142fa:13b7a32b-57e7-4c94-9003-fe8604abe922,伊吹そば,伊吹そば,〒728-0017 349-5 Minamihatajikimachi,postcode_and_partial,34.80636024475098,132.8751449584961,728-0017,349-5 Minamihatajikimachi,三次市,restaurant,0.9937983155250549,
neg:c09ebd27-9ef4-42ea-b7a4-d6992692e8b2:4734d195-e5bc-4d32-a86d-c1b8e4f78041,天狗食堂,天狗食堂,〒595-0031 我孫子1丁目2-42,postcode_and_partial,34.4948673248291,135.41234588623047,595-0031,我孫子1丁目2-42,泉大津市,restaurant,0.25362855195999146,
neg:85cd09ae-471b-4e85-9019-29a1d1311b08:13b7a32b-57e7-4c94-9003-fe8604abe922,伊吹そば,伊吹そば,宮崎県東諸県郡綾町入野3584−4,prefecture_only,32.00140953063965,131.26506805419922,,宮崎県東諸県郡綾町入野３５８４−４,東諸県郡綾町,,0.7417538166046143,
neg:3fd1f346-438b-444d-b060-2d80056b8ec6:c091b2f9-332c-4c7a-ba4e-8f947b2f5e3d,たこ焼らいちゃん,たこ焼らいちゃん,"〒541-0042 Imabashi, 2 Chome−2−17 グロース北浜ビルディング(今川ビル)B1F",postcode_and_partial,34.69032096862793,135.5057144165039,541-0042,"Imabashi, 2 Chome−2−17 グロース北浜ビルディング(今川ビル)B1F",大阪市中央区,restaurant,0.9578217208385468,
neg:59ec2424-d31d-4d57-9598-06cb174deee7:deb3a48f-d61d-42a3-bda8-198308cee84b,CoCo Ichibanya,CoCo Ichibanya,〒180-0004 吉祥寺本町1-4-15,postcode_and_partial,35.7034969329834,139.5785140991211,180-0004,吉祥寺本町1-4-15,武蔵野市,bar,0.77,
neg:238d53c1-9103-4c46-b8da-b917083255ae:fb778e4f-ec67-4ca3-8c57-69eeb9878b8b,アンミッカル,アンミッカル,〒150-0042 東京都渋谷区宇田川町26−11,prefecture_and_postcode,35.66013526916504,139.69904327392578,150-0042,東京都渋谷区宇田川町２６−１１,渋谷区,cafe,0.860430121421814,
neg:dbd997d6-2e2e-4c57-81ae-24b11631de4a:2e1cf326-b154-47bf-bb04-684c036ae58a,よりあいの森 いちにちカフェ,よりあいの森 いちにちカフェ,〒140-0014 東京都品川区大井4丁目2−1,prefecture_and_postcode,35.60415267944336,139.73352813720703,140-0014,東京都品川区大井４丁目２−１,品川区,restaurant,0.786200761795044,
neg:cd1f32ca-0132-4ccb-9a39-7279b7d88a71:b785194d-c33e-452e-9cd9-df10a6a43e60,モンキーのいるレストラン&Bar,モンキーのいるレストラン&Bar,〒086-1653 標津町南3条西1丁目1-7,postcode_and_partial,43.65666198730469,145.13288116455078,086-1653,標津町南3条西1丁目1-7,標津郡標津町,restaurant,0.5179657340049744,
neg:bd413c0c-80ce-4b23-8311-e29de06f2c46:6ea10109-50cf-4667-b797-c8ae060ff94a,VIN Lazo（ヴィンラーソ）,VIN Lazo(ヴィンラーソ),〒290-0062 千葉県市原市八幡997−7,prefecture_and_postcode,35.5353946685791,140.11811065673828,290-0062,千葉県市原市八幡９９７−７,市原市,restaurant,0.9946654725074768,
neg:29e70a9a-19d0-4442-a27b-cbebebc07109:4cf10d8f-b667-4fcb-bc70-52d7c0eebd37,虎の羽,虎の羽,〒840-0826 白山1丁目1-8,postcode_and_partial,33.254873275756836,130.29898834228516,840-0826,白山1丁目1-8 ,佐賀市,restaurant,0.7009941339492798,
neg:f73fbe39-562d-48e0-8ada-faa287fa6d7f:272ebec3-7185-4580-b164-ad530b569d0f,大むら,大むら,〒420-0033 静岡県静岡市葵区昭和町10−1,prefecture_and_postcode,34.9710807800293,138.38410186767578,420-0033,静岡県静岡市葵区昭和町１０−１,静岡市葵区,restaurant,0.925901472568512,
neg:8bdabb22-c4aa-4431-a885-066b9804b933:426a4240-a918-4bea-99b7-18e289cec27a,希望軒泉南店,希望軒泉南店,〒299-1607 千葉県富津市湊1231−1,prefecture_and_postcode,35.23568534851074,139.88558197021484,299-1607,千葉県富津市湊１２３１−１,富津市,cafe,0.9958543640375137,
neg:d35d1461-a6f8-47a1-9499-306631467dfd:1aab5874-5ecb-4545-a454-d087a5fd103b,鮨処三楽,鮨処三楽,〒253-0011 神奈川県茅ヶ崎市菱沼3丁目1−37,prefecture_and_postcode,35.34169578552246,139.4363021850586,253-0011,神奈川県茅ヶ崎市菱沼３丁目１−３７,茅ヶ崎市,restaurant,0.9953404521942139,
neg:78786262-ea96-45e4-b62c-fd517934791f:f7618e30-a5fb-43bf-af0e-c2de171dc401,たまらん,たまらん,〒330-0846 さいたま市大宮区大門町2-25-2野原ビル2階,postcode_and_partial,35.70271110534668,139.74352264404297,330-0846,さいたま市大宮区大門町2-25-2野原ビル2階,新宿区,restaurant,0.9884576088190079,
neg:8dd54fc6-9958-445c-9b17-62641c10dfb2:30bb9531-72f5-444f-83de-b1aeba527eca,ゆたかベーカリー,ゆたかベーカリー,〒135-0051 東京都江東区枝川3丁目10−8,prefecture_and_postcode,35.66050148010254,139.8127670288086,135-0051,東京都江東区枝川３丁目１０−８,江東区,restaurant,0.8377788662910461,
neg:bfe27a36-0897-4a44-8567-4a21daf56350:e9973041-c272-4e18-85a9-d528bd61b7b4,ペッティロッソ,ペッティロッソ,〒325-0303 栃木県那須郡那須町高久乙796-10,prefecture_and_postcode,37.04015922546387,140.00962829589844,325-0303,栃木県那須郡那須町高久乙796-10,那須郡那須町,restaurant,0.6270735263824463,
neg:43d31bf8-99f3-444a-9d85-522ae3104c8f:303cec12-c24f-4096-a4cd-1108e03fb790,味ひろ,味ひろ,〒169-0075 高田馬場4-7-5,postcode_and_partial,35.71347236633301,139.70388793945312,169-0075,高田馬場4-7-5,新宿区,cafe,0.77,
neg:c9c4dc92-c55c-40dc-97e6-77fc9f92f91e:862f9ec2-be53-4176-9e70-ee70a0d50ded,AtelierChocolate_Entre,AtelierChocolate_Entre,〒879-5102 2939-4 Yufuincho Kawakami,postcode_and_partial,33.26369285583496,131.35698699951172,879-5102,2939-4 Yufuincho Kawakami,由布市,casual_eatery,0.973196804523468,
neg:96531b27-5cb0-4238-8b86-3fcd54ccd04a:7b32fce6-f7dc-4237-be3d-1950f0be5025,あかねのごはん,あかねのごはん,〒650-0022 兵庫県神戸市中央区元町通1丁目9−8,prefecture_and_postcode,34.68906593322754,135.18871307373047,650-0022,兵庫県神戸市中央区元町通１丁目９−８,神戸市中央区,restaurant,0.9688924551010132,
neg:66e334ee-69dc-4ac1-a6cc-6f1566251d29:82b74f80-908e-4a1d-8590-41b018d3fe30,しゃぶ葉,しゃぶ葉,沖縄県,prefecture_only,26.210268020629883,127.7056884765625,,沖縄県,那覇市,,0.871950626373291,
neg:3c563409-bf2f-462c-97a2-e8de2ee56359:6c33174b-7432-41f2-8933-801659d67f5c,おさかなセンターイチノイチ仙台駅前店,おさかなセンターイチノイチ仙台駅前店,〒646-0038 和歌山県田辺市末広町4−23,prefecture_and_postcode,33.7255802154541,135.37921905517578,646-0038,和歌山県田辺市末広町４−２３,田辺市,cafe,0.9960492247343063,
neg:61a26c0f-95ed-47c7-bbbf-36bda102dba9:1a4285ef-29c8-4f65-abb6-d51cd74a5e81,やじきた食堂,やじきた食堂,〒180-0004 東京都武蔵野市吉祥寺本町1丁目31−4,prefecture_and_postcode,35.7038516998291,139.58240509033203,180-0004,東京都武蔵野市吉祥寺本町１丁目３１−４,武蔵野市,restaurant,0.9982471859455109,
neg:cde0defa-7c95-4a4e-9e44-c1662b8cb0ca:6ea10109-50cf-4667-b797-c8ae060ff94a,VIN Lazo（ヴィンラーソ）,VIN Lazo(ヴィンラーソ),〒224-0032 神奈川県横浜市都筑区茅ケ崎中央5−1,prefecture_and_postcode,35.54422187805176,139.57223510742188,224-0032,神奈川県横浜市都筑区茅ケ崎中央５−１,横浜市都筑区,restaurant,0.9841774731874466,
neg:05527e33-77b7-4b11-b147-48b3cab94391:66cc3f3d-48b4-41e7-9278-89c97ba8c79f,マクドナルド,マクドナルド,〒693-0054 浜町1665,postcode_and_partial,35.37454414367676,132.7218246459961,693-0054,浜町1665,出雲市,casual_eatery,0.77,
neg:a0a4157a-88a8-404b-9a12-d1113fb1f990:8ab853be-626a-4d14-8f8b-29100f9d1834,壱花,壱花,〒604-8414 中京区西ノ京小倉町4-11,postcode_and_partial,35.008615493774414,135.73992156982422,604-8414,中京区西ノ京小倉町4-11,京都市中京区,restaurant,0.9802121937274932,
neg:87c8ed5b-dc56-476d-b764-b32763f5d5a2:c93bcbf5-c7f8-42ec-85db-848057f657c5,ArinCo,ArinCo,〒105-0004 新橋4-31-6,postcode_and_partial,35.6646842956543,139.75342559814453,105-0004,新橋4-31-6,港区,restaurant,0.77,
neg:0511ae57-cf4f-42d2-addd-0d397e07d644:766a356c-66ff-46ab-9fac-4b034999c416,炭火鮨肴,炭火鮨肴,〒047-0023 北海道小樽市最上2丁目16−21,prefecture_and_postcode,43.17824745178223,140.97405242919922,047-0023,北海道小樽市最上２丁目１６−２１,小樽市,restaurant,0.7722523808479309,
neg:651aa261-83a4-4e3d-be91-b9bfb8357fac:97a39b14-8ea9-45d2-9ca2-1aa0fc272de0,張,張,〒123-0843 東京都足立区西新井栄町1丁目17−1,prefecture_and_postcode,35.77567672729492,139.78894805908203,123-0843,東京都足立区西新井栄町１丁目１７−１,足立区,restaurant,0.9890861558914185,
neg:b2343c73-587d-4ed4-b98d-ba992b135ef4:5794eab2-bde1-446d-a552-487cad161c9e,万葉・居酒屋,万葉・居酒屋,〒675-0131 兵庫県加古川市別府町新野辺386,prefecture_and_postcode,34.74086570739746,134.84117889404297,675-0131,兵庫県加古川市別府町新野辺３８６,加古川市,restaurant,0.9661149942874908,
neg:951bff3d-9034-4527-9f78-e32b6c6cc4e6:1052626e-a005-4869-b2da-e091c9dd7ed7,中華蕎麦 こばや,中華蕎麦 こばや,〒930-0275 富山県中新川郡立山町利田1765−5,prefecture_and_postcode,36.68128776550293,137.30016326904297,930-0275,富山県中新川郡立山町利田１７６５−５,中新川郡立山町,casual_eatery,0.9266180396080017,
neg:203179e2-fea9-4c35-a23e-294569c788c1:ffab67c7-e2a6-4a0a-9d02-2c7e28ad0107,みゆう,みゆう,〒282-8601 古込1-1,postcode_and_partial,35.77217674255371,140.3899917602539,282-8601,古込1-1,Narita,non_alcoholic_beverage_venue,0.77,
neg:dfa9ab63-83d0-47f1-a552-f94c78c1b548:44e8f9e7-9f14-440f-b884-d695bb20ac80,パティスリー・トゥーストゥース 本店,パティスリー・トゥーストゥース 本店,〒761-4402 香川県小豆郡小豆島町福田甲718−1,prefecture_and_postcode,34.54504585266113,134.34151458740234,761-4402,香川県小豆郡小豆島町福田甲７１８−１,小豆郡小豆島町,restaurant,0.8880976438522339,
neg:f5299423-0935-4956-8780-5f3b169e3a6c:1d732d96-1146-4ad0-bc43-2c99f9e8aaf7,【湖の見えるフード館】どんぶり,【湖の見えるフード館】どんぶり,〒107-0052 赤坂3-20-9,postcode_and_partial,35.67620086669922,139.73613739013672,107-0052,赤坂3-20-9,港区,bar,0.77,
neg:182146f4-f9ed-4830-a5ca-f824b9f61b61:505d3d44-3b29-4916-8093-b116d8a4f1df,BISTROT KANON,BISTROT KANON,〒810-0041 福岡県福岡市中央区大名1丁目12−56,prefecture_and_postcode,33.58834648132324,130.39583587646484,810-0041,福岡県福岡市中央区大名１丁目１２−５６,福岡市中央区,bar,0.8395353555679321,
neg:5175c22b-8357-4be4-ba5b-b94d5fea62bd:09f9ecdb-fb27-4a0e-93b3-e8fd2c53af4a,八剣伝小平駅前店,八剣伝小平駅前店,〒101-0061 三崎町2丁目19-8,postcode_and_partial,35.70162010192871,139.75263214111328,101-0061,三崎町2丁目19-8,千代田区,restaurant,0.4958745241165161,
neg:fd852be0-0f25-4fa8-9911-c616522b9224:dc7ede78-31d4-428f-bc5d-03596ee384cb,琉美,琉美,〒014-0026 秋田県大仙市大曲丸の内町7−14,prefecture_and_postcode,39.46227264404297,140.4776840209961,014-0026,秋田県大仙市大曲丸の内町７−１４,大仙市,restaurant,0.5832374095916748,
